--
-- PostgreSQL database dump
--

-- Dumped from database version 14.2
-- Dumped by pg_dump version 14.2

SET statement_timeout = 0;
SET lock_timeout = 0;
SET idle_in_transaction_session_timeout = 0;
SET client_encoding = 'UTF8';
SET standard_conforming_strings = on;
SELECT pg_catalog.set_config('search_path', '', false);
SET check_function_bodies = false;
SET xmloption = content;
SET client_min_messages = warning;
SET row_security = off;

SET default_tablespace = '';

SET default_table_access_method = heap;

--
-- Name: ActuatorParams; Type: TABLE; Schema: public; Owner: postgres
--

CREATE TABLE public."ActuatorParams" (
    "Id" integer NOT NULL,
    "TagId" integer NOT NULL,
    "_CreateProjectVersionNum" bigint,
    "_DeleteProjectVersionNum" bigint,
    "_IsDeleted" boolean NOT NULL,
    "_LastChangeUser" text NOT NULL,
    "_LastChangeTimeUtc" timestamp with time zone NOT NULL,
    "ParamName" text NOT NULL,
    "Value" text NOT NULL,
    "Eu" text NOT NULL,
    "ParamInfoId" integer
);


ALTER TABLE public."ActuatorParams" OWNER TO postgres;

--
-- Name: ActuatorParams_Id_seq; Type: SEQUENCE; Schema: public; Owner: postgres
--

ALTER TABLE public."ActuatorParams" ALTER COLUMN "Id" ADD GENERATED BY DEFAULT AS IDENTITY (
    SEQUENCE NAME public."ActuatorParams_Id_seq"
    START WITH 1
    INCREMENT BY 1
    NO MINVALUE
    NO MAXVALUE
    CACHE 1
);


--
-- Name: BaseActuatorDbFileReferences; Type: TABLE; Schema: public; Owner: postgres
--

CREATE TABLE public."BaseActuatorDbFileReferences" (
    "Id" integer NOT NULL,
    "BaseActuatorId" integer NOT NULL,
    "_CreateProjectVersionNum" bigint,
    "_DeleteProjectVersionNum" bigint,
    "_IsDeleted" boolean NOT NULL,
    "_LastChangeUser" text NOT NULL,
    "_LastChangeTimeUtc" timestamp with time zone NOT NULL,
    "FileName" text NOT NULL,
    "DbFileId" integer NOT NULL
);


ALTER TABLE public."BaseActuatorDbFileReferences" OWNER TO postgres;

--
-- Name: BaseActuatorDbFileReferences_Id_seq; Type: SEQUENCE; Schema: public; Owner: postgres
--

ALTER TABLE public."BaseActuatorDbFileReferences" ALTER COLUMN "Id" ADD GENERATED BY DEFAULT AS IDENTITY (
    SEQUENCE NAME public."BaseActuatorDbFileReferences_Id_seq"
    START WITH 1
    INCREMENT BY 1
    NO MINVALUE
    NO MAXVALUE
    CACHE 1
);


--
-- Name: BaseActuatorParams; Type: TABLE; Schema: public; Owner: postgres
--

CREATE TABLE public."BaseActuatorParams" (
    "Id" integer NOT NULL,
    "BaseActuatorId" integer NOT NULL,
    "_CreateProjectVersionNum" bigint,
    "_DeleteProjectVersionNum" bigint,
    "_IsDeleted" boolean NOT NULL,
    "_LastChangeUser" text NOT NULL,
    "_LastChangeTimeUtc" timestamp with time zone NOT NULL,
    "ParamName" text NOT NULL,
    "Value" text NOT NULL,
    "Eu" text NOT NULL,
    "ParamInfoId" integer
);


ALTER TABLE public."BaseActuatorParams" OWNER TO postgres;

--
-- Name: BaseActuatorParams_Id_seq; Type: SEQUENCE; Schema: public; Owner: postgres
--

ALTER TABLE public."BaseActuatorParams" ALTER COLUMN "Id" ADD GENERATED BY DEFAULT AS IDENTITY (
    SEQUENCE NAME public."BaseActuatorParams_Id_seq"
    START WITH 1
    INCREMENT BY 1
    NO MINVALUE
    NO MAXVALUE
    CACHE 1
);


--
-- Name: BaseActuatorTypes; Type: TABLE; Schema: public; Owner: postgres
--

CREATE TABLE public."BaseActuatorTypes" (
    "Id" integer NOT NULL,
    "Type" text NOT NULL,
    "Desc" text NOT NULL
);


ALTER TABLE public."BaseActuatorTypes" OWNER TO postgres;

--
-- Name: BaseActuatorTypes_Id_seq; Type: SEQUENCE; Schema: public; Owner: postgres
--

ALTER TABLE public."BaseActuatorTypes" ALTER COLUMN "Id" ADD GENERATED BY DEFAULT AS IDENTITY (
    SEQUENCE NAME public."BaseActuatorTypes_Id_seq"
    START WITH 1
    INCREMENT BY 1
    NO MINVALUE
    NO MAXVALUE
    CACHE 1
);


--
-- Name: BaseActuators; Type: TABLE; Schema: public; Owner: postgres
--

CREATE TABLE public."BaseActuators" (
    "Id" integer NOT NULL,
    "Title" text NOT NULL,
    "Code" text NOT NULL,
    "Manufacturer" text NOT NULL,
    "Desc" text NOT NULL,
    "_LockedByUser" text NOT NULL,
    "BaseActuatorTypeId" integer NOT NULL,
    "ProjectId" integer NOT NULL,
    "_CreateProjectVersionNum" bigint,
    "_DeleteProjectVersionNum" bigint,
    "_IsDeleted" boolean NOT NULL,
    "_LastChangeUser" text NOT NULL,
    "_LastChangeTimeUtc" timestamp with time zone NOT NULL
);


ALTER TABLE public."BaseActuators" OWNER TO postgres;

--
-- Name: BaseActuators_Id_seq; Type: SEQUENCE; Schema: public; Owner: postgres
--

ALTER TABLE public."BaseActuators" ALTER COLUMN "Id" ADD GENERATED BY DEFAULT AS IDENTITY (
    SEQUENCE NAME public."BaseActuators_Id_seq"
    START WITH 1
    INCREMENT BY 1
    NO MINVALUE
    NO MAXVALUE
    CACHE 1
);


--
-- Name: CauseResults; Type: TABLE; Schema: public; Owner: postgres
--

CREATE TABLE public."CauseResults" (
    "Id" integer NOT NULL,
    "Num" integer NOT NULL,
    "TriggeredTimeUtc" timestamp with time zone,
    "CeMatrixResultId" integer NOT NULL
);


ALTER TABLE public."CauseResults" OWNER TO postgres;

--
-- Name: CauseResults_Id_seq; Type: SEQUENCE; Schema: public; Owner: postgres
--

ALTER TABLE public."CauseResults" ALTER COLUMN "Id" ADD GENERATED BY DEFAULT AS IDENTITY (
    SEQUENCE NAME public."CauseResults_Id_seq"
    START WITH 1
    INCREMENT BY 1
    NO MINVALUE
    NO MAXVALUE
    CACHE 1
);


--
-- Name: Causes; Type: TABLE; Schema: public; Owner: postgres
--

CREATE TABLE public."Causes" (
    "Id" integer NOT NULL,
    "Num" integer NOT NULL,
    "CeMatrixId" integer NOT NULL,
    "_CreateProjectVersionNum" bigint,
    "_DeleteProjectVersionNum" bigint,
    "_IsDeleted" boolean NOT NULL,
    "_LastChangeUser" text NOT NULL,
    "_LastChangeTimeUtc" timestamp with time zone NOT NULL
);


ALTER TABLE public."Causes" OWNER TO postgres;

--
-- Name: Causes_Id_seq; Type: SEQUENCE; Schema: public; Owner: postgres
--

ALTER TABLE public."Causes" ALTER COLUMN "Id" ADD GENERATED BY DEFAULT AS IDENTITY (
    SEQUENCE NAME public."Causes_Id_seq"
    START WITH 1
    INCREMENT BY 1
    NO MINVALUE
    NO MAXVALUE
    CACHE 1
);


--
-- Name: CeMatrices; Type: TABLE; Schema: public; Owner: postgres
--

CREATE TABLE public."CeMatrices" (
    "Id" integer NOT NULL,
    "Title" text NOT NULL,
    "Desc" text NOT NULL,
    "_LockedByUser" text NOT NULL,
    "ProjectId" integer NOT NULL,
    "_CreateProjectVersionNum" bigint,
    "_DeleteProjectVersionNum" bigint,
    "_IsDeleted" boolean NOT NULL,
    "_LastChangeUser" text NOT NULL,
    "_LastChangeTimeUtc" timestamp with time zone NOT NULL
);


ALTER TABLE public."CeMatrices" OWNER TO postgres;

--
-- Name: CeMatrices_Id_seq; Type: SEQUENCE; Schema: public; Owner: postgres
--

ALTER TABLE public."CeMatrices" ALTER COLUMN "Id" ADD GENERATED BY DEFAULT AS IDENTITY (
    SEQUENCE NAME public."CeMatrices_Id_seq"
    START WITH 1
    INCREMENT BY 1
    NO MINVALUE
    NO MAXVALUE
    CACHE 1
);


--
-- Name: CeMatrixDbFileReferences; Type: TABLE; Schema: public; Owner: postgres
--

CREATE TABLE public."CeMatrixDbFileReferences" (
    "Id" integer NOT NULL,
    "CeMatrixId" integer NOT NULL,
    "_CreateProjectVersionNum" bigint,
    "_DeleteProjectVersionNum" bigint,
    "_IsDeleted" boolean NOT NULL,
    "_LastChangeUser" text NOT NULL,
    "_LastChangeTimeUtc" timestamp with time zone NOT NULL,
    "FileName" text NOT NULL,
    "DbFileId" integer NOT NULL
);


ALTER TABLE public."CeMatrixDbFileReferences" OWNER TO postgres;

--
-- Name: CeMatrixDbFileReferences_Id_seq; Type: SEQUENCE; Schema: public; Owner: postgres
--

ALTER TABLE public."CeMatrixDbFileReferences" ALTER COLUMN "Id" ADD GENERATED BY DEFAULT AS IDENTITY (
    SEQUENCE NAME public."CeMatrixDbFileReferences_Id_seq"
    START WITH 1
    INCREMENT BY 1
    NO MINVALUE
    NO MAXVALUE
    CACHE 1
);


--
-- Name: CeMatrixParams; Type: TABLE; Schema: public; Owner: postgres
--

CREATE TABLE public."CeMatrixParams" (
    "Id" integer NOT NULL,
    "CeMatrixId" integer NOT NULL,
    "_CreateProjectVersionNum" bigint,
    "_DeleteProjectVersionNum" bigint,
    "_IsDeleted" boolean NOT NULL,
    "_LastChangeUser" text NOT NULL,
    "_LastChangeTimeUtc" timestamp with time zone NOT NULL,
    "ParamName" text NOT NULL,
    "Value" text NOT NULL,
    "Eu" text NOT NULL,
    "ParamInfoId" integer
);


ALTER TABLE public."CeMatrixParams" OWNER TO postgres;

--
-- Name: CeMatrixParams_Id_seq; Type: SEQUENCE; Schema: public; Owner: postgres
--

ALTER TABLE public."CeMatrixParams" ALTER COLUMN "Id" ADD GENERATED BY DEFAULT AS IDENTITY (
    SEQUENCE NAME public."CeMatrixParams_Id_seq"
    START WITH 1
    INCREMENT BY 1
    NO MINVALUE
    NO MAXVALUE
    CACHE 1
);


--
-- Name: CeMatrixResuls; Type: TABLE; Schema: public; Owner: postgres
--

CREATE TABLE public."CeMatrixResuls" (
    "Id" integer NOT NULL,
    "CeMatrixId" integer,
    "ProjectVersionNum" bigint,
    "ResultId" integer NOT NULL
);


ALTER TABLE public."CeMatrixResuls" OWNER TO postgres;

--
-- Name: CeMatrixResuls_Id_seq; Type: SEQUENCE; Schema: public; Owner: postgres
--

ALTER TABLE public."CeMatrixResuls" ALTER COLUMN "Id" ADD GENERATED BY DEFAULT AS IDENTITY (
    SEQUENCE NAME public."CeMatrixResuls_Id_seq"
    START WITH 1
    INCREMENT BY 1
    NO MINVALUE
    NO MAXVALUE
    CACHE 1
);


--
-- Name: DbFile; Type: TABLE; Schema: public; Owner: postgres
--

CREATE TABLE public."DbFile" (
    "Id" integer NOT NULL,
    "FileLastWriteTimeUtc" timestamp with time zone NOT NULL,
    "FileDeletionTimeUtc" timestamp with time zone,
    "FileName" text NOT NULL,
    "Data" bytea NOT NULL,
    "ProjectVersionId" integer,
    "ResultId" integer
);


ALTER TABLE public."DbFile" OWNER TO postgres;

--
-- Name: DbFile_Id_seq; Type: SEQUENCE; Schema: public; Owner: postgres
--

ALTER TABLE public."DbFile" ALTER COLUMN "Id" ADD GENERATED BY DEFAULT AS IDENTITY (
    SEQUENCE NAME public."DbFile_Id_seq"
    START WITH 1
    INCREMENT BY 1
    NO MINVALUE
    NO MAXVALUE
    CACHE 1
);


--
-- Name: EffectResults; Type: TABLE; Schema: public; Owner: postgres
--

CREATE TABLE public."EffectResults" (
    "Id" integer NOT NULL,
    "Num" integer NOT NULL,
    "TagName" text NOT NULL,
    "TagConditionString" text NOT NULL,
    "TagConditionString_SymbolToDisplay" text NOT NULL,
    "CustomFieldValues" text NOT NULL,
    "TriggeredType" integer NOT NULL,
    "TriggeredTimeUtc" timestamp with time zone,
    "MaxDelayMs" numeric(20,0) NOT NULL,
    "CeMatrixResultId" integer NOT NULL
);


ALTER TABLE public."EffectResults" OWNER TO postgres;

--
-- Name: EffectResults_Id_seq; Type: SEQUENCE; Schema: public; Owner: postgres
--

ALTER TABLE public."EffectResults" ALTER COLUMN "Id" ADD GENERATED BY DEFAULT AS IDENTITY (
    SEQUENCE NAME public."EffectResults_Id_seq"
    START WITH 1
    INCREMENT BY 1
    NO MINVALUE
    NO MAXVALUE
    CACHE 1
);


--
-- Name: Effects; Type: TABLE; Schema: public; Owner: postgres
--

CREATE TABLE public."Effects" (
    "Id" integer NOT NULL,
    "Num" integer NOT NULL,
    "TagName" text NOT NULL,
    "TagConditionString" text NOT NULL,
    "TagConditionString_SymbolToDisplay" text NOT NULL,
    "CustomFieldValues" text NOT NULL,
    "CeMatrixId" integer NOT NULL,
    "_CreateProjectVersionNum" bigint,
    "_DeleteProjectVersionNum" bigint,
    "_IsDeleted" boolean NOT NULL,
    "_LastChangeUser" text NOT NULL,
    "_LastChangeTimeUtc" timestamp with time zone NOT NULL
);


ALTER TABLE public."Effects" OWNER TO postgres;

--
-- Name: Effects_Id_seq; Type: SEQUENCE; Schema: public; Owner: postgres
--

ALTER TABLE public."Effects" ALTER COLUMN "Id" ADD GENERATED BY DEFAULT AS IDENTITY (
    SEQUENCE NAME public."Effects_Id_seq"
    START WITH 1
    INCREMENT BY 1
    NO MINVALUE
    NO MAXVALUE
    CACHE 1
);


--
-- Name: EngineeringUnits; Type: TABLE; Schema: public; Owner: postgres
--

CREATE TABLE public."EngineeringUnits" (
    "Id" integer NOT NULL,
    "Eu" text NOT NULL,
    "Desc" text NOT NULL
);


ALTER TABLE public."EngineeringUnits" OWNER TO postgres;

--
-- Name: EngineeringUnits_Id_seq; Type: SEQUENCE; Schema: public; Owner: postgres
--

ALTER TABLE public."EngineeringUnits" ALTER COLUMN "Id" ADD GENERATED BY DEFAULT AS IDENTITY (
    SEQUENCE NAME public."EngineeringUnits_Id_seq"
    START WITH 1
    INCREMENT BY 1
    NO MINVALUE
    NO MAXVALUE
    CACHE 1
);


--
-- Name: IntersectionResult; Type: TABLE; Schema: public; Owner: postgres
--

CREATE TABLE public."IntersectionResult" (
    "Id" integer NOT NULL,
    "CauseResultId" integer NOT NULL,
    "EffectResultId" integer NOT NULL,
    "TagConditionString_SymbolToDisplay" text NOT NULL,
    "TriggeredType" integer NOT NULL,
    "CeMatrixResultId" integer NOT NULL
);


ALTER TABLE public."IntersectionResult" OWNER TO postgres;

--
-- Name: IntersectionResult_Id_seq; Type: SEQUENCE; Schema: public; Owner: postgres
--

ALTER TABLE public."IntersectionResult" ALTER COLUMN "Id" ADD GENERATED BY DEFAULT AS IDENTITY (
    SEQUENCE NAME public."IntersectionResult_Id_seq"
    START WITH 1
    INCREMENT BY 1
    NO MINVALUE
    NO MAXVALUE
    CACHE 1
);


--
-- Name: Intersections; Type: TABLE; Schema: public; Owner: postgres
--

CREATE TABLE public."Intersections" (
    "Id" integer NOT NULL,
    "TagConditionString_SymbolToDisplay" text NOT NULL,
    "CauseId" integer NOT NULL,
    "EffectId" integer NOT NULL,
    "CeMatrixId" integer NOT NULL,
    "_CreateProjectVersionNum" bigint,
    "_DeleteProjectVersionNum" bigint,
    "_IsDeleted" boolean NOT NULL,
    "_LastChangeUser" text NOT NULL,
    "_LastChangeTimeUtc" timestamp with time zone NOT NULL
);


ALTER TABLE public."Intersections" OWNER TO postgres;

--
-- Name: Intersections_Id_seq; Type: SEQUENCE; Schema: public; Owner: postgres
--

ALTER TABLE public."Intersections" ALTER COLUMN "Id" ADD GENERATED BY DEFAULT AS IDENTITY (
    SEQUENCE NAME public."Intersections_Id_seq"
    START WITH 1
    INCREMENT BY 1
    NO MINVALUE
    NO MAXVALUE
    CACHE 1
);


--
-- Name: Jobs; Type: TABLE; Schema: public; Owner: postgres
--

CREATE TABLE public."Jobs" (
    "Id" integer NOT NULL,
    "Guid" text NOT NULL,
    "Name" text NOT NULL,
    "IsSuccess" boolean NOT NULL,
    "Message" text NOT NULL,
    "Status" integer NOT NULL
);


ALTER TABLE public."Jobs" OWNER TO postgres;

--
-- Name: Jobs_Id_seq; Type: SEQUENCE; Schema: public; Owner: postgres
--

ALTER TABLE public."Jobs" ALTER COLUMN "Id" ADD GENERATED BY DEFAULT AS IDENTITY (
    SEQUENCE NAME public."Jobs_Id_seq"
    START WITH 1
    INCREMENT BY 1
    NO MINVALUE
    NO MAXVALUE
    CACHE 1
);


--
-- Name: Offices; Type: TABLE; Schema: public; Owner: postgres
--

CREATE TABLE public."Offices" (
    "Id" integer NOT NULL,
    "Title" text NOT NULL
);


ALTER TABLE public."Offices" OWNER TO postgres;

--
-- Name: Offices_Id_seq; Type: SEQUENCE; Schema: public; Owner: postgres
--

ALTER TABLE public."Offices" ALTER COLUMN "Id" ADD GENERATED BY DEFAULT AS IDENTITY (
    SEQUENCE NAME public."Offices_Id_seq"
    START WITH 1
    INCREMENT BY 1
    NO MINVALUE
    NO MAXVALUE
    CACHE 1
);


--
-- Name: ParamInfos; Type: TABLE; Schema: public; Owner: postgres
--

CREATE TABLE public."ParamInfos" (
    "Id" integer NOT NULL,
    "ParamName" text NOT NULL,
    "ObjectType" text NOT NULL,
    "Desc" text NOT NULL,
    "BaseActuatorTypeId" integer
);


ALTER TABLE public."ParamInfos" OWNER TO postgres;

--
-- Name: ParamInfos_Id_seq; Type: SEQUENCE; Schema: public; Owner: postgres
--

ALTER TABLE public."ParamInfos" ALTER COLUMN "Id" ADD GENERATED BY DEFAULT AS IDENTITY (
    SEQUENCE NAME public."ParamInfos_Id_seq"
    START WITH 1
    INCREMENT BY 1
    NO MINVALUE
    NO MAXVALUE
    CACHE 1
);


--
-- Name: ProjectVersions; Type: TABLE; Schema: public; Owner: postgres
--

CREATE TABLE public."ProjectVersions" (
    "Id" integer NOT NULL,
    "VersionNum" bigint NOT NULL,
    "TimeUtc" timestamp with time zone NOT NULL,
    "User" text NOT NULL,
    "Comment" text NOT NULL,
    "ProjectId" integer NOT NULL
);


ALTER TABLE public."ProjectVersions" OWNER TO postgres;

--
-- Name: ProjectVersions_Id_seq; Type: SEQUENCE; Schema: public; Owner: postgres
--

ALTER TABLE public."ProjectVersions" ALTER COLUMN "Id" ADD GENERATED BY DEFAULT AS IDENTITY (
    SEQUENCE NAME public."ProjectVersions_Id_seq"
    START WITH 1
    INCREMENT BY 1
    NO MINVALUE
    NO MAXVALUE
    CACHE 1
);


--
-- Name: Projects; Type: TABLE; Schema: public; Owner: postgres
--

CREATE TABLE public."Projects" (
    "Id" integer NOT NULL,
    "Title" text NOT NULL,
    "Desc" text NOT NULL,
    "Comment" text NOT NULL,
    "ActiveProjectVersionId" integer,
    "LastProjectVersionId" integer,
    "UnitId" integer NOT NULL,
    "_IsDeleted" boolean NOT NULL,
    "_LastChangeUser" text NOT NULL,
    "_LastChangeTimeUtc" timestamp with time zone NOT NULL
);


ALTER TABLE public."Projects" OWNER TO postgres;

--
-- Name: Projects_Id_seq; Type: SEQUENCE; Schema: public; Owner: postgres
--

ALTER TABLE public."Projects" ALTER COLUMN "Id" ADD GENERATED BY DEFAULT AS IDENTITY (
    SEQUENCE NAME public."Projects_Id_seq"
    START WITH 1
    INCREMENT BY 1
    NO MINVALUE
    NO MAXVALUE
    CACHE 1
);


--
-- Name: ResultEvent; Type: TABLE; Schema: public; Owner: postgres
--

CREATE TABLE public."ResultEvent" (
    "Id" integer NOT NULL,
    "Num" integer NOT NULL,
    "TagName" text NOT NULL,
    "Type" integer NOT NULL,
    "TagConditionString" text NOT NULL,
    "TriggeredType" integer NOT NULL,
    "TriggeredTimeUtc" timestamp with time zone NOT NULL,
    "ResultId" integer NOT NULL
);


ALTER TABLE public."ResultEvent" OWNER TO postgres;

--
-- Name: ResultEvent_Id_seq; Type: SEQUENCE; Schema: public; Owner: postgres
--

ALTER TABLE public."ResultEvent" ALTER COLUMN "Id" ADD GENERATED BY DEFAULT AS IDENTITY (
    SEQUENCE NAME public."ResultEvent_Id_seq"
    START WITH 1
    INCREMENT BY 1
    NO MINVALUE
    NO MAXVALUE
    CACHE 1
);


--
-- Name: Results; Type: TABLE; Schema: public; Owner: postgres
--

CREATE TABLE public."Results" (
    "Id" integer NOT NULL,
    "Title" text NOT NULL,
    "Desc" text NOT NULL,
    "Comment" text NOT NULL,
    "AlalyzeTimeUtc" timestamp with time zone NOT NULL,
    "StartTimeUtc" timestamp with time zone NOT NULL,
    "EndTimeUtc" timestamp with time zone NOT NULL,
    "UnitId" integer NOT NULL
);


ALTER TABLE public."Results" OWNER TO postgres;

--
-- Name: Results_Id_seq; Type: SEQUENCE; Schema: public; Owner: postgres
--

ALTER TABLE public."Results" ALTER COLUMN "Id" ADD GENERATED BY DEFAULT AS IDENTITY (
    SEQUENCE NAME public."Results_Id_seq"
    START WITH 1
    INCREMENT BY 1
    NO MINVALUE
    NO MAXVALUE
    CACHE 1
);


--
-- Name: Section; Type: TABLE; Schema: public; Owner: postgres
--

CREATE TABLE public."Section" (
    "Id" integer NOT NULL,
    "Title" text NOT NULL,
    "Level" integer NOT NULL,
    "Calculation" text NOT NULL,
    "ParentSectionId" integer,
    "AlarmLevel" integer NOT NULL,
    "AlarmOpacity" double precision NOT NULL,
    "K" double precision NOT NULL,
    "UnitId" integer NOT NULL
);


ALTER TABLE public."Section" OWNER TO postgres;

--
-- Name: Section_Id_seq; Type: SEQUENCE; Schema: public; Owner: postgres
--

ALTER TABLE public."Section" ALTER COLUMN "Id" ADD GENERATED BY DEFAULT AS IDENTITY (
    SEQUENCE NAME public."Section_Id_seq"
    START WITH 1
    INCREMENT BY 1
    NO MINVALUE
    NO MAXVALUE
    CACHE 1
);


--
-- Name: SetActiveProjectVersionRequests; Type: TABLE; Schema: public; Owner: postgres
--

CREATE TABLE public."SetActiveProjectVersionRequests" (
    "Id" integer NOT NULL,
    "RequestedActiveProjectVersionId" integer NOT NULL,
    "RequestUser" text NOT NULL,
    "RequestMessage" text NOT NULL,
    "ReplyUser" text NOT NULL,
    "ReplyMessage" text NOT NULL,
    "Status" integer NOT NULL
);


ALTER TABLE public."SetActiveProjectVersionRequests" OWNER TO postgres;

--
-- Name: SetActiveProjectVersionRequests_Id_seq; Type: SEQUENCE; Schema: public; Owner: postgres
--

ALTER TABLE public."SetActiveProjectVersionRequests" ALTER COLUMN "Id" ADD GENERATED BY DEFAULT AS IDENTITY (
    SEQUENCE NAME public."SetActiveProjectVersionRequests_Id_seq"
    START WITH 1
    INCREMENT BY 1
    NO MINVALUE
    NO MAXVALUE
    CACHE 1
);


--
-- Name: SimUsers; Type: TABLE; Schema: public; Owner: postgres
--

CREATE TABLE public."SimUsers" (
    "Id" integer NOT NULL,
    "User" text NOT NULL,
    "Password" text NOT NULL,
    "ProviderName" text NOT NULL,
    "ProviderSubjectId" text NOT NULL,
    "IsActive" boolean NOT NULL,
    "FirstName" text NOT NULL,
    "LastName" text NOT NULL,
    "MiddleName" text NOT NULL,
    "PersonnelNumber" text NOT NULL,
    "OfficeId" integer NOT NULL,
    "Role" text NOT NULL
);


ALTER TABLE public."SimUsers" OWNER TO postgres;

--
-- Name: SimUsers_Id_seq; Type: SEQUENCE; Schema: public; Owner: postgres
--

ALTER TABLE public."SimUsers" ALTER COLUMN "Id" ADD GENERATED BY DEFAULT AS IDENTITY (
    SEQUENCE NAME public."SimUsers_Id_seq"
    START WITH 1
    INCREMENT BY 1
    NO MINVALUE
    NO MAXVALUE
    CACHE 1
);


--
-- Name: SubCause; Type: TABLE; Schema: public; Owner: postgres
--

CREATE TABLE public."SubCause" (
    "Id" integer NOT NULL,
    "Num" integer NOT NULL,
    "TagName" text NOT NULL,
    "TagConditionString" text NOT NULL,
    "TagConditionString_SymbolToDisplay" text NOT NULL,
    "CustomFieldValues" text NOT NULL,
    "CauseId" integer NOT NULL,
    "_CreateProjectVersionNum" bigint,
    "_DeleteProjectVersionNum" bigint,
    "_IsDeleted" boolean NOT NULL,
    "_LastChangeUser" text NOT NULL,
    "_LastChangeTimeUtc" timestamp with time zone NOT NULL
);


ALTER TABLE public."SubCause" OWNER TO postgres;

--
-- Name: SubCauseResult; Type: TABLE; Schema: public; Owner: postgres
--

CREATE TABLE public."SubCauseResult" (
    "Id" integer NOT NULL,
    "Num" integer NOT NULL,
    "TagName" text NOT NULL,
    "TagConditionString" text NOT NULL,
    "TagConditionString_SymbolToDisplay" text NOT NULL,
    "CustomFieldValues" text NOT NULL,
    "TriggeredTimeUtc" timestamp with time zone,
    "CauseResultId" integer NOT NULL
);


ALTER TABLE public."SubCauseResult" OWNER TO postgres;

--
-- Name: SubCauseResult_Id_seq; Type: SEQUENCE; Schema: public; Owner: postgres
--

ALTER TABLE public."SubCauseResult" ALTER COLUMN "Id" ADD GENERATED BY DEFAULT AS IDENTITY (
    SEQUENCE NAME public."SubCauseResult_Id_seq"
    START WITH 1
    INCREMENT BY 1
    NO MINVALUE
    NO MAXVALUE
    CACHE 1
);


--
-- Name: SubCause_Id_seq; Type: SEQUENCE; Schema: public; Owner: postgres
--

ALTER TABLE public."SubCause" ALTER COLUMN "Id" ADD GENERATED BY DEFAULT AS IDENTITY (
    SEQUENCE NAME public."SubCause_Id_seq"
    START WITH 1
    INCREMENT BY 1
    NO MINVALUE
    NO MAXVALUE
    CACHE 1
);


--
-- Name: TagConditionInfos; Type: TABLE; Schema: public; Owner: postgres
--

CREATE TABLE public."TagConditionInfos" (
    "Id" integer NOT NULL,
    "Identifier" text NOT NULL,
    "TagType" text NOT NULL,
    "Desc" text NOT NULL
);


ALTER TABLE public."TagConditionInfos" OWNER TO postgres;

--
-- Name: TagConditionInfos_Id_seq; Type: SEQUENCE; Schema: public; Owner: postgres
--

ALTER TABLE public."TagConditionInfos" ALTER COLUMN "Id" ADD GENERATED BY DEFAULT AS IDENTITY (
    SEQUENCE NAME public."TagConditionInfos_Id_seq"
    START WITH 1
    INCREMENT BY 1
    NO MINVALUE
    NO MAXVALUE
    CACHE 1
);


--
-- Name: TagConditions; Type: TABLE; Schema: public; Owner: postgres
--

CREATE TABLE public."TagConditions" (
    "Id" integer NOT NULL,
    "Identifier" text NOT NULL,
    "Value" text NOT NULL,
    "SymbolToDisplay" text NOT NULL,
    "CanBeCause" boolean NOT NULL,
    "CanBeEffect" boolean NOT NULL,
    "TagConditionInfoId" integer,
    "TagId" integer NOT NULL,
    "_CreateProjectVersionNum" bigint,
    "_DeleteProjectVersionNum" bigint,
    "_IsDeleted" boolean NOT NULL,
    "_LastChangeUser" text NOT NULL,
    "_LastChangeTimeUtc" timestamp with time zone NOT NULL
);


ALTER TABLE public."TagConditions" OWNER TO postgres;

--
-- Name: TagConditions_Id_seq; Type: SEQUENCE; Schema: public; Owner: postgres
--

ALTER TABLE public."TagConditions" ALTER COLUMN "Id" ADD GENERATED BY DEFAULT AS IDENTITY (
    SEQUENCE NAME public."TagConditions_Id_seq"
    START WITH 1
    INCREMENT BY 1
    NO MINVALUE
    NO MAXVALUE
    CACHE 1
);


--
-- Name: TagEvent; Type: TABLE; Schema: public; Owner: postgres
--

CREATE TABLE public."TagEvent" (
    "Id" integer NOT NULL,
    "EventTimeUtc" timestamp with time zone NOT NULL,
    "Value" text NOT NULL,
    "TagId" integer
);


ALTER TABLE public."TagEvent" OWNER TO postgres;

--
-- Name: TagEvent_Id_seq; Type: SEQUENCE; Schema: public; Owner: postgres
--

ALTER TABLE public."TagEvent" ALTER COLUMN "Id" ADD GENERATED BY DEFAULT AS IDENTITY (
    SEQUENCE NAME public."TagEvent_Id_seq"
    START WITH 1
    INCREMENT BY 1
    NO MINVALUE
    NO MAXVALUE
    CACHE 1
);


--
-- Name: TagParams; Type: TABLE; Schema: public; Owner: postgres
--

CREATE TABLE public."TagParams" (
    "Id" integer NOT NULL,
    "TagId" integer NOT NULL,
    "_CreateProjectVersionNum" bigint,
    "_DeleteProjectVersionNum" bigint,
    "_IsDeleted" boolean NOT NULL,
    "_LastChangeUser" text NOT NULL,
    "_LastChangeTimeUtc" timestamp with time zone NOT NULL,
    "ParamName" text NOT NULL,
    "Value" text NOT NULL,
    "Eu" text NOT NULL,
    "ParamInfoId" integer
);


ALTER TABLE public."TagParams" OWNER TO postgres;

--
-- Name: TagParams_Id_seq; Type: SEQUENCE; Schema: public; Owner: postgres
--

ALTER TABLE public."TagParams" ALTER COLUMN "Id" ADD GENERATED BY DEFAULT AS IDENTITY (
    SEQUENCE NAME public."TagParams_Id_seq"
    START WITH 1
    INCREMENT BY 1
    NO MINVALUE
    NO MAXVALUE
    CACHE 1
);


--
-- Name: Tags; Type: TABLE; Schema: public; Owner: postgres
--

CREATE TABLE public."Tags" (
    "Id" integer NOT NULL,
    "TagName" text NOT NULL,
    "Desc" text NOT NULL,
    "_LockedByUser" text NOT NULL,
    "BaseActuatorId" integer NOT NULL,
    "ProjectId" integer NOT NULL,
    "_CreateProjectVersionNum" bigint,
    "_DeleteProjectVersionNum" bigint,
    "_IsDeleted" boolean NOT NULL,
    "_LastChangeUser" text NOT NULL,
    "_LastChangeTimeUtc" timestamp with time zone NOT NULL
);


ALTER TABLE public."Tags" OWNER TO postgres;

--
-- Name: Tags_Id_seq; Type: SEQUENCE; Schema: public; Owner: postgres
--

ALTER TABLE public."Tags" ALTER COLUMN "Id" ADD GENERATED BY DEFAULT AS IDENTITY (
    SEQUENCE NAME public."Tags_Id_seq"
    START WITH 1
    INCREMENT BY 1
    NO MINVALUE
    NO MAXVALUE
    CACHE 1
);


--
-- Name: UnitEvents; Type: TABLE; Schema: public; Owner: postgres
--

CREATE TABLE public."UnitEvents" (
    "Id" integer NOT NULL,
    "EventTimeUtc" timestamp with time zone NOT NULL,
    "TagName" text NOT NULL,
    "TagConditionString" text NOT NULL,
    "ConditionIsActive" boolean NOT NULL,
    "EventSource" text NOT NULL,
    "OriginalEvent" text NOT NULL,
    "UnitEventsIntervalId" integer
);


ALTER TABLE public."UnitEvents" OWNER TO postgres;

--
-- Name: UnitEventsIntervals; Type: TABLE; Schema: public; Owner: postgres
--

CREATE TABLE public."UnitEventsIntervals" (
    "Id" integer NOT NULL,
    "StartTimeUtc" timestamp with time zone NOT NULL,
    "EndTimeUtc" timestamp with time zone NOT NULL,
    "Source" text NOT NULL,
    "Title" text NOT NULL,
    "UnitId" integer NOT NULL
);


ALTER TABLE public."UnitEventsIntervals" OWNER TO postgres;

--
-- Name: UnitEventsIntervals_Id_seq; Type: SEQUENCE; Schema: public; Owner: postgres
--

ALTER TABLE public."UnitEventsIntervals" ALTER COLUMN "Id" ADD GENERATED BY DEFAULT AS IDENTITY (
    SEQUENCE NAME public."UnitEventsIntervals_Id_seq"
    START WITH 1
    INCREMENT BY 1
    NO MINVALUE
    NO MAXVALUE
    CACHE 1
);


--
-- Name: UnitEvents_Id_seq; Type: SEQUENCE; Schema: public; Owner: postgres
--

ALTER TABLE public."UnitEvents" ALTER COLUMN "Id" ADD GENERATED BY DEFAULT AS IDENTITY (
    SEQUENCE NAME public."UnitEvents_Id_seq"
    START WITH 1
    INCREMENT BY 1
    NO MINVALUE
    NO MAXVALUE
    CACHE 1
);


--
-- Name: Units; Type: TABLE; Schema: public; Owner: postgres
--

CREATE TABLE public."Units" (
    "Id" integer NOT NULL,
    "Title" text NOT NULL,
    "Desc" text NOT NULL,
    "ActiveProjectId" integer
);


ALTER TABLE public."Units" OWNER TO postgres;

--
-- Name: Units_Id_seq; Type: SEQUENCE; Schema: public; Owner: postgres
--

ALTER TABLE public."Units" ALTER COLUMN "Id" ADD GENERATED BY DEFAULT AS IDENTITY (
    SEQUENCE NAME public."Units_Id_seq"
    START WITH 1
    INCREMENT BY 1
    NO MINVALUE
    NO MAXVALUE
    CACHE 1
);


--
-- Data for Name: ActuatorParams; Type: TABLE DATA; Schema: public; Owner: postgres
--

COPY public."ActuatorParams" ("Id", "TagId", "_CreateProjectVersionNum", "_DeleteProjectVersionNum", "_IsDeleted", "_LastChangeUser", "_LastChangeTimeUtc", "ParamName", "Value", "Eu", "ParamInfoId") FROM stdin;
\.


--
-- Data for Name: BaseActuatorDbFileReferences; Type: TABLE DATA; Schema: public; Owner: postgres
--

COPY public."BaseActuatorDbFileReferences" ("Id", "BaseActuatorId", "_CreateProjectVersionNum", "_DeleteProjectVersionNum", "_IsDeleted", "_LastChangeUser", "_LastChangeTimeUtc", "FileName", "DbFileId") FROM stdin;
\.


--
-- Data for Name: BaseActuatorParams; Type: TABLE DATA; Schema: public; Owner: postgres
--

COPY public."BaseActuatorParams" ("Id", "BaseActuatorId", "_CreateProjectVersionNum", "_DeleteProjectVersionNum", "_IsDeleted", "_LastChangeUser", "_LastChangeTimeUtc", "ParamName", "Value", "Eu", "ParamInfoId") FROM stdin;
1	2	\N	\N	f		2022-07-16 11:49:12.75386+03	MaxSafeSpeed	30	с	1
2	2	\N	\N	f		2022-07-16 11:49:12.75386+03	SafeSpeed	15	с	2
3	3	\N	\N	f		2022-07-16 11:49:12.75386+03	MaxSafeSpeed	3	с	1
\.


--
-- Data for Name: BaseActuatorTypes; Type: TABLE DATA; Schema: public; Owner: postgres
--

COPY public."BaseActuatorTypes" ("Id", "Type", "Desc") FROM stdin;
1		
2	Отсечной клапан	
3	Насос	
\.


--
-- Data for Name: BaseActuators; Type: TABLE DATA; Schema: public; Owner: postgres
--

COPY public."BaseActuators" ("Id", "Title", "Code", "Manufacturer", "Desc", "_LockedByUser", "BaseActuatorTypeId", "ProjectId", "_CreateProjectVersionNum", "_DeleteProjectVersionNum", "_IsDeleted", "_LastChangeUser", "_LastChangeTimeUtc") FROM stdin;
1	Нет исполнительного механизма					1	2	\N	\N	f		2022-07-16 11:49:12.75386+03
2	Отсечной клапан V202	V202	Honeywell			2	2	\N	\N	f		2022-07-16 11:49:12.75386+03
3	Насос P2K3	P2K3	Honeywell			3	2	\N	\N	f		2022-07-16 11:49:12.75386+03
\.


--
-- Data for Name: CauseResults; Type: TABLE DATA; Schema: public; Owner: postgres
--

COPY public."CauseResults" ("Id", "Num", "TriggeredTimeUtc", "CeMatrixResultId") FROM stdin;
\.


--
-- Data for Name: Causes; Type: TABLE DATA; Schema: public; Owner: postgres
--

COPY public."Causes" ("Id", "Num", "CeMatrixId", "_CreateProjectVersionNum", "_DeleteProjectVersionNum", "_IsDeleted", "_LastChangeUser", "_LastChangeTimeUtc") FROM stdin;
1	1	1	\N	\N	f		2022-07-16 11:49:13.455792+03
2	2	1	\N	\N	f		2022-07-16 11:49:13.455792+03
3	3	1	\N	\N	f		2022-07-16 11:49:13.455792+03
4	4	1	\N	\N	f		2022-07-16 11:49:13.455792+03
5	5	1	\N	\N	f		2022-07-16 11:49:13.455792+03
6	6	1	\N	\N	f		2022-07-16 11:49:13.455792+03
7	7	1	\N	\N	f		2022-07-16 11:49:13.455792+03
8	8	1	\N	\N	f		2022-07-16 11:49:13.455792+03
9	9	1	\N	\N	f		2022-07-16 11:49:13.455792+03
10	10	1	\N	\N	f		2022-07-16 11:49:13.455792+03
11	11	1	\N	\N	f		2022-07-16 11:49:13.455792+03
12	12	1	\N	\N	f		2022-07-16 11:49:13.455792+03
13	13	1	\N	\N	f		2022-07-16 11:49:13.455792+03
14	14	1	\N	\N	f		2022-07-16 11:49:13.455792+03
15	15	1	\N	\N	f		2022-07-16 11:49:13.455792+03
16	16	1	\N	\N	f		2022-07-16 11:49:13.455792+03
17	17	1	\N	\N	f		2022-07-16 11:49:13.455792+03
18	18	1	\N	\N	f		2022-07-16 11:49:13.455792+03
19	19	1	\N	\N	f		2022-07-16 11:49:13.455792+03
20	20	1	\N	\N	f		2022-07-16 11:49:13.455792+03
21	21	1	\N	\N	f		2022-07-16 11:49:13.455792+03
22	22	1	\N	\N	f		2022-07-16 11:49:13.455792+03
23	23	1	\N	\N	f		2022-07-16 11:49:13.455792+03
24	24	1	\N	\N	f		2022-07-16 11:49:13.455792+03
25	25	1	\N	\N	f		2022-07-16 11:49:13.455792+03
26	26	1	\N	\N	f		2022-07-16 11:49:13.455792+03
27	27	1	\N	\N	f		2022-07-16 11:49:13.455792+03
28	28	1	\N	\N	f		2022-07-16 11:49:13.455792+03
29	29	1	\N	\N	f		2022-07-16 11:49:13.455792+03
30	30	1	\N	\N	f		2022-07-16 11:49:13.455792+03
31	31	1	\N	\N	f		2022-07-16 11:49:13.455792+03
32	32	1	\N	\N	f		2022-07-16 11:49:13.455792+03
33	33	1	\N	\N	f		2022-07-16 11:49:13.455792+03
34	34	1	\N	\N	f		2022-07-16 11:49:13.455792+03
35	35	1	\N	\N	f		2022-07-16 11:49:13.455792+03
36	36	1	\N	\N	f		2022-07-16 11:49:13.455792+03
37	37	1	\N	\N	f		2022-07-16 11:49:13.455792+03
38	38	1	\N	\N	f		2022-07-16 11:49:13.455792+03
39	39	1	\N	\N	f		2022-07-16 11:49:13.455792+03
40	1	2	\N	\N	f		2022-07-16 11:49:13.614794+03
41	2	2	\N	\N	f		2022-07-16 11:49:13.614794+03
42	3	2	\N	\N	f		2022-07-16 11:49:13.614794+03
43	4	2	\N	\N	f		2022-07-16 11:49:13.614794+03
44	5	2	\N	\N	f		2022-07-16 11:49:13.614794+03
45	6	2	\N	\N	f		2022-07-16 11:49:13.614794+03
46	7	2	\N	\N	f		2022-07-16 11:49:13.614794+03
47	8	2	\N	\N	f		2022-07-16 11:49:13.614794+03
48	9	2	\N	\N	f		2022-07-16 11:49:13.614794+03
49	10	2	\N	\N	f		2022-07-16 11:49:13.614794+03
50	11	2	\N	\N	f		2022-07-16 11:49:13.614794+03
51	12	2	\N	\N	f		2022-07-16 11:49:13.614794+03
52	13	2	\N	\N	f		2022-07-16 11:49:13.614794+03
53	14	2	\N	\N	f		2022-07-16 11:49:13.614794+03
54	15	2	\N	\N	f		2022-07-16 11:49:13.614794+03
55	16	2	\N	\N	f		2022-07-16 11:49:13.614794+03
56	17	2	\N	\N	f		2022-07-16 11:49:13.614794+03
57	18	2	\N	\N	f		2022-07-16 11:49:13.614794+03
58	19	2	\N	\N	f		2022-07-16 11:49:13.614794+03
59	20	2	\N	\N	f		2022-07-16 11:49:13.614794+03
60	21	2	\N	\N	f		2022-07-16 11:49:13.614794+03
61	22	2	\N	\N	f		2022-07-16 11:49:13.614794+03
62	23	2	\N	\N	f		2022-07-16 11:49:13.614794+03
63	24	2	\N	\N	f		2022-07-16 11:49:13.614794+03
64	25	2	\N	\N	f		2022-07-16 11:49:13.614794+03
65	26	2	\N	\N	f		2022-07-16 11:49:13.614794+03
66	27	2	\N	\N	f		2022-07-16 11:49:13.614794+03
67	28	2	\N	\N	f		2022-07-16 11:49:13.614794+03
68	29	2	\N	\N	f		2022-07-16 11:49:13.614794+03
69	30	2	\N	\N	f		2022-07-16 11:49:13.614794+03
70	31	2	\N	\N	f		2022-07-16 11:49:13.614794+03
71	32	2	\N	\N	f		2022-07-16 11:49:13.614794+03
\.


--
-- Data for Name: CeMatrices; Type: TABLE DATA; Schema: public; Owner: postgres
--

COPY public."CeMatrices" ("Id", "Title", "Desc", "_LockedByUser", "ProjectId", "_CreateProjectVersionNum", "_DeleteProjectVersionNum", "_IsDeleted", "_LastChangeUser", "_LastChangeTimeUtc") FROM stdin;
1	Analog CEMatrix			2	\N	\N	f		2022-07-16 11:49:13.516818+03
2	Discrete CEMatrix			2	\N	\N	f		2022-07-16 11:49:13.626811+03
\.


--
-- Data for Name: CeMatrixDbFileReferences; Type: TABLE DATA; Schema: public; Owner: postgres
--

COPY public."CeMatrixDbFileReferences" ("Id", "CeMatrixId", "_CreateProjectVersionNum", "_DeleteProjectVersionNum", "_IsDeleted", "_LastChangeUser", "_LastChangeTimeUtc", "FileName", "DbFileId") FROM stdin;
\.


--
-- Data for Name: CeMatrixParams; Type: TABLE DATA; Schema: public; Owner: postgres
--

COPY public."CeMatrixParams" ("Id", "CeMatrixId", "_CreateProjectVersionNum", "_DeleteProjectVersionNum", "_IsDeleted", "_LastChangeUser", "_LastChangeTimeUtc", "ParamName", "Value", "Eu", "ParamInfoId") FROM stdin;
1	1	\N	\N	f		2022-07-16 11:49:13.455792+03	CauseCustomFieldNames	Logic1		\N
2	1	\N	\N	f		2022-07-16 11:49:13.455792+03	EffectCustomFieldNames			\N
3	2	\N	\N	f		2022-07-16 11:49:13.614794+03	CauseCustomFieldNames			\N
4	2	\N	\N	f		2022-07-16 11:49:13.614794+03	EffectCustomFieldNames			\N
\.


--
-- Data for Name: CeMatrixResuls; Type: TABLE DATA; Schema: public; Owner: postgres
--

COPY public."CeMatrixResuls" ("Id", "CeMatrixId", "ProjectVersionNum", "ResultId") FROM stdin;
\.


--
-- Data for Name: DbFile; Type: TABLE DATA; Schema: public; Owner: postgres
--

COPY public."DbFile" ("Id", "FileLastWriteTimeUtc", "FileDeletionTimeUtc", "FileName", "Data", "ProjectVersionId", "ResultId") FROM stdin;
\.


--
-- Data for Name: EffectResults; Type: TABLE DATA; Schema: public; Owner: postgres
--

COPY public."EffectResults" ("Id", "Num", "TagName", "TagConditionString", "TagConditionString_SymbolToDisplay", "CustomFieldValues", "TriggeredType", "TriggeredTimeUtc", "MaxDelayMs", "CeMatrixResultId") FROM stdin;
\.


--
-- Data for Name: Effects; Type: TABLE DATA; Schema: public; Owner: postgres
--

COPY public."Effects" ("Id", "Num", "TagName", "TagConditionString", "TagConditionString_SymbolToDisplay", "CustomFieldValues", "CeMatrixId", "_CreateProjectVersionNum", "_DeleteProjectVersionNum", "_IsDeleted", "_LastChangeUser", "_LastChangeTimeUtc") FROM stdin;
1	0	Э-1	ALARM=ЗАКР	C		1	\N	\N	f		2022-07-16 11:49:13.516818+03
2	2	H-1	ALARM=ВЫКЛ	S		1	\N	\N	f		2022-07-16 11:49:13.516818+03
3	3	H-2	ALARM=ВЫКЛ	S		1	\N	\N	f		2022-07-16 11:49:13.516818+03
4	18	UV-211	ALARM=ЗАКР	C		1	\N	\N	f		2022-07-16 11:49:13.516818+03
5	20	UV-213	ALARM=ЗАКР	C		1	\N	\N	f		2022-07-16 11:49:13.516818+03
6	21	UV-214	ALARM=ЗАКР	C		1	\N	\N	f		2022-07-16 11:49:13.516818+03
7	27	ПК-1	ALARM=ВЫКЛ	S		1	\N	\N	f		2022-07-16 11:49:13.516818+03
8	28	ПК-2	ALARM=ВЫКЛ	S		1	\N	\N	f		2022-07-16 11:49:13.516818+03
9	14	UV-207	ALARM=ЗАКР	C		1	\N	\N	f		2022-07-16 11:49:13.516818+03
10	15	UV-208	ALARM=ЗАКР	C		1	\N	\N	f		2022-07-16 11:49:13.516818+03
11	16	UV-209	ALARM=ЗАКР	C		1	\N	\N	f		2022-07-16 11:49:13.516818+03
12	17	UV-210	ALARM=ЗАКР	C		1	\N	\N	f		2022-07-16 11:49:13.516818+03
13	19	UV-212	ALARM=ЗАКР	C		1	\N	\N	f		2022-07-16 11:49:13.516818+03
14	6	H-8	ALARM=ВЫКЛ	S		1	\N	\N	f		2022-07-16 11:49:13.516818+03
15	7	H-9	ALARM=ВЫКЛ	S		1	\N	\N	f		2022-07-16 11:49:13.516818+03
16	1	Э-2	ALARM=ЗАКР	C		1	\N	\N	f		2022-07-16 11:49:13.516818+03
17	4	H-3	ALARM=ВЫКЛ	S		1	\N	\N	f		2022-07-16 11:49:13.516818+03
18	5	H-4	ALARM=ВЫКЛ	S		1	\N	\N	f		2022-07-16 11:49:13.516818+03
19	29	TK601	ALARM=ВЫКЛ	S		1	\N	\N	f		2022-07-16 11:49:13.516818+03
20	25	EUV202	ALARM=ОТКР	O		1	\N	\N	f		2022-07-16 11:49:13.516818+03
21	30	XV1	ALARM=ЗАКР	C		1	\N	\N	f		2022-07-16 11:49:13.516818+03
22	31	XV2	ALARM=ЗАКР	C		1	\N	\N	f		2022-07-16 11:49:13.516818+03
23	8	H-15	ALARM=ВЫКЛ	S		1	\N	\N	f		2022-07-16 11:49:13.516818+03
24	9	H-16	ALARM=ВЫКЛ	S		1	\N	\N	f		2022-07-16 11:49:13.516818+03
25	13	UV-202	ALARM=ЗАКР	C		1	\N	\N	f		2022-07-16 11:49:13.516818+03
26	22	UV-215	ALARM=ЗАКР	C		1	\N	\N	f		2022-07-16 11:49:13.516818+03
27	23	UV-216	ALARM=ЗАКР	C		1	\N	\N	f		2022-07-16 11:49:13.516818+03
28	26	EUV203	ALARM=ОТКР	O		1	\N	\N	f		2022-07-16 11:49:13.516818+03
29	12	H-34	ALARM=ВЫКЛ	S		1	\N	\N	f		2022-07-16 11:49:13.516818+03
30	10	H-18	ALARM=ВЫКЛ	S		1	\N	\N	f		2022-07-16 11:49:13.516818+03
31	11	H-19	ALARM=ВЫКЛ	S		1	\N	\N	f		2022-07-16 11:49:13.516818+03
32	24	EUV201	ALARM=ОТКР	O		1	\N	\N	f		2022-07-16 11:49:13.516818+03
33	5	UV-211	ALARM=ЗАКР	C		2	\N	\N	f		2022-07-16 11:49:13.626811+03
34	6	UV-212	ALARM=ЗАКР	C		2	\N	\N	f		2022-07-16 11:49:13.626811+03
35	7	UV-213	ALARM=ЗАКР	C		2	\N	\N	f		2022-07-16 11:49:13.626811+03
36	8	UV-214	ALARM=ЗАКР	C		2	\N	\N	f		2022-07-16 11:49:13.626811+03
37	1	UV-207	ALARM=ЗАКР	C		2	\N	\N	f		2022-07-16 11:49:13.626811+03
38	2	UV-208	ALARM=ЗАКР	C		2	\N	\N	f		2022-07-16 11:49:13.626811+03
39	3	UV-209	ALARM=ЗАКР	C		2	\N	\N	f		2022-07-16 11:49:13.626811+03
40	4	UV-210	ALARM=ЗАКР	C		2	\N	\N	f		2022-07-16 11:49:13.626811+03
41	0	UV-202	ALARM=ЗАКР	C		2	\N	\N	f		2022-07-16 11:49:13.626811+03
42	9	UV-215	ALARM=ЗАКР	C		2	\N	\N	f		2022-07-16 11:49:13.626811+03
43	10	UV-216	ALARM=ЗАКР	C		2	\N	\N	f		2022-07-16 11:49:13.626811+03
44	11	H-15	ALARM=ВЫКЛ	S		2	\N	\N	f		2022-07-16 11:49:13.626811+03
45	12	H-16	ALARM=ВЫКЛ	S		2	\N	\N	f		2022-07-16 11:49:13.626811+03
\.


--
-- Data for Name: EngineeringUnits; Type: TABLE DATA; Schema: public; Owner: postgres
--

COPY public."EngineeringUnits" ("Id", "Eu", "Desc") FROM stdin;
1	с	Секунды
2	мин	Минуты
\.


--
-- Data for Name: IntersectionResult; Type: TABLE DATA; Schema: public; Owner: postgres
--

COPY public."IntersectionResult" ("Id", "CauseResultId", "EffectResultId", "TagConditionString_SymbolToDisplay", "TriggeredType", "CeMatrixResultId") FROM stdin;
\.


--
-- Data for Name: Intersections; Type: TABLE DATA; Schema: public; Owner: postgres
--

COPY public."Intersections" ("Id", "TagConditionString_SymbolToDisplay", "CauseId", "EffectId", "CeMatrixId", "_CreateProjectVersionNum", "_DeleteProjectVersionNum", "_IsDeleted", "_LastChangeUser", "_LastChangeTimeUtc") FROM stdin;
1	C	1	1	1	\N	\N	f		2022-07-16 11:49:13.516818+03
2	S	1	2	1	\N	\N	f		2022-07-16 11:49:13.516818+03
3	S	1	3	1	\N	\N	f		2022-07-16 11:49:13.516818+03
4	C	2	1	1	\N	\N	f		2022-07-16 11:49:13.516818+03
5	S	2	2	1	\N	\N	f		2022-07-16 11:49:13.516818+03
6	S	2	3	1	\N	\N	f		2022-07-16 11:49:13.516818+03
7	C	2	4	1	\N	\N	f		2022-07-16 11:49:13.516818+03
8	C	2	5	1	\N	\N	f		2022-07-16 11:49:13.516818+03
9	C	2	6	1	\N	\N	f		2022-07-16 11:49:13.516818+03
10	C	3	1	1	\N	\N	f		2022-07-16 11:49:13.516818+03
11	S	3	2	1	\N	\N	f		2022-07-16 11:49:13.516818+03
12	S	3	3	1	\N	\N	f		2022-07-16 11:49:13.516818+03
13	C	3	4	1	\N	\N	f		2022-07-16 11:49:13.516818+03
14	C	3	5	1	\N	\N	f		2022-07-16 11:49:13.516818+03
15	C	3	6	1	\N	\N	f		2022-07-16 11:49:13.516818+03
16	S	3	7	1	\N	\N	f		2022-07-16 11:49:13.516818+03
17	S	3	8	1	\N	\N	f		2022-07-16 11:49:13.516818+03
18	C	4	1	1	\N	\N	f		2022-07-16 11:49:13.516818+03
19	S	4	2	1	\N	\N	f		2022-07-16 11:49:13.516818+03
20	S	4	3	1	\N	\N	f		2022-07-16 11:49:13.516818+03
21	C	4	4	1	\N	\N	f		2022-07-16 11:49:13.516818+03
22	C	4	5	1	\N	\N	f		2022-07-16 11:49:13.516818+03
23	C	4	6	1	\N	\N	f		2022-07-16 11:49:13.516818+03
24	S	4	7	1	\N	\N	f		2022-07-16 11:49:13.516818+03
25	S	4	8	1	\N	\N	f		2022-07-16 11:49:13.516818+03
26	C	5	1	1	\N	\N	f		2022-07-16 11:49:13.516818+03
27	C	5	4	1	\N	\N	f		2022-07-16 11:49:13.516818+03
28	C	5	5	1	\N	\N	f		2022-07-16 11:49:13.516818+03
29	C	5	6	1	\N	\N	f		2022-07-16 11:49:13.516818+03
30	S	5	7	1	\N	\N	f		2022-07-16 11:49:13.516818+03
31	S	5	8	1	\N	\N	f		2022-07-16 11:49:13.516818+03
32	S	6	7	1	\N	\N	f		2022-07-16 11:49:13.516818+03
33	S	6	8	1	\N	\N	f		2022-07-16 11:49:13.516818+03
34	C	7	1	1	\N	\N	f		2022-07-16 11:49:13.516818+03
35	C	7	9	1	\N	\N	f		2022-07-16 11:49:13.516818+03
36	C	7	10	1	\N	\N	f		2022-07-16 11:49:13.516818+03
37	C	7	11	1	\N	\N	f		2022-07-16 11:49:13.516818+03
38	C	7	12	1	\N	\N	f		2022-07-16 11:49:13.516818+03
39	C	7	4	1	\N	\N	f		2022-07-16 11:49:13.516818+03
40	C	7	13	1	\N	\N	f		2022-07-16 11:49:13.516818+03
41	C	7	5	1	\N	\N	f		2022-07-16 11:49:13.516818+03
42	C	7	6	1	\N	\N	f		2022-07-16 11:49:13.516818+03
43	C	8	4	1	\N	\N	f		2022-07-16 11:49:13.516818+03
44	C	9	4	1	\N	\N	f		2022-07-16 11:49:13.516818+03
45	C	9	5	1	\N	\N	f		2022-07-16 11:49:13.516818+03
46	C	9	6	1	\N	\N	f		2022-07-16 11:49:13.516818+03
47	C	10	4	1	\N	\N	f		2022-07-16 11:49:13.516818+03
48	C	10	5	1	\N	\N	f		2022-07-16 11:49:13.516818+03
49	C	10	6	1	\N	\N	f		2022-07-16 11:49:13.516818+03
50	C	11	1	1	\N	\N	f		2022-07-16 11:49:13.516818+03
51	S	11	2	1	\N	\N	f		2022-07-16 11:49:13.516818+03
52	S	11	3	1	\N	\N	f		2022-07-16 11:49:13.516818+03
53	C	11	4	1	\N	\N	f		2022-07-16 11:49:13.516818+03
54	C	11	5	1	\N	\N	f		2022-07-16 11:49:13.516818+03
55	C	11	6	1	\N	\N	f		2022-07-16 11:49:13.516818+03
56	S	11	7	1	\N	\N	f		2022-07-16 11:49:13.516818+03
57	S	11	8	1	\N	\N	f		2022-07-16 11:49:13.516818+03
58	S	12	14	1	\N	\N	f		2022-07-16 11:49:13.516818+03
59	S	12	15	1	\N	\N	f		2022-07-16 11:49:13.516818+03
60	C	13	16	1	\N	\N	f		2022-07-16 11:49:13.516818+03
61	S	13	17	1	\N	\N	f		2022-07-16 11:49:13.516818+03
62	S	13	18	1	\N	\N	f		2022-07-16 11:49:13.516818+03
63	C	13	10	1	\N	\N	f		2022-07-16 11:49:13.516818+03
64	C	13	11	1	\N	\N	f		2022-07-16 11:49:13.516818+03
65	C	13	12	1	\N	\N	f		2022-07-16 11:49:13.516818+03
66	C	13	4	1	\N	\N	f		2022-07-16 11:49:13.516818+03
67	C	13	5	1	\N	\N	f		2022-07-16 11:49:13.516818+03
68	C	13	6	1	\N	\N	f		2022-07-16 11:49:13.516818+03
69	S	13	19	1	\N	\N	f		2022-07-16 11:49:13.516818+03
70	C	14	10	1	\N	\N	f		2022-07-16 11:49:13.516818+03
71	C	15	10	1	\N	\N	f		2022-07-16 11:49:13.516818+03
72	C	16	10	1	\N	\N	f		2022-07-16 11:49:13.516818+03
73	C	17	10	1	\N	\N	f		2022-07-16 11:49:13.516818+03
74	C	18	10	1	\N	\N	f		2022-07-16 11:49:13.516818+03
75	C	19	9	1	\N	\N	f		2022-07-16 11:49:13.516818+03
76	C	19	10	1	\N	\N	f		2022-07-16 11:49:13.516818+03
77	C	19	11	1	\N	\N	f		2022-07-16 11:49:13.516818+03
78	C	19	12	1	\N	\N	f		2022-07-16 11:49:13.516818+03
79	O	19	20	1	\N	\N	f		2022-07-16 11:49:13.516818+03
80	C	20	9	1	\N	\N	f		2022-07-16 11:49:13.516818+03
81	C	20	10	1	\N	\N	f		2022-07-16 11:49:13.516818+03
82	C	20	11	1	\N	\N	f		2022-07-16 11:49:13.516818+03
83	C	20	12	1	\N	\N	f		2022-07-16 11:49:13.516818+03
84	O	20	20	1	\N	\N	f		2022-07-16 11:49:13.516818+03
85	C	21	9	1	\N	\N	f		2022-07-16 11:49:13.516818+03
86	C	21	10	1	\N	\N	f		2022-07-16 11:49:13.516818+03
87	C	21	11	1	\N	\N	f		2022-07-16 11:49:13.516818+03
88	C	21	12	1	\N	\N	f		2022-07-16 11:49:13.516818+03
89	O	21	20	1	\N	\N	f		2022-07-16 11:49:13.516818+03
90	C	22	9	1	\N	\N	f		2022-07-16 11:49:13.516818+03
91	C	22	10	1	\N	\N	f		2022-07-16 11:49:13.516818+03
92	C	22	11	1	\N	\N	f		2022-07-16 11:49:13.516818+03
93	C	22	12	1	\N	\N	f		2022-07-16 11:49:13.516818+03
94	O	22	20	1	\N	\N	f		2022-07-16 11:49:13.516818+03
95	C	23	9	1	\N	\N	f		2022-07-16 11:49:13.516818+03
96	C	23	10	1	\N	\N	f		2022-07-16 11:49:13.516818+03
97	C	23	11	1	\N	\N	f		2022-07-16 11:49:13.516818+03
98	C	23	12	1	\N	\N	f		2022-07-16 11:49:13.516818+03
99	O	23	20	1	\N	\N	f		2022-07-16 11:49:13.516818+03
100	C	24	10	1	\N	\N	f		2022-07-16 11:49:13.516818+03
101	C	24	11	1	\N	\N	f		2022-07-16 11:49:13.516818+03
102	C	24	12	1	\N	\N	f		2022-07-16 11:49:13.516818+03
103	C	25	10	1	\N	\N	f		2022-07-16 11:49:13.516818+03
104	C	25	11	1	\N	\N	f		2022-07-16 11:49:13.516818+03
105	C	25	12	1	\N	\N	f		2022-07-16 11:49:13.516818+03
106	C	26	10	1	\N	\N	f		2022-07-16 11:49:13.516818+03
107	C	26	11	1	\N	\N	f		2022-07-16 11:49:13.516818+03
108	C	26	12	1	\N	\N	f		2022-07-16 11:49:13.516818+03
109	C	27	21	1	\N	\N	f		2022-07-16 11:49:13.516818+03
110	C	28	22	1	\N	\N	f		2022-07-16 11:49:13.516818+03
111	C	29	9	1	\N	\N	f		2022-07-16 11:49:13.516818+03
112	C	29	10	1	\N	\N	f		2022-07-16 11:49:13.516818+03
113	C	29	11	1	\N	\N	f		2022-07-16 11:49:13.516818+03
114	C	29	12	1	\N	\N	f		2022-07-16 11:49:13.516818+03
115	C	29	4	1	\N	\N	f		2022-07-16 11:49:13.516818+03
116	C	29	13	1	\N	\N	f		2022-07-16 11:49:13.516818+03
117	C	29	5	1	\N	\N	f		2022-07-16 11:49:13.516818+03
118	C	29	6	1	\N	\N	f		2022-07-16 11:49:13.516818+03
119	C	30	16	1	\N	\N	f		2022-07-16 11:49:13.516818+03
120	S	30	17	1	\N	\N	f		2022-07-16 11:49:13.516818+03
121	S	30	18	1	\N	\N	f		2022-07-16 11:49:13.516818+03
122	C	30	10	1	\N	\N	f		2022-07-16 11:49:13.516818+03
123	C	30	11	1	\N	\N	f		2022-07-16 11:49:13.516818+03
124	C	30	12	1	\N	\N	f		2022-07-16 11:49:13.516818+03
125	S	31	23	1	\N	\N	f		2022-07-16 11:49:13.516818+03
126	S	31	24	1	\N	\N	f		2022-07-16 11:49:13.516818+03
127	C	31	25	1	\N	\N	f		2022-07-16 11:49:13.516818+03
128	C	31	26	1	\N	\N	f		2022-07-16 11:49:13.516818+03
129	C	31	27	1	\N	\N	f		2022-07-16 11:49:13.516818+03
130	S	32	23	1	\N	\N	f		2022-07-16 11:49:13.516818+03
131	S	32	24	1	\N	\N	f		2022-07-16 11:49:13.516818+03
132	C	32	25	1	\N	\N	f		2022-07-16 11:49:13.516818+03
133	C	32	26	1	\N	\N	f		2022-07-16 11:49:13.516818+03
134	C	32	27	1	\N	\N	f		2022-07-16 11:49:13.516818+03
135	S	33	23	1	\N	\N	f		2022-07-16 11:49:13.516818+03
136	S	33	24	1	\N	\N	f		2022-07-16 11:49:13.516818+03
137	C	33	25	1	\N	\N	f		2022-07-16 11:49:13.516818+03
138	C	33	26	1	\N	\N	f		2022-07-16 11:49:13.516818+03
139	C	33	27	1	\N	\N	f		2022-07-16 11:49:13.516818+03
140	O	33	28	1	\N	\N	f		2022-07-16 11:49:13.516818+03
141	S	34	23	1	\N	\N	f		2022-07-16 11:49:13.516818+03
142	S	34	24	1	\N	\N	f		2022-07-16 11:49:13.516818+03
143	C	34	25	1	\N	\N	f		2022-07-16 11:49:13.516818+03
144	C	34	26	1	\N	\N	f		2022-07-16 11:49:13.516818+03
145	C	34	27	1	\N	\N	f		2022-07-16 11:49:13.516818+03
146	O	34	28	1	\N	\N	f		2022-07-16 11:49:13.516818+03
147	S	35	29	1	\N	\N	f		2022-07-16 11:49:13.516818+03
148	S	36	30	1	\N	\N	f		2022-07-16 11:49:13.516818+03
149	S	36	31	1	\N	\N	f		2022-07-16 11:49:13.516818+03
150	S	37	23	1	\N	\N	f		2022-07-16 11:49:13.516818+03
151	S	37	24	1	\N	\N	f		2022-07-16 11:49:13.516818+03
152	C	38	16	1	\N	\N	f		2022-07-16 11:49:13.516818+03
153	S	38	17	1	\N	\N	f		2022-07-16 11:49:13.516818+03
154	S	38	18	1	\N	\N	f		2022-07-16 11:49:13.516818+03
155	C	39	1	1	\N	\N	f		2022-07-16 11:49:13.516818+03
156	S	39	2	1	\N	\N	f		2022-07-16 11:49:13.516818+03
157	S	39	3	1	\N	\N	f		2022-07-16 11:49:13.516818+03
158	C	39	13	1	\N	\N	f		2022-07-16 11:49:13.516818+03
159	O	39	32	1	\N	\N	f		2022-07-16 11:49:13.516818+03
160	C	40	33	2	\N	\N	f		2022-07-16 11:49:13.626811+03
161	C	40	34	2	\N	\N	f		2022-07-16 11:49:13.626811+03
162	C	40	35	2	\N	\N	f		2022-07-16 11:49:13.626811+03
163	C	40	36	2	\N	\N	f		2022-07-16 11:49:13.626811+03
164	C	41	33	2	\N	\N	f		2022-07-16 11:49:13.626811+03
165	C	41	34	2	\N	\N	f		2022-07-16 11:49:13.626811+03
166	C	41	35	2	\N	\N	f		2022-07-16 11:49:13.626811+03
167	C	41	36	2	\N	\N	f		2022-07-16 11:49:13.626811+03
168	C	42	33	2	\N	\N	f		2022-07-16 11:49:13.626811+03
169	C	42	34	2	\N	\N	f		2022-07-16 11:49:13.626811+03
170	C	42	35	2	\N	\N	f		2022-07-16 11:49:13.626811+03
171	C	42	36	2	\N	\N	f		2022-07-16 11:49:13.626811+03
172	C	43	33	2	\N	\N	f		2022-07-16 11:49:13.626811+03
173	C	43	34	2	\N	\N	f		2022-07-16 11:49:13.626811+03
174	C	43	35	2	\N	\N	f		2022-07-16 11:49:13.626811+03
175	C	43	36	2	\N	\N	f		2022-07-16 11:49:13.626811+03
176	C	44	33	2	\N	\N	f		2022-07-16 11:49:13.626811+03
177	C	44	34	2	\N	\N	f		2022-07-16 11:49:13.626811+03
178	C	44	35	2	\N	\N	f		2022-07-16 11:49:13.626811+03
179	C	44	36	2	\N	\N	f		2022-07-16 11:49:13.626811+03
180	C	45	37	2	\N	\N	f		2022-07-16 11:49:13.626811+03
181	C	45	38	2	\N	\N	f		2022-07-16 11:49:13.626811+03
182	C	45	39	2	\N	\N	f		2022-07-16 11:49:13.626811+03
183	C	45	40	2	\N	\N	f		2022-07-16 11:49:13.626811+03
184	C	46	37	2	\N	\N	f		2022-07-16 11:49:13.626811+03
185	C	46	38	2	\N	\N	f		2022-07-16 11:49:13.626811+03
186	C	46	39	2	\N	\N	f		2022-07-16 11:49:13.626811+03
187	C	46	40	2	\N	\N	f		2022-07-16 11:49:13.626811+03
188	C	47	37	2	\N	\N	f		2022-07-16 11:49:13.626811+03
189	C	47	38	2	\N	\N	f		2022-07-16 11:49:13.626811+03
190	C	47	39	2	\N	\N	f		2022-07-16 11:49:13.626811+03
191	C	47	40	2	\N	\N	f		2022-07-16 11:49:13.626811+03
192	C	48	37	2	\N	\N	f		2022-07-16 11:49:13.626811+03
193	C	48	38	2	\N	\N	f		2022-07-16 11:49:13.626811+03
194	C	48	39	2	\N	\N	f		2022-07-16 11:49:13.626811+03
195	C	48	40	2	\N	\N	f		2022-07-16 11:49:13.626811+03
196	C	49	37	2	\N	\N	f		2022-07-16 11:49:13.626811+03
197	C	49	38	2	\N	\N	f		2022-07-16 11:49:13.626811+03
198	C	49	39	2	\N	\N	f		2022-07-16 11:49:13.626811+03
199	C	49	40	2	\N	\N	f		2022-07-16 11:49:13.626811+03
200	C	50	37	2	\N	\N	f		2022-07-16 11:49:13.626811+03
201	C	50	38	2	\N	\N	f		2022-07-16 11:49:13.626811+03
202	C	50	39	2	\N	\N	f		2022-07-16 11:49:13.626811+03
203	C	50	40	2	\N	\N	f		2022-07-16 11:49:13.626811+03
204	C	51	37	2	\N	\N	f		2022-07-16 11:49:13.626811+03
205	C	51	38	2	\N	\N	f		2022-07-16 11:49:13.626811+03
206	C	51	39	2	\N	\N	f		2022-07-16 11:49:13.626811+03
207	C	51	40	2	\N	\N	f		2022-07-16 11:49:13.626811+03
208	C	52	37	2	\N	\N	f		2022-07-16 11:49:13.626811+03
209	C	52	38	2	\N	\N	f		2022-07-16 11:49:13.626811+03
210	C	52	39	2	\N	\N	f		2022-07-16 11:49:13.626811+03
211	C	52	40	2	\N	\N	f		2022-07-16 11:49:13.626811+03
212	C	53	37	2	\N	\N	f		2022-07-16 11:49:13.626811+03
213	C	53	38	2	\N	\N	f		2022-07-16 11:49:13.626811+03
214	C	53	39	2	\N	\N	f		2022-07-16 11:49:13.626811+03
215	C	53	40	2	\N	\N	f		2022-07-16 11:49:13.626811+03
216	C	54	37	2	\N	\N	f		2022-07-16 11:49:13.626811+03
217	C	54	38	2	\N	\N	f		2022-07-16 11:49:13.626811+03
218	C	54	39	2	\N	\N	f		2022-07-16 11:49:13.626811+03
219	C	54	40	2	\N	\N	f		2022-07-16 11:49:13.626811+03
220	C	55	37	2	\N	\N	f		2022-07-16 11:49:13.626811+03
221	C	55	38	2	\N	\N	f		2022-07-16 11:49:13.626811+03
222	C	55	39	2	\N	\N	f		2022-07-16 11:49:13.626811+03
223	C	55	40	2	\N	\N	f		2022-07-16 11:49:13.626811+03
224	C	56	37	2	\N	\N	f		2022-07-16 11:49:13.626811+03
225	C	56	38	2	\N	\N	f		2022-07-16 11:49:13.626811+03
226	C	56	39	2	\N	\N	f		2022-07-16 11:49:13.626811+03
227	C	56	40	2	\N	\N	f		2022-07-16 11:49:13.626811+03
228	C	57	37	2	\N	\N	f		2022-07-16 11:49:13.626811+03
229	C	57	38	2	\N	\N	f		2022-07-16 11:49:13.626811+03
230	C	57	39	2	\N	\N	f		2022-07-16 11:49:13.626811+03
231	C	57	40	2	\N	\N	f		2022-07-16 11:49:13.626811+03
232	C	58	37	2	\N	\N	f		2022-07-16 11:49:13.626811+03
233	C	58	38	2	\N	\N	f		2022-07-16 11:49:13.626811+03
234	C	58	39	2	\N	\N	f		2022-07-16 11:49:13.626811+03
235	C	58	40	2	\N	\N	f		2022-07-16 11:49:13.626811+03
236	C	59	37	2	\N	\N	f		2022-07-16 11:49:13.626811+03
237	C	59	38	2	\N	\N	f		2022-07-16 11:49:13.626811+03
238	C	59	39	2	\N	\N	f		2022-07-16 11:49:13.626811+03
239	C	59	40	2	\N	\N	f		2022-07-16 11:49:13.626811+03
240	C	60	37	2	\N	\N	f		2022-07-16 11:49:13.626811+03
241	C	60	38	2	\N	\N	f		2022-07-16 11:49:13.626811+03
242	C	60	39	2	\N	\N	f		2022-07-16 11:49:13.626811+03
243	C	60	40	2	\N	\N	f		2022-07-16 11:49:13.626811+03
244	C	61	37	2	\N	\N	f		2022-07-16 11:49:13.626811+03
245	C	61	38	2	\N	\N	f		2022-07-16 11:49:13.626811+03
246	C	61	39	2	\N	\N	f		2022-07-16 11:49:13.626811+03
247	C	61	40	2	\N	\N	f		2022-07-16 11:49:13.626811+03
248	C	62	37	2	\N	\N	f		2022-07-16 11:49:13.626811+03
249	C	62	38	2	\N	\N	f		2022-07-16 11:49:13.626811+03
250	C	62	39	2	\N	\N	f		2022-07-16 11:49:13.626811+03
251	C	62	40	2	\N	\N	f		2022-07-16 11:49:13.626811+03
252	C	63	37	2	\N	\N	f		2022-07-16 11:49:13.626811+03
253	C	63	38	2	\N	\N	f		2022-07-16 11:49:13.626811+03
254	C	63	39	2	\N	\N	f		2022-07-16 11:49:13.626811+03
255	C	63	40	2	\N	\N	f		2022-07-16 11:49:13.626811+03
256	C	64	37	2	\N	\N	f		2022-07-16 11:49:13.626811+03
257	C	64	38	2	\N	\N	f		2022-07-16 11:49:13.626811+03
258	C	64	39	2	\N	\N	f		2022-07-16 11:49:13.626811+03
259	C	64	40	2	\N	\N	f		2022-07-16 11:49:13.626811+03
260	C	65	37	2	\N	\N	f		2022-07-16 11:49:13.626811+03
261	C	65	38	2	\N	\N	f		2022-07-16 11:49:13.626811+03
262	C	65	39	2	\N	\N	f		2022-07-16 11:49:13.626811+03
263	C	65	40	2	\N	\N	f		2022-07-16 11:49:13.626811+03
264	C	66	37	2	\N	\N	f		2022-07-16 11:49:13.626811+03
265	C	66	38	2	\N	\N	f		2022-07-16 11:49:13.626811+03
266	C	66	39	2	\N	\N	f		2022-07-16 11:49:13.626811+03
267	C	66	40	2	\N	\N	f		2022-07-16 11:49:13.626811+03
268	C	67	37	2	\N	\N	f		2022-07-16 11:49:13.626811+03
269	C	67	38	2	\N	\N	f		2022-07-16 11:49:13.626811+03
270	C	67	39	2	\N	\N	f		2022-07-16 11:49:13.626811+03
271	C	67	40	2	\N	\N	f		2022-07-16 11:49:13.626811+03
272	C	68	37	2	\N	\N	f		2022-07-16 11:49:13.626811+03
273	C	68	38	2	\N	\N	f		2022-07-16 11:49:13.626811+03
274	C	68	39	2	\N	\N	f		2022-07-16 11:49:13.626811+03
275	C	68	40	2	\N	\N	f		2022-07-16 11:49:13.626811+03
276	C	69	37	2	\N	\N	f		2022-07-16 11:49:13.626811+03
277	C	69	38	2	\N	\N	f		2022-07-16 11:49:13.626811+03
278	C	69	39	2	\N	\N	f		2022-07-16 11:49:13.626811+03
279	C	69	40	2	\N	\N	f		2022-07-16 11:49:13.626811+03
280	C	70	41	2	\N	\N	f		2022-07-16 11:49:13.626811+03
281	C	70	42	2	\N	\N	f		2022-07-16 11:49:13.626811+03
282	C	70	43	2	\N	\N	f		2022-07-16 11:49:13.626811+03
283	S	70	44	2	\N	\N	f		2022-07-16 11:49:13.626811+03
284	S	70	45	2	\N	\N	f		2022-07-16 11:49:13.626811+03
285	C	71	41	2	\N	\N	f		2022-07-16 11:49:13.626811+03
286	C	71	42	2	\N	\N	f		2022-07-16 11:49:13.626811+03
287	C	71	43	2	\N	\N	f		2022-07-16 11:49:13.626811+03
288	S	71	44	2	\N	\N	f		2022-07-16 11:49:13.626811+03
289	S	71	45	2	\N	\N	f		2022-07-16 11:49:13.626811+03
\.


--
-- Data for Name: Jobs; Type: TABLE DATA; Schema: public; Owner: postgres
--

COPY public."Jobs" ("Id", "Guid", "Name", "IsSuccess", "Message", "Status") FROM stdin;
\.


--
-- Data for Name: Offices; Type: TABLE DATA; Schema: public; Owner: postgres
--

COPY public."Offices" ("Id", "Title") FROM stdin;
1	Завод
2	Отдел АСУ ТП
\.


--
-- Data for Name: ParamInfos; Type: TABLE DATA; Schema: public; Owner: postgres
--

COPY public."ParamInfos" ("Id", "ParamName", "ObjectType", "Desc", "BaseActuatorTypeId") FROM stdin;
2	Среднее время срабатывания		Среднее время срабатывания	\N
1	MaxSafeSpeed		Максимально допустимое время срабатывания	3
\.


--
-- Data for Name: ProjectVersions; Type: TABLE DATA; Schema: public; Owner: postgres
--

COPY public."ProjectVersions" ("Id", "VersionNum", "TimeUtc", "User", "Comment", "ProjectId") FROM stdin;
\.


--
-- Data for Name: Projects; Type: TABLE DATA; Schema: public; Owner: postgres
--

COPY public."Projects" ("Id", "Title", "Desc", "Comment", "ActiveProjectVersionId", "LastProjectVersionId", "UnitId", "_IsDeleted", "_LastChangeUser", "_LastChangeTimeUtc") FROM stdin;
1	Основной			\N	\N	2	f		2022-07-16 11:49:12.632+03
3	Второй			\N	\N	1	f		2022-07-16 11:49:12.632+03
2	Основной			\N	\N	1	f		2022-07-16 11:49:13.626811+03
\.


--
-- Data for Name: ResultEvent; Type: TABLE DATA; Schema: public; Owner: postgres
--

COPY public."ResultEvent" ("Id", "Num", "TagName", "Type", "TagConditionString", "TriggeredType", "TriggeredTimeUtc", "ResultId") FROM stdin;
\.


--
-- Data for Name: Results; Type: TABLE DATA; Schema: public; Owner: postgres
--

COPY public."Results" ("Id", "Title", "Desc", "Comment", "AlalyzeTimeUtc", "StartTimeUtc", "EndTimeUtc", "UnitId") FROM stdin;
\.


--
-- Data for Name: Section; Type: TABLE DATA; Schema: public; Owner: postgres
--

COPY public."Section" ("Id", "Title", "Level", "Calculation", "ParentSectionId", "AlarmLevel", "AlarmOpacity", "K", "UnitId") FROM stdin;
1		0		\N	0	0	1	2
2	ExperionTags	1		1	0	0	1	2
3	Блок стабилизации катализата	1		1	0	0	1	2
4	Блок отпарки гидрогенизата	1		1	0	0	1	2
5	Блок гидроочистки	1		1	0	0	1	2
6	Блок риформинга	1		1	0	0	1	2
7	Схема топливного газа установки	1		1	0	0	1	2
8	Узел опорожнения системы	1		1	0	0	1	2
9	Узел подготовки жидкого топлива	1		1	0	0	1	2
10	Узел утилизации тепла уходящих дымовых газов	1		1	0	0	1	2
11	Узел хлоорганики	1		1	0	0	1	2
12	Факельная система	1		1	0	0	1	2
13	Cистема оборотного водоснабжения	1		1	0	0	1	2
14	/ASSETS/PI/PI_D1	2		2	0	0	1	2
15	/ASSETS/Argosy/E_EP1_PumpState	2		2	0	0	1	2
16	/ASSETS/Argosy/E_EP2_PumpState	2		2	0	0	1	2
17	Колонна К-7	2		3	0	0	1	2
18	Печь П-2	2		3	0	0	1	2
19	Колонна К-8	2		3	0	0	1	2
20	Колонна К-9	2		3	0	0	1	2
21	Сепаратор низкого давления	2		3	0	0	1	2
22	Отпарная колонна К-1	2		4	0	0	1	2
23	Сепаратор С-2	2		4	0	0	1	2
24	Печь П-201	2		5	0	0	1	2
25	Узел смешения и подогрева ГСС	2		5	0	0	1	2
26	Реакторный блок	2		6	0	0	1	2
27	Сепаратор высокого давления	2		6	0	0	1	2
28	Узел смешения и подогрева сырья Риформинга	2		6	0	0	1	2
29	FR318	2		7	0	0	1	2
30	FR319	2		7	0	0	1	2
31	FR320	2		7	0	0	1	2
32	FR321	2		7	0	0	1	2
33	LR412	2		7	0	0	1	2
34	LR413	2		7	0	0	1	2
35	PR229	2		7	0	0	1	2
36	PR230	2		7	0	0	1	2
37	PR231	2		7	0	0	1	2
38	PSL233	2		7	0	0	1	2
39	PSL235	2		7	0	0	1	2
40	PSL238	2		7	0	0	1	2
41	PSL240	2		7	0	0	1	2
42	PSL242	2		7	0	0	1	2
43	PSL244	2		7	0	0	1	2
44	PSL246	2		7	0	0	1	2
45	TR152	2		7	0	0	1	2
46	TR153	2		7	0	0	1	2
47	KD-PSL233	2		7	0	0	30	2
48	KD-PSL235	2		7	0	0	31	2
49	KD-PSL238	2		7	0	0	32	2
50	KD-PSL240	2		7	0	0	33	2
51	KD-PSL242	2		7	0	0	34	2
52	KD-PSL244	2		7	0	0	35	2
53	KD-PSL246	2		7	0	0	36	2
54	LR415	2		8	0	0	1	2
55	TR180	2		8	0	0	1	2
56	TR190	2		8	0	0	1	2
57	FR322	2		9	0	0	1	2
58	FR323	2		9	0	0	1	2
59	FR324	2		9	0	0	1	2
60	FR325	2		9	0	0	1	2
61	FR326	2		9	0	0	1	2
62	FR327	2		9	0	0	1	2
63	FR328	2		9	0	0	1	2
64	FR330	2		9	0	0	1	2
65	FR336	2		9	0	0	1	2
66	FR337	2		9	0	0	1	2
67	LS414	2		9	0	0	1	2
68	PDR247	2		9	0	0	1	2
69	PR274	2		9	0	0	1	2
70	PR275	2		9	0	0	1	2
71	PRA245	2		9	0	0	1	2
72	TR154	2		9	0	0	1	2
73	TR155	2		9	0	0	1	2
74	TR156	2		9	0	0	1	2
75	PR264	2		10	0	0	1	2
76	PR268	2		10	0	0	1	2
77	PR269	2		10	0	0	1	2
78	PR270	2		10	0	0	1	2
79	PR276	2		10	0	0	1	2
80	PR277	2		10	0	0	1	2
81	PR278	2		10	0	0	1	2
82	PR279	2		10	0	0	1	2
83	PR280	2		10	0	0	1	2
84	PR281	2		10	0	0	1	2
85	PR282	2		10	0	0	1	2
86	TR158	2		10	0	0	1	2
87	TR159	2		10	0	0	1	2
88	TR160	2		10	0	0	1	2
89	TR166	2		10	0	0	1	2
90	TR167	2		10	0	0	1	2
91	TR168	2		10	0	0	1	2
92	TR169	2		10	0	0	1	2
93	TR170	2		10	0	0	1	2
94	TR171	2		10	0	0	1	2
95	TR172	2		10	0	0	1	2
96	TR173	2		10	0	0	1	2
97	TR174	2		10	0	0	1	2
98	TR175	2		10	0	0	1	2
99	TR176	2		10	0	0	1	2
100	TR187	2		10	0	0	1	2
101	FR338	2		11	0	0	1	2
102	LRA412	2		11	0	0	1	2
103	PR283	2		11	0	0	1	2
104	FR335	2		12	0	0	1	2
105	LR416	2		12	0	0	1	2
106	PR271	2		12	0	0	1	2
107	TR181	2		12	0	0	1	2
108	FR333	2		13	0	0	1	2
109	LR417	2		13	0	0	1	2
110	PISA265	2		13	0	0	1	2
111	PR261	2		13	0	0	1	2
112	TR157	2		13	0	0	1	2
113	TR189	2		13	0	0	1	2
114	FR313	3		17	0	0	1	2
115	LRA411	3		17	0	0	1	2
116	PR224	3		17	0	0	1	2
117	PR225	3		17	0	0	1	2
118	TR145	3		17	0	0	1	2
119	TR183	3		17	0	0	1	2
120	KD-LRA411	3		17	0	0	23	2
121	TR147	3		18	0	0	1	2
122	AI407	3		18	0	0	1	2
123	AI408	3		18	0	0	1	2
124	FR310	3		18	0	0	1	2
125	FR311	3		18	0	0	1	2
126	FR315	3		18	0	0	1	2
127	FR316	3		18	0	0	1	2
128	FR317	3		18	0	0	1	2
129	FR339	3		18	0	0	1	2
130	PR226	3		18	0	0	1	2
131	PR227	3		18	0	0	1	2
132	PR246	3		18	0	0	1	2
133	PR247	3		18	0	0	1	2
134	PR248	3		18	0	0	1	2
135	PR249	3		18	0	0	1	2
136	PR250	3		18	0	0	1	2
137	TR144	3		18	0	0	1	2
138	TR146	3		18	0	0	1	2
139	TR148	3		18	0	0	1	2
140	TR149	3		18	0	0	1	2
141	TR150	3		18	0	0	1	2
142	TR151	3		18	0	0	1	2
143	TR178	3		18	0	0	1	2
144	TR179	3		18	0	0	1	2
145	KD-2SB11	3		18	0	0	1	2
146	KD-2SB-2	3		18	0	0	2	2
147	KD-FR316	3		18	0	0	16	2
148	KD-FR317	3		18	0	0	17	2
149	KD-TR178	3		18	0	0	40	2
150	KD-TR179	3		18	0	0	41	2
151	TR186	3		19	0	0	1	2
152	TR191	3		20	0	0	1	2
153	LRA408	3		21	0	0	1	2
154	LRA409	3		21	0	0	1	2
155	LRA410	3		21	0	0	1	2
156	PDR262	3		21	0	0	1	2
157	PDR263	3		21	0	0	1	2
158	KD-LRA409	3		21	0	0	22	2
159	FR305	3		22	0	0	1	2
160	FR306	3		22	0	0	1	2
161	FR312	3		22	0	0	1	2
162	FR314	3		22	0	0	1	2
163	LRA403	3		22	0	0	1	2
164	LRA404	3		22	0	0	1	2
165	LRA405	3		22	0	0	1	2
166	PR209	3		22	0	0	1	2
167	TI119	3		22	0	0	1	2
168	TI120	3		22	0	0	1	2
169	TI121	3		22	0	0	1	2
170	TI123	3		22	0	0	1	2
171	TR182	3		22	0	0	1	2
172	TR192	3		22	0	0	1	2
173	TR193	3		22	0	0	1	2
174	LRA406	3		23	0	0	1	2
175	PR210	3		23	0	0	1	2
176	TI122	3		23	0	0	1	2
177	TR194	3		23	0	0	1	2
178	KD-LRA406	3		23	0	0	21	2
179	AI405	3		24	0	0	1	2
180	AI406	3		24	0	0	1	2
181	AI415	3		24	0	0	1	2
182	PDR252	3		24	0	0	1	2
183	PR201	3		24	0	0	1	2
184	PR202	3		24	0	0	1	2
185	PR204	3		24	0	0	1	2
186	PR207	3		24	0	0	1	2
187	PR234	3		24	0	0	1	2
188	PR236	3		24	0	0	1	2
189	PR251	3		24	0	0	1	2
190	TI102	3		24	0	0	1	2
191	TI103	3		24	0	0	1	2
192	TI104	3		24	0	0	1	2
193	TI105	3		24	0	0	1	2
194	TI106	3		24	0	0	1	2
195	TI107	3		24	0	0	1	2
196	TI108	3		24	0	0	1	2
197	TI109	3		24	0	0	1	2
198	TI110	3		24	0	0	1	2
199	KD-BS-226	3		24	0	0	8	2
200	KD-BS-227	3		24	0	0	9	2
201	KD-BS-228	3		24	0	0	10	2
202	KD-BS-229	3		24	0	0	11	2
203	KD-BS-230	3		24	0	0	12	2
204	KD-FR301	3		24	0	0	13	2
205	KD-PR207	3		24	0	0	27	2
206	FR301	3		25	0	0	1	2
207	FR302	3		25	0	0	1	2
208	FR303	3		25	0	0	1	2
209	FR309	3		25	0	0	1	2
210	FR332	3		25	0	0	1	2
211	FR334	3		25	0	0	1	2
212	LR401	3		25	0	0	1	2
213	LRA402	3		25	0	0	1	2
214	PDAL206	3		25	0	0	1	2
215	PDR203	3		25	0	0	1	2
216	PSL205	3		25	0	0	1	2
217	TI101	3		25	0	0	1	2
218	TI113	3		25	0	0	1	2
219	TI114	3		25	0	0	1	2
220	TS117	3		25	0	0	1	2
221	KD-FR303	3		25	0	0	14	2
222	KD-LRA402	3		25	0	0	20	2
223	KD-PDAL206	3		25	0	0	26	2
224	KD-PSL205	3		25	0	0	29	2
225	KD-TS117	3		25	0	0	42	2
226	AI402	3		26	0	0	1	2
227	AI403	3		26	0	0	1	2
228	AI404	3		26	0	0	1	2
229	AI409	3		26	0	0	1	2
230	AI410	3		26	0	0	1	2
231	AI411	3		26	0	0	1	2
232	AI412	3		26	0	0	1	2
233	AI413	3		26	0	0	1	2
234	AI414	3		26	0	0	1	2
235	PDR212	3		26	0	0	1	2
236	PDR213	3		26	0	0	1	2
237	PDR214	3		26	0	0	1	2
238	PDR215	3		26	0	0	1	2
239	PDR257	3		26	0	0	1	2
240	PDR258	3		26	0	0	1	2
241	PDR259	3		26	0	0	1	2
242	PDR260	3		26	0	0	1	2
243	PDR272	3		26	0	0	1	2
244	PR216	3		26	0	0	1	2
245	PR217	3		26	0	0	1	2
246	PR232	3		26	0	0	1	2
247	PR237	3		26	0	0	1	2
248	PR239	3		26	0	0	1	2
249	PR241	3		26	0	0	1	2
250	PR243	3		26	0	0	1	2
251	PR245	3		26	0	0	1	2
252	PR253	3		26	0	0	1	2
253	PR254	3		26	0	0	1	2
254	PR255	3		26	0	0	1	2
255	PR256	3		26	0	0	1	2
256	TI112	3		26	0	0	1	2
257	TR131	3		26	0	0	1	2
258	TR132	3		26	0	0	1	2
259	TR134	3		26	0	0	1	2
260	TR135	3		26	0	0	1	2
261	TR137	3		26	0	0	1	2
262	TSH129	3		26	0	0	1	2
263	TSH133	3		26	0	0	1	2
264	TSH136	3		26	0	0	1	2
265	KD-BS-201-205	3		26	0	0	3	2
266	KD-BS-206-210	3		26	0	0	4	2
267	KD-BS-211-215	3		26	0	0	5	2
268	KD-BS-216-220	3		26	0	0	6	2
269	KD-BS-221-225	3		26	0	0	7	2
270	KD-TSH129	3		26	0	0	43	2
271	KD-TSH133	3		26	0	0	44	2
272	KD-TSH136	3		26	0	0	45	2
273	AI401	3		27	0	0	1	2
274	AI416	3		27	0	0	1	2
275	AI417	3		27	0	0	1	2
276	FR304	3		27	0	0	1	2
277	FR307	3		27	0	0	1	2
278	FR308	3		27	0	0	1	2
279	FR331	3		27	0	0	1	2
280	LRA407	3		27	0	0	1	2
281	LRA417	3		27	0	0	1	2
282	PR218	3		27	0	0	1	2
283	PR219	3		27	0	0	1	2
284	PR220	3		27	0	0	1	2
285	PR221	3		27	0	0	1	2
286	PR222	3		27	0	0	1	2
287	PR223	3		27	0	0	1	2
288	KD-FR307	3		27	0	0	15	2
289	KD-FR331	3		27	0	0	18	2
290	KD-LRA417	3		27	0	0	24	2
291	PR208	3		28	0	0	1	2
292	PR211	3		28	0	0	1	2
293	TI115	3		28	0	0	1	2
294	TI116	3		28	0	0	1	2
295	TI118	3		28	0	0	1	2
296	TI124	3		28	0	0	1	2
297	TI125	3		28	0	0	1	2
298	TI126	3		28	0	0	1	2
299	TI127	3		28	0	0	1	2
300	TI128	3		28	0	0	1	2
301	TIA111	3		28	0	0	1	2
302	TR130	3		28	0	0	1	2
303	TR138	3		28	0	0	1	2
304	TR139	3		28	0	0	1	2
305	TR140	3		28	0	0	1	2
306	TR141	3		28	0	0	1	2
307	TR142	3		28	0	0	1	2
308	TR143	3		28	0	0	1	2
309	TR177	3		28	0	0	1	2
310	TR184	3		28	0	0	1	2
311	TR185	3		28	0	0	1	2
312	KD-TIA111	3		28	0	0	37	2
\.


--
-- Data for Name: SetActiveProjectVersionRequests; Type: TABLE DATA; Schema: public; Owner: postgres
--

COPY public."SetActiveProjectVersionRequests" ("Id", "RequestedActiveProjectVersionId", "RequestUser", "RequestMessage", "ReplyUser", "ReplyMessage", "Status") FROM stdin;
\.


--
-- Data for Name: SimUsers; Type: TABLE DATA; Schema: public; Owner: postgres
--

COPY public."SimUsers" ("Id", "User", "Password", "ProviderName", "ProviderSubjectId", "IsActive", "FirstName", "LastName", "MiddleName", "PersonnelNumber", "OfficeId", "Role") FROM stdin;
1	mngr	mngr1			t	Александр	Пушкин	Сергеевич	27	1	RoleAdmin
\.


--
-- Data for Name: SubCause; Type: TABLE DATA; Schema: public; Owner: postgres
--

COPY public."SubCause" ("Id", "Num", "TagName", "TagConditionString", "TagConditionString_SymbolToDisplay", "CustomFieldValues", "CauseId", "_CreateProjectVersionNum", "_DeleteProjectVersionNum", "_IsDeleted", "_LastChangeUser", "_LastChangeTimeUtc") FROM stdin;
\.


--
-- Data for Name: SubCauseResult; Type: TABLE DATA; Schema: public; Owner: postgres
--

COPY public."SubCauseResult" ("Id", "Num", "TagName", "TagConditionString", "TagConditionString_SymbolToDisplay", "CustomFieldValues", "TriggeredTimeUtc", "CauseResultId") FROM stdin;
\.


--
-- Data for Name: TagConditionInfos; Type: TABLE DATA; Schema: public; Owner: postgres
--

COPY public."TagConditionInfos" ("Id", "Identifier", "TagType", "Desc") FROM stdin;
1	PVHighHigh		Параметр: PV, сигнализация: High High
2	PVHigh		Параметр: PV, сигнализация: High
3	PVLow		Параметр: PV, сигнализация: Low
4	PVLowLow		Параметр: PV, сигнализация: Low Low
5	ALARM		Сигнализация дискретного параметра
\.


--
-- Data for Name: TagConditions; Type: TABLE DATA; Schema: public; Owner: postgres
--

COPY public."TagConditions" ("Id", "Identifier", "Value", "SymbolToDisplay", "CanBeCause", "CanBeEffect", "TagConditionInfoId", "TagId", "_CreateProjectVersionNum", "_DeleteProjectVersionNum", "_IsDeleted", "_LastChangeUser", "_LastChangeTimeUtc") FROM stdin;
1	ALARM	ВЫКЛ		t	t	\N	1	\N	\N	f		2022-07-16 11:49:13.261069+03
2	ALARM	ВЫКЛ		t	t	\N	2	\N	\N	f		2022-07-16 11:49:13.261069+03
3	ALARM	Не горит		t	t	\N	3	\N	\N	f		2022-07-16 11:49:13.261069+03
4	ALARM	Не горит		t	t	\N	4	\N	\N	f		2022-07-16 11:49:13.261069+03
5	ALARM	Не горит		t	t	\N	5	\N	\N	f		2022-07-16 11:49:13.261069+03
6	ALARM	Не горит		t	t	\N	6	\N	\N	f		2022-07-16 11:49:13.261069+03
7	ALARM	Не горит		t	t	\N	7	\N	\N	f		2022-07-16 11:49:13.261069+03
8	ALARM	Не горит		t	t	\N	8	\N	\N	f		2022-07-16 11:49:13.261069+03
9	ALARM	Не горит		t	t	\N	9	\N	\N	f		2022-07-16 11:49:13.261069+03
10	ALARM	Не горит		t	t	\N	10	\N	\N	f		2022-07-16 11:49:13.261069+03
11	ALARM	Не горит		t	t	\N	11	\N	\N	f		2022-07-16 11:49:13.261069+03
12	ALARM	Не горит		t	t	\N	12	\N	\N	f		2022-07-16 11:49:13.261069+03
13	ALARM	Не горит		t	t	\N	13	\N	\N	f		2022-07-16 11:49:13.261069+03
14	ALARM	Не горит		t	t	\N	14	\N	\N	f		2022-07-16 11:49:13.261069+03
15	ALARM	Не горит		t	t	\N	15	\N	\N	f		2022-07-16 11:49:13.261069+03
16	ALARM	Не горит		t	t	\N	16	\N	\N	f		2022-07-16 11:49:13.261069+03
17	ALARM	Не горит		t	t	\N	17	\N	\N	f		2022-07-16 11:49:13.261069+03
18	ALARM	Не горит		t	t	\N	18	\N	\N	f		2022-07-16 11:49:13.261069+03
19	ALARM	Не горит		t	t	\N	19	\N	\N	f		2022-07-16 11:49:13.261069+03
20	ALARM	Не горит		t	t	\N	20	\N	\N	f		2022-07-16 11:49:13.261069+03
21	ALARM	Не горит		t	t	\N	21	\N	\N	f		2022-07-16 11:49:13.261069+03
22	ALARM	Не горит		t	t	\N	22	\N	\N	f		2022-07-16 11:49:13.261069+03
23	ALARM	Не горит		t	t	\N	23	\N	\N	f		2022-07-16 11:49:13.261069+03
24	ALARM	Не горит		t	t	\N	24	\N	\N	f		2022-07-16 11:49:13.261069+03
25	ALARM	Не горит		t	t	\N	25	\N	\N	f		2022-07-16 11:49:13.261069+03
26	ALARM	Не горит		t	t	\N	26	\N	\N	f		2022-07-16 11:49:13.261069+03
27	ALARM	Не горит		t	t	\N	27	\N	\N	f		2022-07-16 11:49:13.261069+03
28	ALARM	Не горит		t	t	\N	28	\N	\N	f		2022-07-16 11:49:13.261069+03
29	ALARM	Не горит		t	t	\N	29	\N	\N	f		2022-07-16 11:49:13.261069+03
30	ALARM	Не горит		t	t	\N	30	\N	\N	f		2022-07-16 11:49:13.261069+03
31	ALARM	Не горит		t	t	\N	31	\N	\N	f		2022-07-16 11:49:13.261069+03
32	ALARM	Не горит		t	t	\N	32	\N	\N	f		2022-07-16 11:49:13.261069+03
33	ALARM	Не горит		t	t	\N	33	\N	\N	f		2022-07-16 11:49:13.261069+03
34	ALARM	Не горит		t	t	\N	34	\N	\N	f		2022-07-16 11:49:13.261069+03
35	ALARM	ОТКР		t	t	\N	35	\N	\N	f		2022-07-16 11:49:13.261069+03
36	ALARM	ОТКР		t	t	\N	36	\N	\N	f		2022-07-16 11:49:13.261069+03
37	ALARM	ОТКР		t	t	\N	37	\N	\N	f		2022-07-16 11:49:13.261069+03
38	ALARM	ВЫКЛ		t	t	\N	38	\N	\N	f		2022-07-16 11:49:13.261069+03
39	ALARM	ВЫКЛ		t	t	\N	39	\N	\N	f		2022-07-16 11:49:13.261069+03
40	ALARM	ВЫКЛ		t	t	\N	40	\N	\N	f		2022-07-16 11:49:13.261069+03
41	ALARM	ВЫКЛ		t	t	\N	41	\N	\N	f		2022-07-16 11:49:13.261069+03
42	ALARM	ВЫКЛ		t	t	\N	42	\N	\N	f		2022-07-16 11:49:13.261069+03
43	ALARM	ВЫКЛ		t	t	\N	43	\N	\N	f		2022-07-16 11:49:13.261069+03
44	ALARM	ВЫКЛ		t	t	\N	44	\N	\N	f		2022-07-16 11:49:13.261069+03
45	ALARM	ВЫКЛ		t	t	\N	45	\N	\N	f		2022-07-16 11:49:13.261069+03
46	ALARM	ВЫКЛ		t	t	\N	46	\N	\N	f		2022-07-16 11:49:13.261069+03
47	ALARM	ВЫКЛ		t	t	\N	47	\N	\N	f		2022-07-16 11:49:13.261069+03
48	ALARM	ВЫКЛ		t	t	\N	48	\N	\N	f		2022-07-16 11:49:13.261069+03
49	ALARM	ВЫКЛ		t	t	\N	49	\N	\N	f		2022-07-16 11:49:13.261069+03
50	ALARM	ВЫКЛ		t	t	\N	50	\N	\N	f		2022-07-16 11:49:13.261069+03
51	ALARM	ВЫКЛ		t	t	\N	51	\N	\N	f		2022-07-16 11:49:13.261069+03
52	ALARM	ЗАКР		t	t	\N	52	\N	\N	f		2022-07-16 11:49:13.261069+03
53	ALARM	ЗАКР		t	t	\N	53	\N	\N	f		2022-07-16 11:49:13.261069+03
54	ALARM	ЗАКР		t	t	\N	54	\N	\N	f		2022-07-16 11:49:13.261069+03
55	ALARM	ЗАКР		t	t	\N	55	\N	\N	f		2022-07-16 11:49:13.261069+03
56	ALARM	ЗАКР		t	t	\N	56	\N	\N	f		2022-07-16 11:49:13.261069+03
57	ALARM	ЗАКР		t	t	\N	57	\N	\N	f		2022-07-16 11:49:13.261069+03
58	ALARM	ЗАКР		t	t	\N	58	\N	\N	f		2022-07-16 11:49:13.261069+03
59	ALARM	ЗАКР		t	t	\N	59	\N	\N	f		2022-07-16 11:49:13.261069+03
60	ALARM	ЗАКР		t	t	\N	60	\N	\N	f		2022-07-16 11:49:13.261069+03
61	ALARM	ЗАКР		t	t	\N	61	\N	\N	f		2022-07-16 11:49:13.261069+03
62	ALARM	ЗАКР		t	t	\N	62	\N	\N	f		2022-07-16 11:49:13.261069+03
63	ALARM	ЗАКР		t	t	\N	63	\N	\N	f		2022-07-16 11:49:13.261069+03
64	ALARM	ЗАКР		t	t	\N	64	\N	\N	f		2022-07-16 11:49:13.261069+03
65	ALARM	ЗАКР		t	t	\N	65	\N	\N	f		2022-07-16 11:49:13.261069+03
66	ALARM	ЗАКР		t	t	\N	66	\N	\N	f		2022-07-16 11:49:13.261069+03
67	PVHigh			t	t	\N	67	\N	\N	f		2022-07-16 11:49:13.261069+03
68	PVHighHigh			t	t	\N	67	\N	\N	f		2022-07-16 11:49:13.261069+03
69	PVLowLow			t	t	\N	68	\N	\N	f		2022-07-16 11:49:13.261069+03
70	PVLow			t	t	\N	68	\N	\N	f		2022-07-16 11:49:13.261069+03
71	PVLowLow			t	t	\N	69	\N	\N	f		2022-07-16 11:49:13.261069+03
72	PVLow			t	t	\N	69	\N	\N	f		2022-07-16 11:49:13.261069+03
73	PVLowLow			t	t	\N	70	\N	\N	f		2022-07-16 11:49:13.261069+03
74	PVLow			t	t	\N	70	\N	\N	f		2022-07-16 11:49:13.261069+03
75	PVLowLow			t	t	\N	71	\N	\N	f		2022-07-16 11:49:13.261069+03
76	PVLow			t	t	\N	71	\N	\N	f		2022-07-16 11:49:13.261069+03
77	PVLowLow			t	t	\N	72	\N	\N	f		2022-07-16 11:49:13.261069+03
78	PVLow			t	t	\N	72	\N	\N	f		2022-07-16 11:49:13.261069+03
79	PVLowLow			t	t	\N	73	\N	\N	f		2022-07-16 11:49:13.261069+03
80	PVLow			t	t	\N	73	\N	\N	f		2022-07-16 11:49:13.261069+03
81	PVLow			t	t	\N	74	\N	\N	f		2022-07-16 11:49:13.261069+03
82	PVHigh			t	t	\N	74	\N	\N	f		2022-07-16 11:49:13.261069+03
83	PVLow			t	t	\N	75	\N	\N	f		2022-07-16 11:49:13.261069+03
84	PVHigh			t	t	\N	75	\N	\N	f		2022-07-16 11:49:13.261069+03
85	PVLowLow			t	t	\N	76	\N	\N	f		2022-07-16 11:49:13.261069+03
86	PVLow			t	t	\N	76	\N	\N	f		2022-07-16 11:49:13.261069+03
87	PVHigh			t	t	\N	76	\N	\N	f		2022-07-16 11:49:13.261069+03
88	PVHigh			t	t	\N	77	\N	\N	f		2022-07-16 11:49:13.261069+03
89	PVHighHigh			t	t	\N	77	\N	\N	f		2022-07-16 11:49:13.261069+03
90	PVLow			t	t	\N	78	\N	\N	f		2022-07-16 11:49:13.261069+03
91	PVHigh			t	t	\N	78	\N	\N	f		2022-07-16 11:49:13.261069+03
92	PVHighHigh			t	t	\N	78	\N	\N	f		2022-07-16 11:49:13.261069+03
93	PVLow			t	t	\N	79	\N	\N	f		2022-07-16 11:49:13.261069+03
94	PVHigh			t	t	\N	79	\N	\N	f		2022-07-16 11:49:13.261069+03
95	PVLow			t	t	\N	80	\N	\N	f		2022-07-16 11:49:13.261069+03
96	PVHigh			t	t	\N	80	\N	\N	f		2022-07-16 11:49:13.261069+03
97	PVLowLow			t	t	\N	81	\N	\N	f		2022-07-16 11:49:13.261069+03
98	PVLow			t	t	\N	81	\N	\N	f		2022-07-16 11:49:13.261069+03
99	PVHigh			t	t	\N	81	\N	\N	f		2022-07-16 11:49:13.261069+03
100	PVLow			t	t	\N	82	\N	\N	f		2022-07-16 11:49:13.261069+03
101	PVHigh			t	t	\N	82	\N	\N	f		2022-07-16 11:49:13.261069+03
102	PVLow			t	t	\N	83	\N	\N	f		2022-07-16 11:49:13.261069+03
103	PVHigh			t	t	\N	83	\N	\N	f		2022-07-16 11:49:13.261069+03
104	PVLowLow			t	t	\N	84	\N	\N	f		2022-07-16 11:49:13.261069+03
105	PVLow			t	t	\N	84	\N	\N	f		2022-07-16 11:49:13.261069+03
106	PVHigh			t	t	\N	84	\N	\N	f		2022-07-16 11:49:13.261069+03
107	PVLow			t	t	\N	85	\N	\N	f		2022-07-16 11:49:13.261069+03
108	PVHigh			t	t	\N	85	\N	\N	f		2022-07-16 11:49:13.261069+03
109	PVLowLow			t	t	\N	86	\N	\N	f		2022-07-16 11:49:13.261069+03
110	PVLow			t	t	\N	86	\N	\N	f		2022-07-16 11:49:13.261069+03
111	PVHigh			t	t	\N	86	\N	\N	f		2022-07-16 11:49:13.261069+03
112	PVLow			t	t	\N	87	\N	\N	f		2022-07-16 11:49:13.261069+03
113	PVHigh			t	t	\N	88	\N	\N	f		2022-07-16 11:49:13.261069+03
114	PVHighHigh			t	t	\N	88	\N	\N	f		2022-07-16 11:49:13.261069+03
115	PVLowLow			t	t	\N	89	\N	\N	f		2022-07-16 11:49:13.261069+03
116	PVLow			t	t	\N	89	\N	\N	f		2022-07-16 11:49:13.261069+03
117	PVHigh			t	t	\N	89	\N	\N	f		2022-07-16 11:49:13.261069+03
118	PVHighHigh			t	t	\N	89	\N	\N	f		2022-07-16 11:49:13.261069+03
119	PVHigh			t	t	\N	90	\N	\N	f		2022-07-16 11:49:13.261069+03
120	PVHighHigh			t	t	\N	90	\N	\N	f		2022-07-16 11:49:13.261069+03
121	PVHigh			t	t	\N	91	\N	\N	f		2022-07-16 11:49:13.261069+03
122	PVHigh			t	t	\N	92	\N	\N	f		2022-07-16 11:49:13.261069+03
123	PVHigh			t	t	\N	93	\N	\N	f		2022-07-16 11:49:13.261069+03
124	PVHigh			t	t	\N	94	\N	\N	f		2022-07-16 11:49:13.261069+03
125	PVHigh			t	t	\N	95	\N	\N	f		2022-07-16 11:49:13.261069+03
126	PVHigh			t	t	\N	96	\N	\N	f		2022-07-16 11:49:13.261069+03
127	PVHigh			t	t	\N	97	\N	\N	f		2022-07-16 11:49:13.261069+03
128	PVHighHigh			t	t	\N	97	\N	\N	f		2022-07-16 11:49:13.261069+03
129	PVHigh			t	t	\N	98	\N	\N	f		2022-07-16 11:49:13.261069+03
130	PVHigh			t	t	\N	99	\N	\N	f		2022-07-16 11:49:13.261069+03
131	PVHigh			t	t	\N	100	\N	\N	f		2022-07-16 11:49:13.261069+03
132	PVLow			t	t	\N	101	\N	\N	f		2022-07-16 11:49:13.261069+03
133	PVLow			t	t	\N	102	\N	\N	f		2022-07-16 11:49:13.261069+03
134	PVLow			t	t	\N	103	\N	\N	f		2022-07-16 11:49:13.261069+03
135	PVLow			t	t	\N	104	\N	\N	f		2022-07-16 11:49:13.261069+03
136	PVLow			t	t	\N	105	\N	\N	f		2022-07-16 11:49:13.261069+03
137	PVHigh			t	t	\N	105	\N	\N	f		2022-07-16 11:49:13.261069+03
138	PVLow			t	t	\N	106	\N	\N	f		2022-07-16 11:49:13.261069+03
139	PVLow			t	t	\N	107	\N	\N	f		2022-07-16 11:49:13.261069+03
140	PVLow			t	t	\N	108	\N	\N	f		2022-07-16 11:49:13.261069+03
141	PVLow			t	t	\N	109	\N	\N	f		2022-07-16 11:49:13.261069+03
142	PVLow			t	t	\N	110	\N	\N	f		2022-07-16 11:49:13.261069+03
143	PVLow			t	t	\N	111	\N	\N	f		2022-07-16 11:49:13.261069+03
144	PVLow			t	t	\N	112	\N	\N	f		2022-07-16 11:49:13.261069+03
145	PVLow			t	t	\N	113	\N	\N	f		2022-07-16 11:49:13.261069+03
146	PVLow			t	t	\N	114	\N	\N	f		2022-07-16 11:49:13.261069+03
147	PVLowLow			t	t	\N	115	\N	\N	f		2022-07-16 11:49:13.261069+03
148	PVLow			t	t	\N	115	\N	\N	f		2022-07-16 11:49:13.261069+03
149	PVHigh			t	t	\N	116	\N	\N	f		2022-07-16 11:49:13.261069+03
150	PVHighHigh			t	t	\N	116	\N	\N	f		2022-07-16 11:49:13.261069+03
151	PVLowLow			t	t	\N	117	\N	\N	f		2022-07-16 11:49:13.261069+03
152	PVLow			t	t	\N	117	\N	\N	f		2022-07-16 11:49:13.261069+03
153	PVLowLow			t	t	\N	118	\N	\N	f		2022-07-16 11:49:13.261069+03
154	PVLow			t	t	\N	118	\N	\N	f		2022-07-16 11:49:13.261069+03
155	PVLowLow			t	t	\N	119	\N	\N	f		2022-07-16 11:49:13.261069+03
156	PVLow			t	t	\N	119	\N	\N	f		2022-07-16 11:49:13.261069+03
157	PVLowLow			t	t	\N	120	\N	\N	f		2022-07-16 11:49:13.261069+03
158	PVLowLow			t	t	\N	121	\N	\N	f		2022-07-16 11:49:13.261069+03
159	PVLowLow			t	t	\N	122	\N	\N	f		2022-07-16 11:49:13.261069+03
160	PVLowLow			t	t	\N	123	\N	\N	f		2022-07-16 11:49:13.261069+03
161	PVLowLow			t	t	\N	124	\N	\N	f		2022-07-16 11:49:13.261069+03
162	PVHigh			t	t	\N	125	\N	\N	f		2022-07-16 11:49:13.261069+03
163	PVHighHigh			t	t	\N	125	\N	\N	f		2022-07-16 11:49:13.261069+03
164	PVHigh			t	t	\N	126	\N	\N	f		2022-07-16 11:49:13.261069+03
165	PVHigh			t	t	\N	127	\N	\N	f		2022-07-16 11:49:13.261069+03
166	PVHigh			t	t	\N	128	\N	\N	f		2022-07-16 11:49:13.261069+03
167	PVHigh			t	t	\N	129	\N	\N	f		2022-07-16 11:49:13.261069+03
168	PVHigh			t	t	\N	130	\N	\N	f		2022-07-16 11:49:13.261069+03
169	PVHighHigh			t	t	\N	130	\N	\N	f		2022-07-16 11:49:13.261069+03
170	PVHigh			t	t	\N	131	\N	\N	f		2022-07-16 11:49:13.261069+03
171	PVHighHigh			t	t	\N	131	\N	\N	f		2022-07-16 11:49:13.261069+03
172	PVHigh			t	t	\N	132	\N	\N	f		2022-07-16 11:49:13.261069+03
173	PVHighHigh			t	t	\N	132	\N	\N	f		2022-07-16 11:49:13.261069+03
174	PVHigh			t	t	\N	133	\N	\N	f		2022-07-16 11:49:13.261069+03
175	PVHighHigh			t	t	\N	133	\N	\N	f		2022-07-16 11:49:13.261069+03
176	PVHigh			t	t	\N	134	\N	\N	f		2022-07-16 11:49:13.261069+03
177	PVHighHigh			t	t	\N	134	\N	\N	f		2022-07-16 11:49:13.261069+03
178	PVHigh			t	t	\N	135	\N	\N	f		2022-07-16 11:49:13.261069+03
179	PVHighHigh			t	t	\N	135	\N	\N	f		2022-07-16 11:49:13.261069+03
180	PVHigh			t	t	\N	136	\N	\N	f		2022-07-16 11:49:13.261069+03
181	PVHighHigh			t	t	\N	136	\N	\N	f		2022-07-16 11:49:13.261069+03
182	PVHigh			t	t	\N	137	\N	\N	f		2022-07-16 11:49:13.261069+03
183	PVHighHigh			t	t	\N	137	\N	\N	f		2022-07-16 11:49:13.261069+03
184	PVHigh			t	t	\N	138	\N	\N	f		2022-07-16 11:49:13.261069+03
185	PVHigh			t	t	\N	139	\N	\N	f		2022-07-16 11:49:13.261069+03
186	PVHighHigh			t	t	\N	139	\N	\N	f		2022-07-16 11:49:13.261069+03
187	PVHigh			t	t	\N	140	\N	\N	f		2022-07-16 11:49:13.261069+03
188	PVHighHigh			t	t	\N	140	\N	\N	f		2022-07-16 11:49:13.261069+03
189	PVHigh			t	t	\N	141	\N	\N	f		2022-07-16 11:49:13.261069+03
190	PVHighHigh			t	t	\N	141	\N	\N	f		2022-07-16 11:49:13.261069+03
191	PVHigh			t	t	\N	142	\N	\N	f		2022-07-16 11:49:13.261069+03
192	PVHighHigh			t	t	\N	142	\N	\N	f		2022-07-16 11:49:13.261069+03
193	PVHigh			t	t	\N	143	\N	\N	f		2022-07-16 11:49:13.261069+03
194	PVHighHigh			t	t	\N	143	\N	\N	f		2022-07-16 11:49:13.261069+03
195	PVLowLow			t	t	\N	144	\N	\N	f		2022-07-16 11:49:13.261069+03
196	PVLow			t	t	\N	144	\N	\N	f		2022-07-16 11:49:13.261069+03
\.


--
-- Data for Name: TagEvent; Type: TABLE DATA; Schema: public; Owner: postgres
--

COPY public."TagEvent" ("Id", "EventTimeUtc", "Value", "TagId") FROM stdin;
\.


--
-- Data for Name: TagParams; Type: TABLE DATA; Schema: public; Owner: postgres
--

COPY public."TagParams" ("Id", "TagId", "_CreateProjectVersionNum", "_DeleteProjectVersionNum", "_IsDeleted", "_LastChangeUser", "_LastChangeTimeUtc", "ParamName", "Value", "Eu", "ParamInfoId") FROM stdin;
\.


--
-- Data for Name: Tags; Type: TABLE DATA; Schema: public; Owner: postgres
--

COPY public."Tags" ("Id", "TagName", "Desc", "_LockedByUser", "BaseActuatorId", "ProjectId", "_CreateProjectVersionNum", "_DeleteProjectVersionNum", "_IsDeleted", "_LastChangeUser", "_LastChangeTimeUtc") FROM stdin;
1	E_EP1_PumpState	Состояние насоса		1	2	\N	\N	f		2022-07-16 11:49:13.261069+03
2	E_EP2_PumpState	Состояние насоса		1	2	\N	\N	f		2022-07-16 11:49:13.261069+03
3	2SB-1	Датчик погас пламени  П-2		1	2	\N	\N	f		2022-07-16 11:49:13.261069+03
4	2SB-2	Датчик погас пламени  П-2		1	2	\N	\N	f		2022-07-16 11:49:13.261069+03
5	BS-201	Датчик погас пламени  П-1/1		1	2	\N	\N	f		2022-07-16 11:49:13.261069+03
6	BS-202	Датчик погас пламени  П-1/1		1	2	\N	\N	f		2022-07-16 11:49:13.261069+03
7	BS-203	Датчик погас пламени  П-1/1		1	2	\N	\N	f		2022-07-16 11:49:13.261069+03
8	BS-204	Датчик погас пламени  П-1/1		1	2	\N	\N	f		2022-07-16 11:49:13.261069+03
9	BS-205	Датчик погас пламени  П-1/1		1	2	\N	\N	f		2022-07-16 11:49:13.261069+03
10	BS-206	Датчик погас пламени  П-1/2		1	2	\N	\N	f		2022-07-16 11:49:13.261069+03
11	BS-207	Датчик погас пламени  П-1/2		1	2	\N	\N	f		2022-07-16 11:49:13.261069+03
12	BS-208	Датчик погас пламени  П-1/2		1	2	\N	\N	f		2022-07-16 11:49:13.261069+03
13	BS-209	Датчик погас пламени  П-1/2		1	2	\N	\N	f		2022-07-16 11:49:13.261069+03
14	BS-210	Датчик погас пламени  П-1/2		1	2	\N	\N	f		2022-07-16 11:49:13.261069+03
15	BS-211	Датчик погас пламени  П-1/3		1	2	\N	\N	f		2022-07-16 11:49:13.261069+03
16	BS-212	Датчик погас пламени  П-1/3		1	2	\N	\N	f		2022-07-16 11:49:13.261069+03
17	BS-213	Датчик погас пламени  П-1/3		1	2	\N	\N	f		2022-07-16 11:49:13.261069+03
18	BS-214	Датчик погас пламени  П-1/3		1	2	\N	\N	f		2022-07-16 11:49:13.261069+03
19	BS-215	Датчик погас пламени  П-1/3		1	2	\N	\N	f		2022-07-16 11:49:13.261069+03
20	BS-216	Датчик погас пламени  П-1/4		1	2	\N	\N	f		2022-07-16 11:49:13.261069+03
21	BS-217	Датчик погас пламени  П-1/4		1	2	\N	\N	f		2022-07-16 11:49:13.261069+03
22	BS-218	Датчик погас пламени  П-1/4		1	2	\N	\N	f		2022-07-16 11:49:13.261069+03
23	BS-219	Датчик погас пламени  П-1/4		1	2	\N	\N	f		2022-07-16 11:49:13.261069+03
24	BS-220	Датчик погас пламени  П-1/4		1	2	\N	\N	f		2022-07-16 11:49:13.261069+03
25	BS-221	Датчик погас пламени  П-1/5		1	2	\N	\N	f		2022-07-16 11:49:13.261069+03
26	BS-222	Датчик погас пламени  П-1/5		1	2	\N	\N	f		2022-07-16 11:49:13.261069+03
27	BS-223	Датчик погас пламени  П-1/5		1	2	\N	\N	f		2022-07-16 11:49:13.261069+03
28	BS-224	Датчик погас пламени  П-1/5		1	2	\N	\N	f		2022-07-16 11:49:13.261069+03
29	BS-225	Датчик погас пламени  П-1/5		1	2	\N	\N	f		2022-07-16 11:49:13.261069+03
30	BS-226	Датчик погас пламени  П-201		1	2	\N	\N	f		2022-07-16 11:49:13.261069+03
31	BS-227	Датчик погас пламени  П-201		1	2	\N	\N	f		2022-07-16 11:49:13.261069+03
32	BS-228	Датчик погас пламени  П-201		1	2	\N	\N	f		2022-07-16 11:49:13.261069+03
33	BS-229	Датчик погас пламени  П-201		1	2	\N	\N	f		2022-07-16 11:49:13.261069+03
34	BS-230	Датчик погас пламени  П-201		1	2	\N	\N	f		2022-07-16 11:49:13.261069+03
35	EUV201	Пар в камеру П-201		1	2	\N	\N	f		2022-07-16 11:49:13.261069+03
36	EUV202	Пар в камеру  П-1		1	2	\N	\N	f		2022-07-16 11:49:13.261069+03
37	EUV203	Пар в камеру  П-2		1	2	\N	\N	f		2022-07-16 11:49:13.261069+03
38	H-1	Центробежный насос подачи сырья		1	2	\N	\N	f		2022-07-16 11:49:13.261069+03
39	H-15	Насос циркулирующего продукта К-7		1	2	\N	\N	f		2022-07-16 11:49:13.261069+03
40	H-16	Насос циркулирующего продукта К-7		1	2	\N	\N	f		2022-07-16 11:49:13.261069+03
41	H-18	Центробежный насос подачи флегмы К-7		1	2	\N	\N	f		2022-07-16 11:49:13.261069+03
42	H-19	Центробежный насос подачи флегмы К-7		1	2	\N	\N	f		2022-07-16 11:49:13.261069+03
43	H-2	Центробежный насос подачи сырья		1	2	\N	\N	f		2022-07-16 11:49:13.261069+03
44	H-3	Центробежный насос подачи гидрогенизата		1	2	\N	\N	f		2022-07-16 11:49:13.261069+03
45	H-34	Насос дренирования из Е-8		1	2	\N	\N	f		2022-07-16 11:49:13.261069+03
46	H-4	Центробежный насос подачи гидрогенизата		1	2	\N	\N	f		2022-07-16 11:49:13.261069+03
47	H-8	Центробежный насос подачи флегмы К-1		1	2	\N	\N	f		2022-07-16 11:49:13.261069+03
48	H-9	Центробежный насос подачи флегмы К-1		1	2	\N	\N	f		2022-07-16 11:49:13.261069+03
49	ПК-1	Циркуляционный газовый компрессор гидроочистки		1	2	\N	\N	f		2022-07-16 11:49:13.261069+03
50	ПК-2	Циркуляционный газовый компрессор гидроочистки		1	2	\N	\N	f		2022-07-16 11:49:13.261069+03
51	TK601	Компрессор ТК601		1	2	\N	\N	f		2022-07-16 11:49:13.261069+03
52	UV-202	Топ газ к П-2		1	2	\N	\N	f		2022-07-16 11:49:13.261069+03
53	UV-207	Топ  газ к П-1		1	2	\N	\N	f		2022-07-16 11:49:13.261069+03
54	UV-208	Топ  газ		1	2	\N	\N	f		2022-07-16 11:49:13.261069+03
55	UV-209	Прямой мазут П-1		1	2	\N	\N	f		2022-07-16 11:49:13.261069+03
56	UV-210	Обратный  мазут с  П-1		1	2	\N	\N	f		2022-07-16 11:49:13.261069+03
57	UV-211	Топ газ к  П-201		1	2	\N	\N	f		2022-07-16 11:49:13.261069+03
58	UV-212	Пилот топ  газ к П-201		1	2	\N	\N	f		2022-07-16 11:49:13.261069+03
59	UV-213	Обратный  мазут с  П-201		1	2	\N	\N	f		2022-07-16 11:49:13.261069+03
60	UV-214	Прямой мазут П-201		1	2	\N	\N	f		2022-07-16 11:49:13.261069+03
61	UV-215	Прямой мазут П-2		1	2	\N	\N	f		2022-07-16 11:49:13.261069+03
62	UV-216	Обратный  мазут от П-2		1	2	\N	\N	f		2022-07-16 11:49:13.261069+03
63	XV1	Мазут в Е-10		1	2	\N	\N	f		2022-07-16 11:49:13.261069+03
64	XV2	Мазут из Е-10		1	2	\N	\N	f		2022-07-16 11:49:13.261069+03
65	Э-1	Электрозадвижка на нагнетании сырьевых насосов Н-1		1	2	\N	\N	f		2022-07-16 11:49:13.261069+03
66	Э-2	Электрозадвижка на нагнетании сырьевых насосов Н-3		1	2	\N	\N	f		2022-07-16 11:49:13.261069+03
67	PI_D1	Плотность продукта в Р-1		1	2	\N	\N	f		2022-07-16 11:49:13.261069+03
68	FR301	Расход сырья на гидроочистку		1	2	\N	\N	f		2022-07-16 11:49:13.261069+03
69	FR303	Расход ВСГ на гидроочистку		1	2	\N	\N	f		2022-07-16 11:49:13.261069+03
70	FR307	Расход стаб гидрогенизата на риформинг		1	2	\N	\N	f		2022-07-16 11:49:13.261069+03
71	FR316	Циркуляция стабильного гидрогенизата через П-2 (восток)		1	2	\N	\N	f		2022-07-16 11:49:13.261069+03
72	FR317	Циркуляция стабильного гидрогенизата через П-2 (запад)		1	2	\N	\N	f		2022-07-16 11:49:13.261069+03
73	FR331	Расход ВСГ на риформинг		1	2	\N	\N	f		2022-07-16 11:49:13.261069+03
74	LR401	Уровень в С-1		1	2	\N	\N	f		2022-07-16 11:49:13.261069+03
75	LR413	Уровень мазута в Е-10		1	2	\N	\N	f		2022-07-16 11:49:13.261069+03
76	LR415	Уровень в Е-8		1	2	\N	\N	f		2022-07-16 11:49:13.261069+03
77	LR416	Уровень в Е-5		1	2	\N	\N	f		2022-07-16 11:49:13.261069+03
78	LRA402	Уровень ВСГ в С-10		1	2	\N	\N	f		2022-07-16 11:49:13.261069+03
79	LRA403	Уровень ГПС в Т-3		1	2	\N	\N	f		2022-07-16 11:49:13.261069+03
80	LRA404	Уровень ГПС в Т-3А		1	2	\N	\N	f		2022-07-16 11:49:13.261069+03
81	LRA406	Уровень рефлюкса в С-2		1	2	\N	\N	f		2022-07-16 11:49:13.261069+03
82	LRA407	Уровень в С-7		1	2	\N	\N	f		2022-07-16 11:49:13.261069+03
83	LRA408	Уровень в С-8		1	2	\N	\N	f		2022-07-16 11:49:13.261069+03
84	LRA409	Уровень рефлюкса в Е-7		1	2	\N	\N	f		2022-07-16 11:49:13.261069+03
85	LRA410	Уровень конденсата в Е-7		1	2	\N	\N	f		2022-07-16 11:49:13.261069+03
86	LRA411	Уровень стаб катализата в К-7		1	2	\N	\N	f		2022-07-16 11:49:13.261069+03
87	LRA412	Уровень хлорорганики в Е-1		1	2	\N	\N	f		2022-07-16 11:49:13.261069+03
88	LRA417	Уровень в С-9		1	2	\N	\N	f		2022-07-16 11:49:13.261069+03
89	LS414	Уровень мазута в Е-10		1	2	\N	\N	f		2022-07-16 11:49:13.261069+03
90	PDAL206	Перепад давления приема и выкида компрессора ПК-1,2		1	2	\N	\N	f		2022-07-16 11:49:13.261069+03
91	PDR203	Перепад  газопродуктовой смеси в Р-1		1	2	\N	\N	f		2022-07-16 11:49:13.261069+03
92	PDR212	Перепад  газопродуктовой смеси в Р-2		1	2	\N	\N	f		2022-07-16 11:49:13.261069+03
93	PDR213	Перепад  газопродуктовой смеси в Р-3		1	2	\N	\N	f		2022-07-16 11:49:13.261069+03
94	PDR214	Перепад  газопродуктовой смеси в Р-4/1		1	2	\N	\N	f		2022-07-16 11:49:13.261069+03
95	PDR215	Перепад  газопродуктовой смеси в Р-4/2		1	2	\N	\N	f		2022-07-16 11:49:13.261069+03
96	PR201	Давление сырья на ГО		1	2	\N	\N	f		2022-07-16 11:49:13.261069+03
97	PR207	Давление на выкиде ПК-1,2		1	2	\N	\N	f		2022-07-16 11:49:13.261069+03
98	PR209	Давление в К-1		1	2	\N	\N	f		2022-07-16 11:49:13.261069+03
99	PR223	Давление в С-8		1	2	\N	\N	f		2022-07-16 11:49:13.261069+03
100	PR225	Давление в К-7		1	2	\N	\N	f		2022-07-16 11:49:13.261069+03
101	PR226	Давление циркуляции  П-2 западная сторона		1	2	\N	\N	f		2022-07-16 11:49:13.261069+03
102	PR227	Давление циркуляции  П-2 восточная сторона		1	2	\N	\N	f		2022-07-16 11:49:13.261069+03
103	PR230	Давление топливного газа на установку		1	2	\N	\N	f		2022-07-16 11:49:13.261069+03
104	PR232	Давление  пилотного газа на П-1		1	2	\N	\N	f		2022-07-16 11:49:13.261069+03
105	PR234	Давление топливный газ основной на П-201		1	2	\N	\N	f		2022-07-16 11:49:13.261069+03
106	PR236	Давление топливный газ основной на П-1		1	2	\N	\N	f		2022-07-16 11:49:13.261069+03
107	PR237	Давление топливный газ основной на П-1/1		1	2	\N	\N	f		2022-07-16 11:49:13.261069+03
108	PR239	Давление топливный газ на П-1/2		1	2	\N	\N	f		2022-07-16 11:49:13.261069+03
109	PR241	Давление топливного газа на П-1/3		1	2	\N	\N	f		2022-07-16 11:49:13.261069+03
110	PR243	Давление топливный газ основной на П-1/4		1	2	\N	\N	f		2022-07-16 11:49:13.261069+03
111	PR245	Давление топливный газ основной на П-1/5		1	2	\N	\N	f		2022-07-16 11:49:13.261069+03
112	PR247	Давление топ, газа на П-2 западная сторона		1	2	\N	\N	f		2022-07-16 11:49:13.261069+03
113	PR248	Давление  топ, газа на П-2 восточная сторона		1	2	\N	\N	f		2022-07-16 11:49:13.261069+03
114	PR282	Давление прямого мазута из Е-10		1	2	\N	\N	f		2022-07-16 11:49:13.261069+03
115	PRA245	Давление мазута		1	2	\N	\N	f		2022-07-16 11:49:13.261069+03
116	PR269	Давление перед Д-1,2		1	2	\N	\N	f		2022-07-16 11:49:13.261069+03
117	PSL205	 Давление ВСГ на приеме ПК-1,2		1	2	\N	\N	f		2022-07-16 11:49:13.261069+03
118	PSL233	Давление  пилотного газа на П-1, П-201		1	2	\N	\N	f		2022-07-16 11:49:13.261069+03
119	PSL235	Давление топливного газа на основные горелки П-201		1	2	\N	\N	f		2022-07-16 11:49:13.261069+03
120	PSL238	Давление топливный газ основной на П-1/1		1	2	\N	\N	f		2022-07-16 11:49:13.261069+03
121	PSL240	Давление топливный газ основной наП-1/2		1	2	\N	\N	f		2022-07-16 11:49:13.261069+03
122	PSL242	Давление топливный газ основной на П-1/3		1	2	\N	\N	f		2022-07-16 11:49:13.261069+03
123	PSL244	Давление топливный газ основной на П-1/4		1	2	\N	\N	f		2022-07-16 11:49:13.261069+03
124	PSL246	Давление топливный газ основной на П-1/5		1	2	\N	\N	f		2022-07-16 11:49:13.261069+03
125	TIA111	Температура ГПС из П-201 в Р-1		1	2	\N	\N	f		2022-07-16 11:49:13.261069+03
126	TR158	Металл рекуператора		1	2	\N	\N	f		2022-07-16 11:49:13.261069+03
127	TR159	Металл рекуператора		1	2	\N	\N	f		2022-07-16 11:49:13.261069+03
128	TR160	Температура горячего воздуха к печи П-1		1	2	\N	\N	f		2022-07-16 11:49:13.261069+03
129	TR168	Температура дымовых газов на всасе Д-2		1	2	\N	\N	f		2022-07-16 11:49:13.261069+03
130	TR169	Температура перевала П-201		1	2	\N	\N	f		2022-07-16 11:49:13.261069+03
131	TR172	Температура продуктов сгорания П-1/5		1	2	\N	\N	f		2022-07-16 11:49:13.261069+03
132	TR173	Температура продуктов сгорания П-1/4		1	2	\N	\N	f		2022-07-16 11:49:13.261069+03
133	TR174	Температура продуктов сгорания П-1/3		1	2	\N	\N	f		2022-07-16 11:49:13.261069+03
134	TR175	Температура продуктов сгорания П-1/2		1	2	\N	\N	f		2022-07-16 11:49:13.261069+03
135	TR176	Температура продуктов сгорания  П-1/1		1	2	\N	\N	f		2022-07-16 11:49:13.261069+03
136	TR178	Температура перевалов П-2 (вост сторона)		1	2	\N	\N	f		2022-07-16 11:49:13.261069+03
137	TR179	Температура перевалов П-2 (запад  сторона)		1	2	\N	\N	f		2022-07-16 11:49:13.261069+03
138	TR186	Температура из П-2 в К-7		1	2	\N	\N	f		2022-07-16 11:49:13.261069+03
139	TR190	Температура в Е-8		1	2	\N	\N	f		2022-07-16 11:49:13.261069+03
140	TS117	Температура цирк-го газа на выкиде ПК-1,2		1	2	\N	\N	f		2022-07-16 11:49:13.261069+03
141	TSH129	Температура на входе в Р-2		1	2	\N	\N	f		2022-07-16 11:49:13.261069+03
142	TSH133	Температура на входе в Р-3		1	2	\N	\N	f		2022-07-16 11:49:13.261069+03
143	TSH136	Температура на входе в Р-4/1,2		1	2	\N	\N	f		2022-07-16 11:49:13.261069+03
144	AI405	Содержание О2 в дымовых газах печей П-201		1	2	\N	\N	f		2022-07-16 11:49:13.261069+03
\.


--
-- Data for Name: UnitEvents; Type: TABLE DATA; Schema: public; Owner: postgres
--

COPY public."UnitEvents" ("Id", "EventTimeUtc", "TagName", "TagConditionString", "ConditionIsActive", "EventSource", "OriginalEvent", "UnitEventsIntervalId") FROM stdin;
\.


--
-- Data for Name: UnitEventsIntervals; Type: TABLE DATA; Schema: public; Owner: postgres
--

COPY public."UnitEventsIntervals" ("Id", "StartTimeUtc", "EndTimeUtc", "Source", "Title", "UnitId") FROM stdin;
\.


--
-- Data for Name: Units; Type: TABLE DATA; Schema: public; Owner: postgres
--

COPY public."Units" ("Id", "Title", "Desc", "ActiveProjectId") FROM stdin;
1	АВТ-12	УстановкаАВТ-12	2
2	Гидроочистка	Гидроочистка дизельных топлив	1
\.


--
-- Name: ActuatorParams_Id_seq; Type: SEQUENCE SET; Schema: public; Owner: postgres
--

SELECT pg_catalog.setval('public."ActuatorParams_Id_seq"', 1, false);


--
-- Name: BaseActuatorDbFileReferences_Id_seq; Type: SEQUENCE SET; Schema: public; Owner: postgres
--

SELECT pg_catalog.setval('public."BaseActuatorDbFileReferences_Id_seq"', 1, false);


--
-- Name: BaseActuatorParams_Id_seq; Type: SEQUENCE SET; Schema: public; Owner: postgres
--

SELECT pg_catalog.setval('public."BaseActuatorParams_Id_seq"', 3, true);


--
-- Name: BaseActuatorTypes_Id_seq; Type: SEQUENCE SET; Schema: public; Owner: postgres
--

SELECT pg_catalog.setval('public."BaseActuatorTypes_Id_seq"', 3, true);


--
-- Name: BaseActuators_Id_seq; Type: SEQUENCE SET; Schema: public; Owner: postgres
--

SELECT pg_catalog.setval('public."BaseActuators_Id_seq"', 3, true);


--
-- Name: CauseResults_Id_seq; Type: SEQUENCE SET; Schema: public; Owner: postgres
--

SELECT pg_catalog.setval('public."CauseResults_Id_seq"', 1, false);


--
-- Name: Causes_Id_seq; Type: SEQUENCE SET; Schema: public; Owner: postgres
--

SELECT pg_catalog.setval('public."Causes_Id_seq"', 71, true);


--
-- Name: CeMatrices_Id_seq; Type: SEQUENCE SET; Schema: public; Owner: postgres
--

SELECT pg_catalog.setval('public."CeMatrices_Id_seq"', 2, true);


--
-- Name: CeMatrixDbFileReferences_Id_seq; Type: SEQUENCE SET; Schema: public; Owner: postgres
--

SELECT pg_catalog.setval('public."CeMatrixDbFileReferences_Id_seq"', 1, false);


--
-- Name: CeMatrixParams_Id_seq; Type: SEQUENCE SET; Schema: public; Owner: postgres
--

SELECT pg_catalog.setval('public."CeMatrixParams_Id_seq"', 4, true);


--
-- Name: CeMatrixResuls_Id_seq; Type: SEQUENCE SET; Schema: public; Owner: postgres
--

SELECT pg_catalog.setval('public."CeMatrixResuls_Id_seq"', 1, false);


--
-- Name: DbFile_Id_seq; Type: SEQUENCE SET; Schema: public; Owner: postgres
--

SELECT pg_catalog.setval('public."DbFile_Id_seq"', 1, false);


--
-- Name: EffectResults_Id_seq; Type: SEQUENCE SET; Schema: public; Owner: postgres
--

SELECT pg_catalog.setval('public."EffectResults_Id_seq"', 1, false);


--
-- Name: Effects_Id_seq; Type: SEQUENCE SET; Schema: public; Owner: postgres
--

SELECT pg_catalog.setval('public."Effects_Id_seq"', 45, true);


--
-- Name: EngineeringUnits_Id_seq; Type: SEQUENCE SET; Schema: public; Owner: postgres
--

SELECT pg_catalog.setval('public."EngineeringUnits_Id_seq"', 2, true);


--
-- Name: IntersectionResult_Id_seq; Type: SEQUENCE SET; Schema: public; Owner: postgres
--

SELECT pg_catalog.setval('public."IntersectionResult_Id_seq"', 1, false);


--
-- Name: Intersections_Id_seq; Type: SEQUENCE SET; Schema: public; Owner: postgres
--

SELECT pg_catalog.setval('public."Intersections_Id_seq"', 289, true);


--
-- Name: Jobs_Id_seq; Type: SEQUENCE SET; Schema: public; Owner: postgres
--

SELECT pg_catalog.setval('public."Jobs_Id_seq"', 1, false);


--
-- Name: Offices_Id_seq; Type: SEQUENCE SET; Schema: public; Owner: postgres
--

SELECT pg_catalog.setval('public."Offices_Id_seq"', 2, true);


--
-- Name: ParamInfos_Id_seq; Type: SEQUENCE SET; Schema: public; Owner: postgres
--

SELECT pg_catalog.setval('public."ParamInfos_Id_seq"', 2, true);


--
-- Name: ProjectVersions_Id_seq; Type: SEQUENCE SET; Schema: public; Owner: postgres
--

SELECT pg_catalog.setval('public."ProjectVersions_Id_seq"', 1, false);


--
-- Name: Projects_Id_seq; Type: SEQUENCE SET; Schema: public; Owner: postgres
--

SELECT pg_catalog.setval('public."Projects_Id_seq"', 3, true);


--
-- Name: ResultEvent_Id_seq; Type: SEQUENCE SET; Schema: public; Owner: postgres
--

SELECT pg_catalog.setval('public."ResultEvent_Id_seq"', 1, false);


--
-- Name: Results_Id_seq; Type: SEQUENCE SET; Schema: public; Owner: postgres
--

SELECT pg_catalog.setval('public."Results_Id_seq"', 1, false);


--
-- Name: Section_Id_seq; Type: SEQUENCE SET; Schema: public; Owner: postgres
--

SELECT pg_catalog.setval('public."Section_Id_seq"', 312, true);


--
-- Name: SetActiveProjectVersionRequests_Id_seq; Type: SEQUENCE SET; Schema: public; Owner: postgres
--

SELECT pg_catalog.setval('public."SetActiveProjectVersionRequests_Id_seq"', 1, false);


--
-- Name: SimUsers_Id_seq; Type: SEQUENCE SET; Schema: public; Owner: postgres
--

SELECT pg_catalog.setval('public."SimUsers_Id_seq"', 1, true);


--
-- Name: SubCauseResult_Id_seq; Type: SEQUENCE SET; Schema: public; Owner: postgres
--

SELECT pg_catalog.setval('public."SubCauseResult_Id_seq"', 1, false);


--
-- Name: SubCause_Id_seq; Type: SEQUENCE SET; Schema: public; Owner: postgres
--

SELECT pg_catalog.setval('public."SubCause_Id_seq"', 1, false);


--
-- Name: TagConditionInfos_Id_seq; Type: SEQUENCE SET; Schema: public; Owner: postgres
--

SELECT pg_catalog.setval('public."TagConditionInfos_Id_seq"', 5, true);


--
-- Name: TagConditions_Id_seq; Type: SEQUENCE SET; Schema: public; Owner: postgres
--

SELECT pg_catalog.setval('public."TagConditions_Id_seq"', 196, true);


--
-- Name: TagEvent_Id_seq; Type: SEQUENCE SET; Schema: public; Owner: postgres
--

SELECT pg_catalog.setval('public."TagEvent_Id_seq"', 1, false);


--
-- Name: TagParams_Id_seq; Type: SEQUENCE SET; Schema: public; Owner: postgres
--

SELECT pg_catalog.setval('public."TagParams_Id_seq"', 1, false);


--
-- Name: Tags_Id_seq; Type: SEQUENCE SET; Schema: public; Owner: postgres
--

SELECT pg_catalog.setval('public."Tags_Id_seq"', 144, true);


--
-- Name: UnitEventsIntervals_Id_seq; Type: SEQUENCE SET; Schema: public; Owner: postgres
--

SELECT pg_catalog.setval('public."UnitEventsIntervals_Id_seq"', 1, false);


--
-- Name: UnitEvents_Id_seq; Type: SEQUENCE SET; Schema: public; Owner: postgres
--

SELECT pg_catalog.setval('public."UnitEvents_Id_seq"', 1, false);


--
-- Name: Units_Id_seq; Type: SEQUENCE SET; Schema: public; Owner: postgres
--

SELECT pg_catalog.setval('public."Units_Id_seq"', 2, true);


--
-- Name: ActuatorParams PK_ActuatorParams; Type: CONSTRAINT; Schema: public; Owner: postgres
--

ALTER TABLE ONLY public."ActuatorParams"
    ADD CONSTRAINT "PK_ActuatorParams" PRIMARY KEY ("Id");


--
-- Name: BaseActuatorDbFileReferences PK_BaseActuatorDbFileReferences; Type: CONSTRAINT; Schema: public; Owner: postgres
--

ALTER TABLE ONLY public."BaseActuatorDbFileReferences"
    ADD CONSTRAINT "PK_BaseActuatorDbFileReferences" PRIMARY KEY ("Id");


--
-- Name: BaseActuatorParams PK_BaseActuatorParams; Type: CONSTRAINT; Schema: public; Owner: postgres
--

ALTER TABLE ONLY public."BaseActuatorParams"
    ADD CONSTRAINT "PK_BaseActuatorParams" PRIMARY KEY ("Id");


--
-- Name: BaseActuatorTypes PK_BaseActuatorTypes; Type: CONSTRAINT; Schema: public; Owner: postgres
--

ALTER TABLE ONLY public."BaseActuatorTypes"
    ADD CONSTRAINT "PK_BaseActuatorTypes" PRIMARY KEY ("Id");


--
-- Name: BaseActuators PK_BaseActuators; Type: CONSTRAINT; Schema: public; Owner: postgres
--

ALTER TABLE ONLY public."BaseActuators"
    ADD CONSTRAINT "PK_BaseActuators" PRIMARY KEY ("Id");


--
-- Name: CauseResults PK_CauseResults; Type: CONSTRAINT; Schema: public; Owner: postgres
--

ALTER TABLE ONLY public."CauseResults"
    ADD CONSTRAINT "PK_CauseResults" PRIMARY KEY ("Id");


--
-- Name: Causes PK_Causes; Type: CONSTRAINT; Schema: public; Owner: postgres
--

ALTER TABLE ONLY public."Causes"
    ADD CONSTRAINT "PK_Causes" PRIMARY KEY ("Id");


--
-- Name: CeMatrices PK_CeMatrices; Type: CONSTRAINT; Schema: public; Owner: postgres
--

ALTER TABLE ONLY public."CeMatrices"
    ADD CONSTRAINT "PK_CeMatrices" PRIMARY KEY ("Id");


--
-- Name: CeMatrixDbFileReferences PK_CeMatrixDbFileReferences; Type: CONSTRAINT; Schema: public; Owner: postgres
--

ALTER TABLE ONLY public."CeMatrixDbFileReferences"
    ADD CONSTRAINT "PK_CeMatrixDbFileReferences" PRIMARY KEY ("Id");


--
-- Name: CeMatrixParams PK_CeMatrixParams; Type: CONSTRAINT; Schema: public; Owner: postgres
--

ALTER TABLE ONLY public."CeMatrixParams"
    ADD CONSTRAINT "PK_CeMatrixParams" PRIMARY KEY ("Id");


--
-- Name: CeMatrixResuls PK_CeMatrixResuls; Type: CONSTRAINT; Schema: public; Owner: postgres
--

ALTER TABLE ONLY public."CeMatrixResuls"
    ADD CONSTRAINT "PK_CeMatrixResuls" PRIMARY KEY ("Id");


--
-- Name: DbFile PK_DbFile; Type: CONSTRAINT; Schema: public; Owner: postgres
--

ALTER TABLE ONLY public."DbFile"
    ADD CONSTRAINT "PK_DbFile" PRIMARY KEY ("Id");


--
-- Name: EffectResults PK_EffectResults; Type: CONSTRAINT; Schema: public; Owner: postgres
--

ALTER TABLE ONLY public."EffectResults"
    ADD CONSTRAINT "PK_EffectResults" PRIMARY KEY ("Id");


--
-- Name: Effects PK_Effects; Type: CONSTRAINT; Schema: public; Owner: postgres
--

ALTER TABLE ONLY public."Effects"
    ADD CONSTRAINT "PK_Effects" PRIMARY KEY ("Id");


--
-- Name: EngineeringUnits PK_EngineeringUnits; Type: CONSTRAINT; Schema: public; Owner: postgres
--

ALTER TABLE ONLY public."EngineeringUnits"
    ADD CONSTRAINT "PK_EngineeringUnits" PRIMARY KEY ("Id");


--
-- Name: IntersectionResult PK_IntersectionResult; Type: CONSTRAINT; Schema: public; Owner: postgres
--

ALTER TABLE ONLY public."IntersectionResult"
    ADD CONSTRAINT "PK_IntersectionResult" PRIMARY KEY ("Id");


--
-- Name: Intersections PK_Intersections; Type: CONSTRAINT; Schema: public; Owner: postgres
--

ALTER TABLE ONLY public."Intersections"
    ADD CONSTRAINT "PK_Intersections" PRIMARY KEY ("Id");


--
-- Name: Jobs PK_Jobs; Type: CONSTRAINT; Schema: public; Owner: postgres
--

ALTER TABLE ONLY public."Jobs"
    ADD CONSTRAINT "PK_Jobs" PRIMARY KEY ("Id");


--
-- Name: Offices PK_Offices; Type: CONSTRAINT; Schema: public; Owner: postgres
--

ALTER TABLE ONLY public."Offices"
    ADD CONSTRAINT "PK_Offices" PRIMARY KEY ("Id");


--
-- Name: ParamInfos PK_ParamInfos; Type: CONSTRAINT; Schema: public; Owner: postgres
--

ALTER TABLE ONLY public."ParamInfos"
    ADD CONSTRAINT "PK_ParamInfos" PRIMARY KEY ("Id");


--
-- Name: ProjectVersions PK_ProjectVersions; Type: CONSTRAINT; Schema: public; Owner: postgres
--

ALTER TABLE ONLY public."ProjectVersions"
    ADD CONSTRAINT "PK_ProjectVersions" PRIMARY KEY ("Id");


--
-- Name: Projects PK_Projects; Type: CONSTRAINT; Schema: public; Owner: postgres
--

ALTER TABLE ONLY public."Projects"
    ADD CONSTRAINT "PK_Projects" PRIMARY KEY ("Id");


--
-- Name: ResultEvent PK_ResultEvent; Type: CONSTRAINT; Schema: public; Owner: postgres
--

ALTER TABLE ONLY public."ResultEvent"
    ADD CONSTRAINT "PK_ResultEvent" PRIMARY KEY ("Id");


--
-- Name: Results PK_Results; Type: CONSTRAINT; Schema: public; Owner: postgres
--

ALTER TABLE ONLY public."Results"
    ADD CONSTRAINT "PK_Results" PRIMARY KEY ("Id");


--
-- Name: Section PK_Section; Type: CONSTRAINT; Schema: public; Owner: postgres
--

ALTER TABLE ONLY public."Section"
    ADD CONSTRAINT "PK_Section" PRIMARY KEY ("Id");


--
-- Name: SetActiveProjectVersionRequests PK_SetActiveProjectVersionRequests; Type: CONSTRAINT; Schema: public; Owner: postgres
--

ALTER TABLE ONLY public."SetActiveProjectVersionRequests"
    ADD CONSTRAINT "PK_SetActiveProjectVersionRequests" PRIMARY KEY ("Id");


--
-- Name: SimUsers PK_SimUsers; Type: CONSTRAINT; Schema: public; Owner: postgres
--

ALTER TABLE ONLY public."SimUsers"
    ADD CONSTRAINT "PK_SimUsers" PRIMARY KEY ("Id");


--
-- Name: SubCause PK_SubCause; Type: CONSTRAINT; Schema: public; Owner: postgres
--

ALTER TABLE ONLY public."SubCause"
    ADD CONSTRAINT "PK_SubCause" PRIMARY KEY ("Id");


--
-- Name: SubCauseResult PK_SubCauseResult; Type: CONSTRAINT; Schema: public; Owner: postgres
--

ALTER TABLE ONLY public."SubCauseResult"
    ADD CONSTRAINT "PK_SubCauseResult" PRIMARY KEY ("Id");


--
-- Name: TagConditionInfos PK_TagConditionInfos; Type: CONSTRAINT; Schema: public; Owner: postgres
--

ALTER TABLE ONLY public."TagConditionInfos"
    ADD CONSTRAINT "PK_TagConditionInfos" PRIMARY KEY ("Id");


--
-- Name: TagConditions PK_TagConditions; Type: CONSTRAINT; Schema: public; Owner: postgres
--

ALTER TABLE ONLY public."TagConditions"
    ADD CONSTRAINT "PK_TagConditions" PRIMARY KEY ("Id");


--
-- Name: TagEvent PK_TagEvent; Type: CONSTRAINT; Schema: public; Owner: postgres
--

ALTER TABLE ONLY public."TagEvent"
    ADD CONSTRAINT "PK_TagEvent" PRIMARY KEY ("Id");


--
-- Name: TagParams PK_TagParams; Type: CONSTRAINT; Schema: public; Owner: postgres
--

ALTER TABLE ONLY public."TagParams"
    ADD CONSTRAINT "PK_TagParams" PRIMARY KEY ("Id");


--
-- Name: Tags PK_Tags; Type: CONSTRAINT; Schema: public; Owner: postgres
--

ALTER TABLE ONLY public."Tags"
    ADD CONSTRAINT "PK_Tags" PRIMARY KEY ("Id");


--
-- Name: UnitEvents PK_UnitEvents; Type: CONSTRAINT; Schema: public; Owner: postgres
--

ALTER TABLE ONLY public."UnitEvents"
    ADD CONSTRAINT "PK_UnitEvents" PRIMARY KEY ("Id");


--
-- Name: UnitEventsIntervals PK_UnitEventsIntervals; Type: CONSTRAINT; Schema: public; Owner: postgres
--

ALTER TABLE ONLY public."UnitEventsIntervals"
    ADD CONSTRAINT "PK_UnitEventsIntervals" PRIMARY KEY ("Id");


--
-- Name: Units PK_Units; Type: CONSTRAINT; Schema: public; Owner: postgres
--

ALTER TABLE ONLY public."Units"
    ADD CONSTRAINT "PK_Units" PRIMARY KEY ("Id");


--
-- Name: IX_ActuatorParams_ParamInfoId; Type: INDEX; Schema: public; Owner: postgres
--

CREATE INDEX "IX_ActuatorParams_ParamInfoId" ON public."ActuatorParams" USING btree ("ParamInfoId");


--
-- Name: IX_ActuatorParams_TagId; Type: INDEX; Schema: public; Owner: postgres
--

CREATE INDEX "IX_ActuatorParams_TagId" ON public."ActuatorParams" USING btree ("TagId");


--
-- Name: IX_BaseActuatorDbFileReferences_BaseActuatorId; Type: INDEX; Schema: public; Owner: postgres
--

CREATE INDEX "IX_BaseActuatorDbFileReferences_BaseActuatorId" ON public."BaseActuatorDbFileReferences" USING btree ("BaseActuatorId");


--
-- Name: IX_BaseActuatorDbFileReferences_DbFileId; Type: INDEX; Schema: public; Owner: postgres
--

CREATE INDEX "IX_BaseActuatorDbFileReferences_DbFileId" ON public."BaseActuatorDbFileReferences" USING btree ("DbFileId");


--
-- Name: IX_BaseActuatorParams_BaseActuatorId; Type: INDEX; Schema: public; Owner: postgres
--

CREATE INDEX "IX_BaseActuatorParams_BaseActuatorId" ON public."BaseActuatorParams" USING btree ("BaseActuatorId");


--
-- Name: IX_BaseActuatorParams_ParamInfoId; Type: INDEX; Schema: public; Owner: postgres
--

CREATE INDEX "IX_BaseActuatorParams_ParamInfoId" ON public."BaseActuatorParams" USING btree ("ParamInfoId");


--
-- Name: IX_BaseActuators_BaseActuatorTypeId; Type: INDEX; Schema: public; Owner: postgres
--

CREATE INDEX "IX_BaseActuators_BaseActuatorTypeId" ON public."BaseActuators" USING btree ("BaseActuatorTypeId");


--
-- Name: IX_BaseActuators_ProjectId; Type: INDEX; Schema: public; Owner: postgres
--

CREATE INDEX "IX_BaseActuators_ProjectId" ON public."BaseActuators" USING btree ("ProjectId");


--
-- Name: IX_CauseResults_CeMatrixResultId; Type: INDEX; Schema: public; Owner: postgres
--

CREATE INDEX "IX_CauseResults_CeMatrixResultId" ON public."CauseResults" USING btree ("CeMatrixResultId");


--
-- Name: IX_Causes_CeMatrixId; Type: INDEX; Schema: public; Owner: postgres
--

CREATE INDEX "IX_Causes_CeMatrixId" ON public."Causes" USING btree ("CeMatrixId");


--
-- Name: IX_CeMatrices_ProjectId; Type: INDEX; Schema: public; Owner: postgres
--

CREATE INDEX "IX_CeMatrices_ProjectId" ON public."CeMatrices" USING btree ("ProjectId");


--
-- Name: IX_CeMatrixDbFileReferences_CeMatrixId; Type: INDEX; Schema: public; Owner: postgres
--

CREATE INDEX "IX_CeMatrixDbFileReferences_CeMatrixId" ON public."CeMatrixDbFileReferences" USING btree ("CeMatrixId");


--
-- Name: IX_CeMatrixDbFileReferences_DbFileId; Type: INDEX; Schema: public; Owner: postgres
--

CREATE INDEX "IX_CeMatrixDbFileReferences_DbFileId" ON public."CeMatrixDbFileReferences" USING btree ("DbFileId");


--
-- Name: IX_CeMatrixParams_CeMatrixId; Type: INDEX; Schema: public; Owner: postgres
--

CREATE INDEX "IX_CeMatrixParams_CeMatrixId" ON public."CeMatrixParams" USING btree ("CeMatrixId");


--
-- Name: IX_CeMatrixParams_ParamInfoId; Type: INDEX; Schema: public; Owner: postgres
--

CREATE INDEX "IX_CeMatrixParams_ParamInfoId" ON public."CeMatrixParams" USING btree ("ParamInfoId");


--
-- Name: IX_CeMatrixResuls_ResultId; Type: INDEX; Schema: public; Owner: postgres
--

CREATE INDEX "IX_CeMatrixResuls_ResultId" ON public."CeMatrixResuls" USING btree ("ResultId");


--
-- Name: IX_DbFile_ProjectVersionId; Type: INDEX; Schema: public; Owner: postgres
--

CREATE INDEX "IX_DbFile_ProjectVersionId" ON public."DbFile" USING btree ("ProjectVersionId");


--
-- Name: IX_DbFile_ResultId; Type: INDEX; Schema: public; Owner: postgres
--

CREATE INDEX "IX_DbFile_ResultId" ON public."DbFile" USING btree ("ResultId");


--
-- Name: IX_EffectResults_CeMatrixResultId; Type: INDEX; Schema: public; Owner: postgres
--

CREATE INDEX "IX_EffectResults_CeMatrixResultId" ON public."EffectResults" USING btree ("CeMatrixResultId");


--
-- Name: IX_Effects_CeMatrixId; Type: INDEX; Schema: public; Owner: postgres
--

CREATE INDEX "IX_Effects_CeMatrixId" ON public."Effects" USING btree ("CeMatrixId");


--
-- Name: IX_IntersectionResult_CauseResultId; Type: INDEX; Schema: public; Owner: postgres
--

CREATE INDEX "IX_IntersectionResult_CauseResultId" ON public."IntersectionResult" USING btree ("CauseResultId");


--
-- Name: IX_IntersectionResult_CeMatrixResultId; Type: INDEX; Schema: public; Owner: postgres
--

CREATE INDEX "IX_IntersectionResult_CeMatrixResultId" ON public."IntersectionResult" USING btree ("CeMatrixResultId");


--
-- Name: IX_IntersectionResult_EffectResultId; Type: INDEX; Schema: public; Owner: postgres
--

CREATE INDEX "IX_IntersectionResult_EffectResultId" ON public."IntersectionResult" USING btree ("EffectResultId");


--
-- Name: IX_Intersections_CauseId; Type: INDEX; Schema: public; Owner: postgres
--

CREATE INDEX "IX_Intersections_CauseId" ON public."Intersections" USING btree ("CauseId");


--
-- Name: IX_Intersections_CeMatrixId; Type: INDEX; Schema: public; Owner: postgres
--

CREATE INDEX "IX_Intersections_CeMatrixId" ON public."Intersections" USING btree ("CeMatrixId");


--
-- Name: IX_Intersections_EffectId; Type: INDEX; Schema: public; Owner: postgres
--

CREATE INDEX "IX_Intersections_EffectId" ON public."Intersections" USING btree ("EffectId");


--
-- Name: IX_ParamInfos_BaseActuatorTypeId; Type: INDEX; Schema: public; Owner: postgres
--

CREATE INDEX "IX_ParamInfos_BaseActuatorTypeId" ON public."ParamInfos" USING btree ("BaseActuatorTypeId");


--
-- Name: IX_ProjectVersions_ProjectId; Type: INDEX; Schema: public; Owner: postgres
--

CREATE INDEX "IX_ProjectVersions_ProjectId" ON public."ProjectVersions" USING btree ("ProjectId");


--
-- Name: IX_Projects_ActiveProjectVersionId; Type: INDEX; Schema: public; Owner: postgres
--

CREATE INDEX "IX_Projects_ActiveProjectVersionId" ON public."Projects" USING btree ("ActiveProjectVersionId");


--
-- Name: IX_Projects_LastProjectVersionId; Type: INDEX; Schema: public; Owner: postgres
--

CREATE INDEX "IX_Projects_LastProjectVersionId" ON public."Projects" USING btree ("LastProjectVersionId");


--
-- Name: IX_Projects_UnitId; Type: INDEX; Schema: public; Owner: postgres
--

CREATE INDEX "IX_Projects_UnitId" ON public."Projects" USING btree ("UnitId");


--
-- Name: IX_ResultEvent_ResultId; Type: INDEX; Schema: public; Owner: postgres
--

CREATE INDEX "IX_ResultEvent_ResultId" ON public."ResultEvent" USING btree ("ResultId");


--
-- Name: IX_Results_UnitId; Type: INDEX; Schema: public; Owner: postgres
--

CREATE INDEX "IX_Results_UnitId" ON public."Results" USING btree ("UnitId");


--
-- Name: IX_Section_ParentSectionId; Type: INDEX; Schema: public; Owner: postgres
--

CREATE INDEX "IX_Section_ParentSectionId" ON public."Section" USING btree ("ParentSectionId");


--
-- Name: IX_Section_UnitId; Type: INDEX; Schema: public; Owner: postgres
--

CREATE INDEX "IX_Section_UnitId" ON public."Section" USING btree ("UnitId");


--
-- Name: IX_SetActiveProjectVersionRequests_RequestedActiveProjectVersi~; Type: INDEX; Schema: public; Owner: postgres
--

CREATE INDEX "IX_SetActiveProjectVersionRequests_RequestedActiveProjectVersi~" ON public."SetActiveProjectVersionRequests" USING btree ("RequestedActiveProjectVersionId");


--
-- Name: IX_SimUsers_OfficeId; Type: INDEX; Schema: public; Owner: postgres
--

CREATE INDEX "IX_SimUsers_OfficeId" ON public."SimUsers" USING btree ("OfficeId");


--
-- Name: IX_SubCauseResult_CauseResultId; Type: INDEX; Schema: public; Owner: postgres
--

CREATE INDEX "IX_SubCauseResult_CauseResultId" ON public."SubCauseResult" USING btree ("CauseResultId");


--
-- Name: IX_SubCause_CauseId; Type: INDEX; Schema: public; Owner: postgres
--

CREATE INDEX "IX_SubCause_CauseId" ON public."SubCause" USING btree ("CauseId");


--
-- Name: IX_TagConditions_TagConditionInfoId; Type: INDEX; Schema: public; Owner: postgres
--

CREATE INDEX "IX_TagConditions_TagConditionInfoId" ON public."TagConditions" USING btree ("TagConditionInfoId");


--
-- Name: IX_TagConditions_TagId; Type: INDEX; Schema: public; Owner: postgres
--

CREATE INDEX "IX_TagConditions_TagId" ON public."TagConditions" USING btree ("TagId");


--
-- Name: IX_TagEvent_TagId; Type: INDEX; Schema: public; Owner: postgres
--

CREATE INDEX "IX_TagEvent_TagId" ON public."TagEvent" USING btree ("TagId");


--
-- Name: IX_TagParams_ParamInfoId; Type: INDEX; Schema: public; Owner: postgres
--

CREATE INDEX "IX_TagParams_ParamInfoId" ON public."TagParams" USING btree ("ParamInfoId");


--
-- Name: IX_TagParams_TagId; Type: INDEX; Schema: public; Owner: postgres
--

CREATE INDEX "IX_TagParams_TagId" ON public."TagParams" USING btree ("TagId");


--
-- Name: IX_Tags_BaseActuatorId; Type: INDEX; Schema: public; Owner: postgres
--

CREATE INDEX "IX_Tags_BaseActuatorId" ON public."Tags" USING btree ("BaseActuatorId");


--
-- Name: IX_Tags_ProjectId; Type: INDEX; Schema: public; Owner: postgres
--

CREATE INDEX "IX_Tags_ProjectId" ON public."Tags" USING btree ("ProjectId");


--
-- Name: IX_Tags_TagName; Type: INDEX; Schema: public; Owner: postgres
--

CREATE INDEX "IX_Tags_TagName" ON public."Tags" USING btree ("TagName");


--
-- Name: IX_UnitEventsIntervals_UnitId; Type: INDEX; Schema: public; Owner: postgres
--

CREATE INDEX "IX_UnitEventsIntervals_UnitId" ON public."UnitEventsIntervals" USING btree ("UnitId");


--
-- Name: IX_UnitEvents_UnitEventsIntervalId; Type: INDEX; Schema: public; Owner: postgres
--

CREATE INDEX "IX_UnitEvents_UnitEventsIntervalId" ON public."UnitEvents" USING btree ("UnitEventsIntervalId");


--
-- Name: IX_Units_ActiveProjectId; Type: INDEX; Schema: public; Owner: postgres
--

CREATE INDEX "IX_Units_ActiveProjectId" ON public."Units" USING btree ("ActiveProjectId");


--
-- Name: ActuatorParams FK_ActuatorParams_ParamInfos_ParamInfoId; Type: FK CONSTRAINT; Schema: public; Owner: postgres
--

ALTER TABLE ONLY public."ActuatorParams"
    ADD CONSTRAINT "FK_ActuatorParams_ParamInfos_ParamInfoId" FOREIGN KEY ("ParamInfoId") REFERENCES public."ParamInfos"("Id");


--
-- Name: ActuatorParams FK_ActuatorParams_Tags_TagId; Type: FK CONSTRAINT; Schema: public; Owner: postgres
--

ALTER TABLE ONLY public."ActuatorParams"
    ADD CONSTRAINT "FK_ActuatorParams_Tags_TagId" FOREIGN KEY ("TagId") REFERENCES public."Tags"("Id") ON DELETE CASCADE;


--
-- Name: BaseActuatorDbFileReferences FK_BaseActuatorDbFileReferences_BaseActuators_BaseActuatorId; Type: FK CONSTRAINT; Schema: public; Owner: postgres
--

ALTER TABLE ONLY public."BaseActuatorDbFileReferences"
    ADD CONSTRAINT "FK_BaseActuatorDbFileReferences_BaseActuators_BaseActuatorId" FOREIGN KEY ("BaseActuatorId") REFERENCES public."BaseActuators"("Id") ON DELETE CASCADE;


--
-- Name: BaseActuatorDbFileReferences FK_BaseActuatorDbFileReferences_DbFile_DbFileId; Type: FK CONSTRAINT; Schema: public; Owner: postgres
--

ALTER TABLE ONLY public."BaseActuatorDbFileReferences"
    ADD CONSTRAINT "FK_BaseActuatorDbFileReferences_DbFile_DbFileId" FOREIGN KEY ("DbFileId") REFERENCES public."DbFile"("Id") ON DELETE CASCADE;


--
-- Name: BaseActuatorParams FK_BaseActuatorParams_BaseActuators_BaseActuatorId; Type: FK CONSTRAINT; Schema: public; Owner: postgres
--

ALTER TABLE ONLY public."BaseActuatorParams"
    ADD CONSTRAINT "FK_BaseActuatorParams_BaseActuators_BaseActuatorId" FOREIGN KEY ("BaseActuatorId") REFERENCES public."BaseActuators"("Id") ON DELETE CASCADE;


--
-- Name: BaseActuatorParams FK_BaseActuatorParams_ParamInfos_ParamInfoId; Type: FK CONSTRAINT; Schema: public; Owner: postgres
--

ALTER TABLE ONLY public."BaseActuatorParams"
    ADD CONSTRAINT "FK_BaseActuatorParams_ParamInfos_ParamInfoId" FOREIGN KEY ("ParamInfoId") REFERENCES public."ParamInfos"("Id");


--
-- Name: BaseActuators FK_BaseActuators_BaseActuatorTypes_BaseActuatorTypeId; Type: FK CONSTRAINT; Schema: public; Owner: postgres
--

ALTER TABLE ONLY public."BaseActuators"
    ADD CONSTRAINT "FK_BaseActuators_BaseActuatorTypes_BaseActuatorTypeId" FOREIGN KEY ("BaseActuatorTypeId") REFERENCES public."BaseActuatorTypes"("Id") ON DELETE CASCADE;


--
-- Name: BaseActuators FK_BaseActuators_Projects_ProjectId; Type: FK CONSTRAINT; Schema: public; Owner: postgres
--

ALTER TABLE ONLY public."BaseActuators"
    ADD CONSTRAINT "FK_BaseActuators_Projects_ProjectId" FOREIGN KEY ("ProjectId") REFERENCES public."Projects"("Id") ON DELETE CASCADE;


--
-- Name: CauseResults FK_CauseResults_CeMatrixResuls_CeMatrixResultId; Type: FK CONSTRAINT; Schema: public; Owner: postgres
--

ALTER TABLE ONLY public."CauseResults"
    ADD CONSTRAINT "FK_CauseResults_CeMatrixResuls_CeMatrixResultId" FOREIGN KEY ("CeMatrixResultId") REFERENCES public."CeMatrixResuls"("Id") ON DELETE CASCADE;


--
-- Name: Causes FK_Causes_CeMatrices_CeMatrixId; Type: FK CONSTRAINT; Schema: public; Owner: postgres
--

ALTER TABLE ONLY public."Causes"
    ADD CONSTRAINT "FK_Causes_CeMatrices_CeMatrixId" FOREIGN KEY ("CeMatrixId") REFERENCES public."CeMatrices"("Id") ON DELETE CASCADE;


--
-- Name: CeMatrices FK_CeMatrices_Projects_ProjectId; Type: FK CONSTRAINT; Schema: public; Owner: postgres
--

ALTER TABLE ONLY public."CeMatrices"
    ADD CONSTRAINT "FK_CeMatrices_Projects_ProjectId" FOREIGN KEY ("ProjectId") REFERENCES public."Projects"("Id") ON DELETE CASCADE;


--
-- Name: CeMatrixDbFileReferences FK_CeMatrixDbFileReferences_CeMatrices_CeMatrixId; Type: FK CONSTRAINT; Schema: public; Owner: postgres
--

ALTER TABLE ONLY public."CeMatrixDbFileReferences"
    ADD CONSTRAINT "FK_CeMatrixDbFileReferences_CeMatrices_CeMatrixId" FOREIGN KEY ("CeMatrixId") REFERENCES public."CeMatrices"("Id") ON DELETE CASCADE;


--
-- Name: CeMatrixDbFileReferences FK_CeMatrixDbFileReferences_DbFile_DbFileId; Type: FK CONSTRAINT; Schema: public; Owner: postgres
--

ALTER TABLE ONLY public."CeMatrixDbFileReferences"
    ADD CONSTRAINT "FK_CeMatrixDbFileReferences_DbFile_DbFileId" FOREIGN KEY ("DbFileId") REFERENCES public."DbFile"("Id") ON DELETE CASCADE;


--
-- Name: CeMatrixParams FK_CeMatrixParams_CeMatrices_CeMatrixId; Type: FK CONSTRAINT; Schema: public; Owner: postgres
--

ALTER TABLE ONLY public."CeMatrixParams"
    ADD CONSTRAINT "FK_CeMatrixParams_CeMatrices_CeMatrixId" FOREIGN KEY ("CeMatrixId") REFERENCES public."CeMatrices"("Id") ON DELETE CASCADE;


--
-- Name: CeMatrixParams FK_CeMatrixParams_ParamInfos_ParamInfoId; Type: FK CONSTRAINT; Schema: public; Owner: postgres
--

ALTER TABLE ONLY public."CeMatrixParams"
    ADD CONSTRAINT "FK_CeMatrixParams_ParamInfos_ParamInfoId" FOREIGN KEY ("ParamInfoId") REFERENCES public."ParamInfos"("Id");


--
-- Name: CeMatrixResuls FK_CeMatrixResuls_Results_ResultId; Type: FK CONSTRAINT; Schema: public; Owner: postgres
--

ALTER TABLE ONLY public."CeMatrixResuls"
    ADD CONSTRAINT "FK_CeMatrixResuls_Results_ResultId" FOREIGN KEY ("ResultId") REFERENCES public."Results"("Id") ON DELETE CASCADE;


--
-- Name: DbFile FK_DbFile_ProjectVersions_ProjectVersionId; Type: FK CONSTRAINT; Schema: public; Owner: postgres
--

ALTER TABLE ONLY public."DbFile"
    ADD CONSTRAINT "FK_DbFile_ProjectVersions_ProjectVersionId" FOREIGN KEY ("ProjectVersionId") REFERENCES public."ProjectVersions"("Id");


--
-- Name: DbFile FK_DbFile_Results_ResultId; Type: FK CONSTRAINT; Schema: public; Owner: postgres
--

ALTER TABLE ONLY public."DbFile"
    ADD CONSTRAINT "FK_DbFile_Results_ResultId" FOREIGN KEY ("ResultId") REFERENCES public."Results"("Id");


--
-- Name: EffectResults FK_EffectResults_CeMatrixResuls_CeMatrixResultId; Type: FK CONSTRAINT; Schema: public; Owner: postgres
--

ALTER TABLE ONLY public."EffectResults"
    ADD CONSTRAINT "FK_EffectResults_CeMatrixResuls_CeMatrixResultId" FOREIGN KEY ("CeMatrixResultId") REFERENCES public."CeMatrixResuls"("Id") ON DELETE CASCADE;


--
-- Name: Effects FK_Effects_CeMatrices_CeMatrixId; Type: FK CONSTRAINT; Schema: public; Owner: postgres
--

ALTER TABLE ONLY public."Effects"
    ADD CONSTRAINT "FK_Effects_CeMatrices_CeMatrixId" FOREIGN KEY ("CeMatrixId") REFERENCES public."CeMatrices"("Id") ON DELETE CASCADE;


--
-- Name: IntersectionResult FK_IntersectionResult_CauseResults_CauseResultId; Type: FK CONSTRAINT; Schema: public; Owner: postgres
--

ALTER TABLE ONLY public."IntersectionResult"
    ADD CONSTRAINT "FK_IntersectionResult_CauseResults_CauseResultId" FOREIGN KEY ("CauseResultId") REFERENCES public."CauseResults"("Id") ON DELETE CASCADE;


--
-- Name: IntersectionResult FK_IntersectionResult_CeMatrixResuls_CeMatrixResultId; Type: FK CONSTRAINT; Schema: public; Owner: postgres
--

ALTER TABLE ONLY public."IntersectionResult"
    ADD CONSTRAINT "FK_IntersectionResult_CeMatrixResuls_CeMatrixResultId" FOREIGN KEY ("CeMatrixResultId") REFERENCES public."CeMatrixResuls"("Id") ON DELETE CASCADE;


--
-- Name: IntersectionResult FK_IntersectionResult_EffectResults_EffectResultId; Type: FK CONSTRAINT; Schema: public; Owner: postgres
--

ALTER TABLE ONLY public."IntersectionResult"
    ADD CONSTRAINT "FK_IntersectionResult_EffectResults_EffectResultId" FOREIGN KEY ("EffectResultId") REFERENCES public."EffectResults"("Id") ON DELETE CASCADE;


--
-- Name: Intersections FK_Intersections_Causes_CauseId; Type: FK CONSTRAINT; Schema: public; Owner: postgres
--

ALTER TABLE ONLY public."Intersections"
    ADD CONSTRAINT "FK_Intersections_Causes_CauseId" FOREIGN KEY ("CauseId") REFERENCES public."Causes"("Id") ON DELETE CASCADE;


--
-- Name: Intersections FK_Intersections_CeMatrices_CeMatrixId; Type: FK CONSTRAINT; Schema: public; Owner: postgres
--

ALTER TABLE ONLY public."Intersections"
    ADD CONSTRAINT "FK_Intersections_CeMatrices_CeMatrixId" FOREIGN KEY ("CeMatrixId") REFERENCES public."CeMatrices"("Id") ON DELETE CASCADE;


--
-- Name: Intersections FK_Intersections_Effects_EffectId; Type: FK CONSTRAINT; Schema: public; Owner: postgres
--

ALTER TABLE ONLY public."Intersections"
    ADD CONSTRAINT "FK_Intersections_Effects_EffectId" FOREIGN KEY ("EffectId") REFERENCES public."Effects"("Id") ON DELETE CASCADE;


--
-- Name: ParamInfos FK_ParamInfos_BaseActuatorTypes_BaseActuatorTypeId; Type: FK CONSTRAINT; Schema: public; Owner: postgres
--

ALTER TABLE ONLY public."ParamInfos"
    ADD CONSTRAINT "FK_ParamInfos_BaseActuatorTypes_BaseActuatorTypeId" FOREIGN KEY ("BaseActuatorTypeId") REFERENCES public."BaseActuatorTypes"("Id");


--
-- Name: ProjectVersions FK_ProjectVersions_Projects_ProjectId; Type: FK CONSTRAINT; Schema: public; Owner: postgres
--

ALTER TABLE ONLY public."ProjectVersions"
    ADD CONSTRAINT "FK_ProjectVersions_Projects_ProjectId" FOREIGN KEY ("ProjectId") REFERENCES public."Projects"("Id") ON DELETE CASCADE;


--
-- Name: Projects FK_Projects_ProjectVersions_ActiveProjectVersionId; Type: FK CONSTRAINT; Schema: public; Owner: postgres
--

ALTER TABLE ONLY public."Projects"
    ADD CONSTRAINT "FK_Projects_ProjectVersions_ActiveProjectVersionId" FOREIGN KEY ("ActiveProjectVersionId") REFERENCES public."ProjectVersions"("Id");


--
-- Name: Projects FK_Projects_ProjectVersions_LastProjectVersionId; Type: FK CONSTRAINT; Schema: public; Owner: postgres
--

ALTER TABLE ONLY public."Projects"
    ADD CONSTRAINT "FK_Projects_ProjectVersions_LastProjectVersionId" FOREIGN KEY ("LastProjectVersionId") REFERENCES public."ProjectVersions"("Id");


--
-- Name: Projects FK_Projects_Units_UnitId; Type: FK CONSTRAINT; Schema: public; Owner: postgres
--

ALTER TABLE ONLY public."Projects"
    ADD CONSTRAINT "FK_Projects_Units_UnitId" FOREIGN KEY ("UnitId") REFERENCES public."Units"("Id") ON DELETE CASCADE;


--
-- Name: ResultEvent FK_ResultEvent_Results_ResultId; Type: FK CONSTRAINT; Schema: public; Owner: postgres
--

ALTER TABLE ONLY public."ResultEvent"
    ADD CONSTRAINT "FK_ResultEvent_Results_ResultId" FOREIGN KEY ("ResultId") REFERENCES public."Results"("Id") ON DELETE CASCADE;


--
-- Name: Results FK_Results_Units_UnitId; Type: FK CONSTRAINT; Schema: public; Owner: postgres
--

ALTER TABLE ONLY public."Results"
    ADD CONSTRAINT "FK_Results_Units_UnitId" FOREIGN KEY ("UnitId") REFERENCES public."Units"("Id") ON DELETE CASCADE;


--
-- Name: Section FK_Section_Section_ParentSectionId; Type: FK CONSTRAINT; Schema: public; Owner: postgres
--

ALTER TABLE ONLY public."Section"
    ADD CONSTRAINT "FK_Section_Section_ParentSectionId" FOREIGN KEY ("ParentSectionId") REFERENCES public."Section"("Id");


--
-- Name: Section FK_Section_Units_UnitId; Type: FK CONSTRAINT; Schema: public; Owner: postgres
--

ALTER TABLE ONLY public."Section"
    ADD CONSTRAINT "FK_Section_Units_UnitId" FOREIGN KEY ("UnitId") REFERENCES public."Units"("Id") ON DELETE CASCADE;


--
-- Name: SetActiveProjectVersionRequests FK_SetActiveProjectVersionRequests_ProjectVersions_RequestedAc~; Type: FK CONSTRAINT; Schema: public; Owner: postgres
--

ALTER TABLE ONLY public."SetActiveProjectVersionRequests"
    ADD CONSTRAINT "FK_SetActiveProjectVersionRequests_ProjectVersions_RequestedAc~" FOREIGN KEY ("RequestedActiveProjectVersionId") REFERENCES public."ProjectVersions"("Id") ON DELETE CASCADE;


--
-- Name: SimUsers FK_SimUsers_Offices_OfficeId; Type: FK CONSTRAINT; Schema: public; Owner: postgres
--

ALTER TABLE ONLY public."SimUsers"
    ADD CONSTRAINT "FK_SimUsers_Offices_OfficeId" FOREIGN KEY ("OfficeId") REFERENCES public."Offices"("Id") ON DELETE CASCADE;


--
-- Name: SubCauseResult FK_SubCauseResult_CauseResults_CauseResultId; Type: FK CONSTRAINT; Schema: public; Owner: postgres
--

ALTER TABLE ONLY public."SubCauseResult"
    ADD CONSTRAINT "FK_SubCauseResult_CauseResults_CauseResultId" FOREIGN KEY ("CauseResultId") REFERENCES public."CauseResults"("Id") ON DELETE CASCADE;


--
-- Name: SubCause FK_SubCause_Causes_CauseId; Type: FK CONSTRAINT; Schema: public; Owner: postgres
--

ALTER TABLE ONLY public."SubCause"
    ADD CONSTRAINT "FK_SubCause_Causes_CauseId" FOREIGN KEY ("CauseId") REFERENCES public."Causes"("Id") ON DELETE CASCADE;


--
-- Name: TagConditions FK_TagConditions_TagConditionInfos_TagConditionInfoId; Type: FK CONSTRAINT; Schema: public; Owner: postgres
--

ALTER TABLE ONLY public."TagConditions"
    ADD CONSTRAINT "FK_TagConditions_TagConditionInfos_TagConditionInfoId" FOREIGN KEY ("TagConditionInfoId") REFERENCES public."TagConditionInfos"("Id");


--
-- Name: TagConditions FK_TagConditions_Tags_TagId; Type: FK CONSTRAINT; Schema: public; Owner: postgres
--

ALTER TABLE ONLY public."TagConditions"
    ADD CONSTRAINT "FK_TagConditions_Tags_TagId" FOREIGN KEY ("TagId") REFERENCES public."Tags"("Id") ON DELETE CASCADE;


--
-- Name: TagEvent FK_TagEvent_Tags_TagId; Type: FK CONSTRAINT; Schema: public; Owner: postgres
--

ALTER TABLE ONLY public."TagEvent"
    ADD CONSTRAINT "FK_TagEvent_Tags_TagId" FOREIGN KEY ("TagId") REFERENCES public."Tags"("Id");


--
-- Name: TagParams FK_TagParams_ParamInfos_ParamInfoId; Type: FK CONSTRAINT; Schema: public; Owner: postgres
--

ALTER TABLE ONLY public."TagParams"
    ADD CONSTRAINT "FK_TagParams_ParamInfos_ParamInfoId" FOREIGN KEY ("ParamInfoId") REFERENCES public."ParamInfos"("Id");


--
-- Name: TagParams FK_TagParams_Tags_TagId; Type: FK CONSTRAINT; Schema: public; Owner: postgres
--

ALTER TABLE ONLY public."TagParams"
    ADD CONSTRAINT "FK_TagParams_Tags_TagId" FOREIGN KEY ("TagId") REFERENCES public."Tags"("Id") ON DELETE CASCADE;


--
-- Name: Tags FK_Tags_BaseActuators_BaseActuatorId; Type: FK CONSTRAINT; Schema: public; Owner: postgres
--

ALTER TABLE ONLY public."Tags"
    ADD CONSTRAINT "FK_Tags_BaseActuators_BaseActuatorId" FOREIGN KEY ("BaseActuatorId") REFERENCES public."BaseActuators"("Id") ON DELETE CASCADE;


--
-- Name: Tags FK_Tags_Projects_ProjectId; Type: FK CONSTRAINT; Schema: public; Owner: postgres
--

ALTER TABLE ONLY public."Tags"
    ADD CONSTRAINT "FK_Tags_Projects_ProjectId" FOREIGN KEY ("ProjectId") REFERENCES public."Projects"("Id") ON DELETE CASCADE;


--
-- Name: UnitEventsIntervals FK_UnitEventsIntervals_Units_UnitId; Type: FK CONSTRAINT; Schema: public; Owner: postgres
--

ALTER TABLE ONLY public."UnitEventsIntervals"
    ADD CONSTRAINT "FK_UnitEventsIntervals_Units_UnitId" FOREIGN KEY ("UnitId") REFERENCES public."Units"("Id") ON DELETE CASCADE;


--
-- Name: UnitEvents FK_UnitEvents_UnitEventsIntervals_UnitEventsIntervalId; Type: FK CONSTRAINT; Schema: public; Owner: postgres
--

ALTER TABLE ONLY public."UnitEvents"
    ADD CONSTRAINT "FK_UnitEvents_UnitEventsIntervals_UnitEventsIntervalId" FOREIGN KEY ("UnitEventsIntervalId") REFERENCES public."UnitEventsIntervals"("Id");


--
-- Name: Units FK_Units_Projects_ActiveProjectId; Type: FK CONSTRAINT; Schema: public; Owner: postgres
--

ALTER TABLE ONLY public."Units"
    ADD CONSTRAINT "FK_Units_Projects_ActiveProjectId" FOREIGN KEY ("ActiveProjectId") REFERENCES public."Projects"("Id");


--
-- PostgreSQL database dump complete
--

