--
-- PostgreSQL database dump
--

-- Dumped from database version 14.2
-- Dumped by pg_dump version 14.2

SET statement_timeout = 0;
SET lock_timeout = 0;
SET idle_in_transaction_session_timeout = 0;
SET client_encoding = 'UTF8';
SET standard_conforming_strings = on;
SELECT pg_catalog.set_config('search_path', '', false);
SET check_function_bodies = false;
SET xmloption = content;
SET client_min_messages = warning;
SET row_security = off;

--
-- Name: case_insensitive_collation; Type: COLLATION; Schema: public; Owner: postgres
--

CREATE COLLATION public.case_insensitive_collation (provider = icu, deterministic = false, locale = 'en-u-ks-primary');


ALTER COLLATION public.case_insensitive_collation OWNER TO postgres;

SET default_tablespace = '';

SET default_table_access_method = heap;

--
-- Name: ActuatorParam; Type: TABLE; Schema: public; Owner: postgres
--

CREATE TABLE public."ActuatorParam" (
    "Id" integer NOT NULL,
    "TagId" integer NOT NULL,
    "_CreateTimeUtc" timestamp with time zone NOT NULL,
    "_DeleteTimeUtc" timestamp with time zone,
    "ParamName" text NOT NULL,
    "Value" text NOT NULL,
    "Eu" text NOT NULL,
    "Type" text NOT NULL,
    "Desc" text NOT NULL
);


ALTER TABLE public."ActuatorParam" OWNER TO postgres;

--
-- Name: ActuatorParam_Id_seq; Type: SEQUENCE; Schema: public; Owner: postgres
--

ALTER TABLE public."ActuatorParam" ALTER COLUMN "Id" ADD GENERATED BY DEFAULT AS IDENTITY (
    SEQUENCE NAME public."ActuatorParam_Id_seq"
    START WITH 1
    INCREMENT BY 1
    NO MINVALUE
    NO MAXVALUE
    CACHE 1
);


--
-- Name: BaseActuatorParam; Type: TABLE; Schema: public; Owner: postgres
--

CREATE TABLE public."BaseActuatorParam" (
    "Id" integer NOT NULL,
    "BaseActuatorId" integer NOT NULL,
    "_CreateTimeUtc" timestamp with time zone NOT NULL,
    "_DeleteTimeUtc" timestamp with time zone,
    "ParamName" text NOT NULL,
    "Value" text NOT NULL,
    "Eu" text NOT NULL,
    "Type" text NOT NULL,
    "Desc" text NOT NULL
);


ALTER TABLE public."BaseActuatorParam" OWNER TO postgres;

--
-- Name: BaseActuatorParam_Id_seq; Type: SEQUENCE; Schema: public; Owner: postgres
--

ALTER TABLE public."BaseActuatorParam" ALTER COLUMN "Id" ADD GENERATED BY DEFAULT AS IDENTITY (
    SEQUENCE NAME public."BaseActuatorParam_Id_seq"
    START WITH 1
    INCREMENT BY 1
    NO MINVALUE
    NO MAXVALUE
    CACHE 1
);


--
-- Name: BaseActuatorTypes; Type: TABLE; Schema: public; Owner: postgres
--

CREATE TABLE public."BaseActuatorTypes" (
    "Id" integer NOT NULL,
    "Type" text NOT NULL,
    "Desc" text NOT NULL
);


ALTER TABLE public."BaseActuatorTypes" OWNER TO postgres;

--
-- Name: BaseActuatorTypes_Id_seq; Type: SEQUENCE; Schema: public; Owner: postgres
--

ALTER TABLE public."BaseActuatorTypes" ALTER COLUMN "Id" ADD GENERATED BY DEFAULT AS IDENTITY (
    SEQUENCE NAME public."BaseActuatorTypes_Id_seq"
    START WITH 1
    INCREMENT BY 1
    NO MINVALUE
    NO MAXVALUE
    CACHE 1
);


--
-- Name: BaseActuators; Type: TABLE; Schema: public; Owner: postgres
--

CREATE TABLE public."BaseActuators" (
    "Id" integer NOT NULL,
    "Title" text NOT NULL,
    "Code" text NOT NULL,
    "Manufacturer" text NOT NULL,
    "Desc" text NOT NULL,
    "BaseActuatorTypeId" integer NOT NULL,
    "ProjectId" integer NOT NULL
);


ALTER TABLE public."BaseActuators" OWNER TO postgres;

--
-- Name: BaseActuators_Id_seq; Type: SEQUENCE; Schema: public; Owner: postgres
--

ALTER TABLE public."BaseActuators" ALTER COLUMN "Id" ADD GENERATED BY DEFAULT AS IDENTITY (
    SEQUENCE NAME public."BaseActuators_Id_seq"
    START WITH 1
    INCREMENT BY 1
    NO MINVALUE
    NO MAXVALUE
    CACHE 1
);


--
-- Name: CauseResults; Type: TABLE; Schema: public; Owner: postgres
--

CREATE TABLE public."CauseResults" (
    "Id" integer NOT NULL,
    "Num" integer NOT NULL,
    "TriggeredTimeUtc" timestamp with time zone,
    "CeMatrixResultId" integer NOT NULL
);


ALTER TABLE public."CauseResults" OWNER TO postgres;

--
-- Name: CauseResults_Id_seq; Type: SEQUENCE; Schema: public; Owner: postgres
--

ALTER TABLE public."CauseResults" ALTER COLUMN "Id" ADD GENERATED BY DEFAULT AS IDENTITY (
    SEQUENCE NAME public."CauseResults_Id_seq"
    START WITH 1
    INCREMENT BY 1
    NO MINVALUE
    NO MAXVALUE
    CACHE 1
);


--
-- Name: Causes; Type: TABLE; Schema: public; Owner: postgres
--

CREATE TABLE public."Causes" (
    "Id" integer NOT NULL,
    "Num" integer NOT NULL,
    "CeMatrixId" integer NOT NULL,
    "_CreateTimeUtc" timestamp with time zone NOT NULL,
    "_DeleteTimeUtc" timestamp with time zone
);


ALTER TABLE public."Causes" OWNER TO postgres;

--
-- Name: Causes_Id_seq; Type: SEQUENCE; Schema: public; Owner: postgres
--

ALTER TABLE public."Causes" ALTER COLUMN "Id" ADD GENERATED BY DEFAULT AS IDENTITY (
    SEQUENCE NAME public."Causes_Id_seq"
    START WITH 1
    INCREMENT BY 1
    NO MINVALUE
    NO MAXVALUE
    CACHE 1
);


--
-- Name: CeMatrices; Type: TABLE; Schema: public; Owner: postgres
--

CREATE TABLE public."CeMatrices" (
    "Id" integer NOT NULL,
    "Guid" text NOT NULL,
    "Version" integer NOT NULL,
    "Title" text NOT NULL,
    "Desc" text NOT NULL,
    "Comment" text NOT NULL,
    "Status" text NOT NULL,
    "Source" text NOT NULL,
    "ProjectId" integer NOT NULL,
    "CauseCustomFieldNames" text NOT NULL,
    "EffectCustomFieldNames" text NOT NULL,
    "_CreateTimeUtc" timestamp with time zone NOT NULL,
    "_DeleteTimeUtc" timestamp with time zone
);


ALTER TABLE public."CeMatrices" OWNER TO postgres;

--
-- Name: CeMatrices_Id_seq; Type: SEQUENCE; Schema: public; Owner: postgres
--

ALTER TABLE public."CeMatrices" ALTER COLUMN "Id" ADD GENERATED BY DEFAULT AS IDENTITY (
    SEQUENCE NAME public."CeMatrices_Id_seq"
    START WITH 1
    INCREMENT BY 1
    NO MINVALUE
    NO MAXVALUE
    CACHE 1
);


--
-- Name: CeMatrixResuls; Type: TABLE; Schema: public; Owner: postgres
--

CREATE TABLE public."CeMatrixResuls" (
    "Id" integer NOT NULL,
    "CeMatrixGuid" text NOT NULL,
    "CeMatrixVersion" integer NOT NULL,
    "ResultId" integer NOT NULL
);


ALTER TABLE public."CeMatrixResuls" OWNER TO postgres;

--
-- Name: CeMatrixResuls_Id_seq; Type: SEQUENCE; Schema: public; Owner: postgres
--

ALTER TABLE public."CeMatrixResuls" ALTER COLUMN "Id" ADD GENERATED BY DEFAULT AS IDENTITY (
    SEQUENCE NAME public."CeMatrixResuls_Id_seq"
    START WITH 1
    INCREMENT BY 1
    NO MINVALUE
    NO MAXVALUE
    CACHE 1
);


--
-- Name: DbFile; Type: TABLE; Schema: public; Owner: postgres
--

CREATE TABLE public."DbFile" (
    "Id" integer NOT NULL,
    "FileLastWriteTimeUtc" timestamp with time zone NOT NULL,
    "FileDeletionTimeUtc" timestamp with time zone,
    "FileName" text NOT NULL,
    "Data" bytea NOT NULL,
    "ProjectVersionId" integer
);


ALTER TABLE public."DbFile" OWNER TO postgres;

--
-- Name: DbFile_Id_seq; Type: SEQUENCE; Schema: public; Owner: postgres
--

ALTER TABLE public."DbFile" ALTER COLUMN "Id" ADD GENERATED BY DEFAULT AS IDENTITY (
    SEQUENCE NAME public."DbFile_Id_seq"
    START WITH 1
    INCREMENT BY 1
    NO MINVALUE
    NO MAXVALUE
    CACHE 1
);


--
-- Name: EffectResults; Type: TABLE; Schema: public; Owner: postgres
--

CREATE TABLE public."EffectResults" (
    "Id" integer NOT NULL,
    "Num" integer NOT NULL,
    "TagName" text NOT NULL,
    "TagConditionString" text NOT NULL,
    "TagConditionString_SymbolToDisplay" text NOT NULL,
    "CustomFieldValues" text NOT NULL,
    "TriggeredType" integer NOT NULL,
    "TriggeredTimeUtc" timestamp with time zone,
    "MaxDelayMs" numeric(20,0) NOT NULL,
    "CeMatrixResultId" integer NOT NULL
);


ALTER TABLE public."EffectResults" OWNER TO postgres;

--
-- Name: EffectResults_Id_seq; Type: SEQUENCE; Schema: public; Owner: postgres
--

ALTER TABLE public."EffectResults" ALTER COLUMN "Id" ADD GENERATED BY DEFAULT AS IDENTITY (
    SEQUENCE NAME public."EffectResults_Id_seq"
    START WITH 1
    INCREMENT BY 1
    NO MINVALUE
    NO MAXVALUE
    CACHE 1
);


--
-- Name: Effects; Type: TABLE; Schema: public; Owner: postgres
--

CREATE TABLE public."Effects" (
    "Id" integer NOT NULL,
    "Num" integer NOT NULL,
    "TagName" text NOT NULL,
    "TagConditionString" text NOT NULL,
    "TagConditionString_SymbolToDisplay" text NOT NULL,
    "CustomFieldValues" text NOT NULL,
    "CeMatrixId" integer NOT NULL,
    "_CreateTimeUtc" timestamp with time zone NOT NULL,
    "_DeleteTimeUtc" timestamp with time zone
);


ALTER TABLE public."Effects" OWNER TO postgres;

--
-- Name: Effects_Id_seq; Type: SEQUENCE; Schema: public; Owner: postgres
--

ALTER TABLE public."Effects" ALTER COLUMN "Id" ADD GENERATED BY DEFAULT AS IDENTITY (
    SEQUENCE NAME public."Effects_Id_seq"
    START WITH 1
    INCREMENT BY 1
    NO MINVALUE
    NO MAXVALUE
    CACHE 1
);


--
-- Name: EngineeringUnits; Type: TABLE; Schema: public; Owner: postgres
--

CREATE TABLE public."EngineeringUnits" (
    "Id" integer NOT NULL,
    "Eu" text NOT NULL,
    "Desc" text NOT NULL
);


ALTER TABLE public."EngineeringUnits" OWNER TO postgres;

--
-- Name: EngineeringUnits_Id_seq; Type: SEQUENCE; Schema: public; Owner: postgres
--

ALTER TABLE public."EngineeringUnits" ALTER COLUMN "Id" ADD GENERATED BY DEFAULT AS IDENTITY (
    SEQUENCE NAME public."EngineeringUnits_Id_seq"
    START WITH 1
    INCREMENT BY 1
    NO MINVALUE
    NO MAXVALUE
    CACHE 1
);


--
-- Name: Intersection; Type: TABLE; Schema: public; Owner: postgres
--

CREATE TABLE public."Intersection" (
    "Id" integer NOT NULL,
    "TagConditionString_SymbolToDisplay" text NOT NULL,
    "CauseId" integer NOT NULL,
    "EffectId" integer NOT NULL,
    "CeMatrixId" integer NOT NULL,
    "_CreateTimeUtc" timestamp with time zone NOT NULL,
    "_DeleteTimeUtc" timestamp with time zone
);


ALTER TABLE public."Intersection" OWNER TO postgres;

--
-- Name: IntersectionResult; Type: TABLE; Schema: public; Owner: postgres
--

CREATE TABLE public."IntersectionResult" (
    "Id" integer NOT NULL,
    "CauseResultId" integer NOT NULL,
    "EffectResultId" integer NOT NULL,
    "TagConditionString_SymbolToDisplay" text NOT NULL,
    "TriggeredType" integer NOT NULL,
    "CeMatrixResultId" integer NOT NULL
);


ALTER TABLE public."IntersectionResult" OWNER TO postgres;

--
-- Name: IntersectionResult_Id_seq; Type: SEQUENCE; Schema: public; Owner: postgres
--

ALTER TABLE public."IntersectionResult" ALTER COLUMN "Id" ADD GENERATED BY DEFAULT AS IDENTITY (
    SEQUENCE NAME public."IntersectionResult_Id_seq"
    START WITH 1
    INCREMENT BY 1
    NO MINVALUE
    NO MAXVALUE
    CACHE 1
);


--
-- Name: Intersection_Id_seq; Type: SEQUENCE; Schema: public; Owner: postgres
--

ALTER TABLE public."Intersection" ALTER COLUMN "Id" ADD GENERATED BY DEFAULT AS IDENTITY (
    SEQUENCE NAME public."Intersection_Id_seq"
    START WITH 1
    INCREMENT BY 1
    NO MINVALUE
    NO MAXVALUE
    CACHE 1
);


--
-- Name: Jobs; Type: TABLE; Schema: public; Owner: postgres
--

CREATE TABLE public."Jobs" (
    "Id" integer NOT NULL,
    "Guid" text NOT NULL,
    "Name" text NOT NULL,
    "IsSuccess" boolean NOT NULL,
    "Message" text NOT NULL,
    "Status" integer NOT NULL
);


ALTER TABLE public."Jobs" OWNER TO postgres;

--
-- Name: Jobs_Id_seq; Type: SEQUENCE; Schema: public; Owner: postgres
--

ALTER TABLE public."Jobs" ALTER COLUMN "Id" ADD GENERATED BY DEFAULT AS IDENTITY (
    SEQUENCE NAME public."Jobs_Id_seq"
    START WITH 1
    INCREMENT BY 1
    NO MINVALUE
    NO MAXVALUE
    CACHE 1
);


--
-- Name: Offices; Type: TABLE; Schema: public; Owner: postgres
--

CREATE TABLE public."Offices" (
    "Id" integer NOT NULL,
    "Title" text NOT NULL
);


ALTER TABLE public."Offices" OWNER TO postgres;

--
-- Name: Offices_Id_seq; Type: SEQUENCE; Schema: public; Owner: postgres
--

ALTER TABLE public."Offices" ALTER COLUMN "Id" ADD GENERATED BY DEFAULT AS IDENTITY (
    SEQUENCE NAME public."Offices_Id_seq"
    START WITH 1
    INCREMENT BY 1
    NO MINVALUE
    NO MAXVALUE
    CACHE 1
);


--
-- Name: ProjectVersion; Type: TABLE; Schema: public; Owner: postgres
--

CREATE TABLE public."ProjectVersion" (
    "Id" integer NOT NULL,
    "TimeUtc" timestamp with time zone NOT NULL,
    "Comment" text NOT NULL,
    "User" text NOT NULL,
    "ProjectId" integer NOT NULL
);


ALTER TABLE public."ProjectVersion" OWNER TO postgres;

--
-- Name: ProjectVersion_Id_seq; Type: SEQUENCE; Schema: public; Owner: postgres
--

ALTER TABLE public."ProjectVersion" ALTER COLUMN "Id" ADD GENERATED BY DEFAULT AS IDENTITY (
    SEQUENCE NAME public."ProjectVersion_Id_seq"
    START WITH 1
    INCREMENT BY 1
    NO MINVALUE
    NO MAXVALUE
    CACHE 1
);


--
-- Name: Projects; Type: TABLE; Schema: public; Owner: postgres
--

CREATE TABLE public."Projects" (
    "Id" integer NOT NULL,
    "Title" text NOT NULL,
    "Desc" text NOT NULL,
    "Comment" text NOT NULL,
    "ActiveProjectVersionId" integer,
    "UnitId" integer NOT NULL
);


ALTER TABLE public."Projects" OWNER TO postgres;

--
-- Name: Projects_Id_seq; Type: SEQUENCE; Schema: public; Owner: postgres
--

ALTER TABLE public."Projects" ALTER COLUMN "Id" ADD GENERATED BY DEFAULT AS IDENTITY (
    SEQUENCE NAME public."Projects_Id_seq"
    START WITH 1
    INCREMENT BY 1
    NO MINVALUE
    NO MAXVALUE
    CACHE 1
);


--
-- Name: ResultEvent; Type: TABLE; Schema: public; Owner: postgres
--

CREATE TABLE public."ResultEvent" (
    "Id" integer NOT NULL,
    "Num" integer NOT NULL,
    "TagName" text NOT NULL,
    "Type" integer NOT NULL,
    "TagConditionString" text NOT NULL,
    "TriggeredType" integer NOT NULL,
    "TriggeredTimeUtc" timestamp with time zone NOT NULL,
    "ResultId" integer NOT NULL
);


ALTER TABLE public."ResultEvent" OWNER TO postgres;

--
-- Name: ResultEvent_Id_seq; Type: SEQUENCE; Schema: public; Owner: postgres
--

ALTER TABLE public."ResultEvent" ALTER COLUMN "Id" ADD GENERATED BY DEFAULT AS IDENTITY (
    SEQUENCE NAME public."ResultEvent_Id_seq"
    START WITH 1
    INCREMENT BY 1
    NO MINVALUE
    NO MAXVALUE
    CACHE 1
);


--
-- Name: Results; Type: TABLE; Schema: public; Owner: postgres
--

CREATE TABLE public."Results" (
    "Id" integer NOT NULL,
    "Title" text NOT NULL,
    "Desc" text NOT NULL,
    "Comment" text NOT NULL,
    "AlalyzeTimeUtc" timestamp with time zone NOT NULL,
    "StartTimeUtc" timestamp with time zone NOT NULL,
    "EndTimeUtc" timestamp with time zone NOT NULL,
    "UnitId" integer NOT NULL
);


ALTER TABLE public."Results" OWNER TO postgres;

--
-- Name: Results_Id_seq; Type: SEQUENCE; Schema: public; Owner: postgres
--

ALTER TABLE public."Results" ALTER COLUMN "Id" ADD GENERATED BY DEFAULT AS IDENTITY (
    SEQUENCE NAME public."Results_Id_seq"
    START WITH 1
    INCREMENT BY 1
    NO MINVALUE
    NO MAXVALUE
    CACHE 1
);


--
-- Name: Section; Type: TABLE; Schema: public; Owner: postgres
--

CREATE TABLE public."Section" (
    "Id" integer NOT NULL,
    "Title" text NOT NULL,
    "Level" integer NOT NULL,
    "Calculation" text NOT NULL,
    "ParentSectionId" integer,
    "AlarmLevel" integer NOT NULL,
    "AlarmOpacity" double precision NOT NULL,
    "K" double precision NOT NULL,
    "UnitId" integer NOT NULL
);


ALTER TABLE public."Section" OWNER TO postgres;

--
-- Name: Section_Id_seq; Type: SEQUENCE; Schema: public; Owner: postgres
--

ALTER TABLE public."Section" ALTER COLUMN "Id" ADD GENERATED BY DEFAULT AS IDENTITY (
    SEQUENCE NAME public."Section_Id_seq"
    START WITH 1
    INCREMENT BY 1
    NO MINVALUE
    NO MAXVALUE
    CACHE 1
);


--
-- Name: SimUsers; Type: TABLE; Schema: public; Owner: postgres
--

CREATE TABLE public."SimUsers" (
    "Id" integer NOT NULL,
    "User" text NOT NULL,
    "Password" text NOT NULL,
    "ProviderName" text NOT NULL,
    "ProviderSubjectId" text NOT NULL,
    "IsActive" boolean NOT NULL,
    "FirstName" text NOT NULL,
    "LastName" text NOT NULL,
    "MiddleName" text NOT NULL,
    "PersonnelNumber" text NOT NULL,
    "OfficeId" integer NOT NULL,
    "Role" text NOT NULL
);


ALTER TABLE public."SimUsers" OWNER TO postgres;

--
-- Name: SimUsers_Id_seq; Type: SEQUENCE; Schema: public; Owner: postgres
--

ALTER TABLE public."SimUsers" ALTER COLUMN "Id" ADD GENERATED BY DEFAULT AS IDENTITY (
    SEQUENCE NAME public."SimUsers_Id_seq"
    START WITH 1
    INCREMENT BY 1
    NO MINVALUE
    NO MAXVALUE
    CACHE 1
);


--
-- Name: StandardParam; Type: TABLE; Schema: public; Owner: postgres
--

CREATE TABLE public."StandardParam" (
    "Id" integer NOT NULL,
    "ParamName" text NOT NULL,
    "Type" text NOT NULL,
    "Desc" text NOT NULL,
    "BaseActuatorTypeId" integer
);


ALTER TABLE public."StandardParam" OWNER TO postgres;

--
-- Name: StandardParam_Id_seq; Type: SEQUENCE; Schema: public; Owner: postgres
--

ALTER TABLE public."StandardParam" ALTER COLUMN "Id" ADD GENERATED BY DEFAULT AS IDENTITY (
    SEQUENCE NAME public."StandardParam_Id_seq"
    START WITH 1
    INCREMENT BY 1
    NO MINVALUE
    NO MAXVALUE
    CACHE 1
);


--
-- Name: SubCause; Type: TABLE; Schema: public; Owner: postgres
--

CREATE TABLE public."SubCause" (
    "Id" integer NOT NULL,
    "Num" integer NOT NULL,
    "TagName" text NOT NULL,
    "TagConditionString" text NOT NULL,
    "TagConditionString_SymbolToDisplay" text NOT NULL,
    "CustomFieldValues" text NOT NULL,
    "CauseId" integer NOT NULL,
    "_CreateTimeUtc" timestamp with time zone NOT NULL,
    "_DeleteTimeUtc" timestamp with time zone
);


ALTER TABLE public."SubCause" OWNER TO postgres;

--
-- Name: SubCauseResult; Type: TABLE; Schema: public; Owner: postgres
--

CREATE TABLE public."SubCauseResult" (
    "Id" integer NOT NULL,
    "Num" integer NOT NULL,
    "TagName" text NOT NULL,
    "TagConditionString" text NOT NULL,
    "TagConditionString_SymbolToDisplay" text NOT NULL,
    "CustomFieldValues" text NOT NULL,
    "TriggeredTimeUtc" timestamp with time zone,
    "CauseResultId" integer NOT NULL
);


ALTER TABLE public."SubCauseResult" OWNER TO postgres;

--
-- Name: SubCauseResult_Id_seq; Type: SEQUENCE; Schema: public; Owner: postgres
--

ALTER TABLE public."SubCauseResult" ALTER COLUMN "Id" ADD GENERATED BY DEFAULT AS IDENTITY (
    SEQUENCE NAME public."SubCauseResult_Id_seq"
    START WITH 1
    INCREMENT BY 1
    NO MINVALUE
    NO MAXVALUE
    CACHE 1
);


--
-- Name: SubCause_Id_seq; Type: SEQUENCE; Schema: public; Owner: postgres
--

ALTER TABLE public."SubCause" ALTER COLUMN "Id" ADD GENERATED BY DEFAULT AS IDENTITY (
    SEQUENCE NAME public."SubCause_Id_seq"
    START WITH 1
    INCREMENT BY 1
    NO MINVALUE
    NO MAXVALUE
    CACHE 1
);


--
-- Name: TagCondition; Type: TABLE; Schema: public; Owner: postgres
--

CREATE TABLE public."TagCondition" (
    "Id" integer NOT NULL,
    "Identifier" text NOT NULL,
    "MathOperator" text NOT NULL,
    "Value" text NOT NULL,
    "SymbolToDisplay" text NOT NULL,
    "TagId" integer NOT NULL,
    "_CreateTimeUtc" timestamp with time zone NOT NULL,
    "_DeleteTimeUtc" timestamp with time zone
);


ALTER TABLE public."TagCondition" OWNER TO postgres;

--
-- Name: TagConditionElementNames; Type: TABLE; Schema: public; Owner: postgres
--

CREATE TABLE public."TagConditionElementNames" (
    "Id" integer NOT NULL,
    "Identifier" text NOT NULL,
    "Type" text NOT NULL,
    "Desc" text NOT NULL
);


ALTER TABLE public."TagConditionElementNames" OWNER TO postgres;

--
-- Name: TagConditionElementNames_Id_seq; Type: SEQUENCE; Schema: public; Owner: postgres
--

ALTER TABLE public."TagConditionElementNames" ALTER COLUMN "Id" ADD GENERATED BY DEFAULT AS IDENTITY (
    SEQUENCE NAME public."TagConditionElementNames_Id_seq"
    START WITH 1
    INCREMENT BY 1
    NO MINVALUE
    NO MAXVALUE
    CACHE 1
);


--
-- Name: TagCondition_Id_seq; Type: SEQUENCE; Schema: public; Owner: postgres
--

ALTER TABLE public."TagCondition" ALTER COLUMN "Id" ADD GENERATED BY DEFAULT AS IDENTITY (
    SEQUENCE NAME public."TagCondition_Id_seq"
    START WITH 1
    INCREMENT BY 1
    NO MINVALUE
    NO MAXVALUE
    CACHE 1
);


--
-- Name: TagEvent; Type: TABLE; Schema: public; Owner: postgres
--

CREATE TABLE public."TagEvent" (
    "Id" integer NOT NULL,
    "EventTimeUtc" timestamp with time zone NOT NULL,
    "Value" text NOT NULL,
    "TagId" integer
);


ALTER TABLE public."TagEvent" OWNER TO postgres;

--
-- Name: TagEvent_Id_seq; Type: SEQUENCE; Schema: public; Owner: postgres
--

ALTER TABLE public."TagEvent" ALTER COLUMN "Id" ADD GENERATED BY DEFAULT AS IDENTITY (
    SEQUENCE NAME public."TagEvent_Id_seq"
    START WITH 1
    INCREMENT BY 1
    NO MINVALUE
    NO MAXVALUE
    CACHE 1
);


--
-- Name: TagParam; Type: TABLE; Schema: public; Owner: postgres
--

CREATE TABLE public."TagParam" (
    "Id" integer NOT NULL,
    "TagId" integer NOT NULL,
    "_CreateTimeUtc" timestamp with time zone NOT NULL,
    "_DeleteTimeUtc" timestamp with time zone,
    "ParamName" text NOT NULL,
    "Value" text NOT NULL,
    "Eu" text NOT NULL,
    "Type" text NOT NULL,
    "Desc" text NOT NULL
);


ALTER TABLE public."TagParam" OWNER TO postgres;

--
-- Name: TagParam_Id_seq; Type: SEQUENCE; Schema: public; Owner: postgres
--

ALTER TABLE public."TagParam" ALTER COLUMN "Id" ADD GENERATED BY DEFAULT AS IDENTITY (
    SEQUENCE NAME public."TagParam_Id_seq"
    START WITH 1
    INCREMENT BY 1
    NO MINVALUE
    NO MAXVALUE
    CACHE 1
);


--
-- Name: Tags; Type: TABLE; Schema: public; Owner: postgres
--

CREATE TABLE public."Tags" (
    "Id" integer NOT NULL,
    "TagName" text NOT NULL COLLATE public.case_insensitive_collation,
    "Desc" text NOT NULL,
    "BaseActuatorId" integer NOT NULL,
    "ProjectId" integer NOT NULL,
    "_CreateTimeUtc" timestamp with time zone NOT NULL,
    "_DeleteTimeUtc" timestamp with time zone
);


ALTER TABLE public."Tags" OWNER TO postgres;

--
-- Name: Tags_Id_seq; Type: SEQUENCE; Schema: public; Owner: postgres
--

ALTER TABLE public."Tags" ALTER COLUMN "Id" ADD GENERATED BY DEFAULT AS IDENTITY (
    SEQUENCE NAME public."Tags_Id_seq"
    START WITH 1
    INCREMENT BY 1
    NO MINVALUE
    NO MAXVALUE
    CACHE 1
);


--
-- Name: UnitEvents; Type: TABLE; Schema: public; Owner: postgres
--

CREATE TABLE public."UnitEvents" (
    "Id" integer NOT NULL,
    "EventTimeUtc" timestamp with time zone NOT NULL,
    "TagName" text NOT NULL,
    "TagConditionString" text NOT NULL,
    "ConditionIsActive" boolean NOT NULL,
    "EventSource" text NOT NULL,
    "OriginalEvent" text NOT NULL,
    "UnitEventsIntervalId" integer
);


ALTER TABLE public."UnitEvents" OWNER TO postgres;

--
-- Name: UnitEventsIntervals; Type: TABLE; Schema: public; Owner: postgres
--

CREATE TABLE public."UnitEventsIntervals" (
    "Id" integer NOT NULL,
    "Title" text NOT NULL,
    "StartTimeUtc" timestamp with time zone NOT NULL,
    "EndTimeUtc" timestamp with time zone NOT NULL,
    "UnitId" integer NOT NULL
);


ALTER TABLE public."UnitEventsIntervals" OWNER TO postgres;

--
-- Name: UnitEventsIntervals_Id_seq; Type: SEQUENCE; Schema: public; Owner: postgres
--

ALTER TABLE public."UnitEventsIntervals" ALTER COLUMN "Id" ADD GENERATED BY DEFAULT AS IDENTITY (
    SEQUENCE NAME public."UnitEventsIntervals_Id_seq"
    START WITH 1
    INCREMENT BY 1
    NO MINVALUE
    NO MAXVALUE
    CACHE 1
);


--
-- Name: UnitEvents_Id_seq; Type: SEQUENCE; Schema: public; Owner: postgres
--

ALTER TABLE public."UnitEvents" ALTER COLUMN "Id" ADD GENERATED BY DEFAULT AS IDENTITY (
    SEQUENCE NAME public."UnitEvents_Id_seq"
    START WITH 1
    INCREMENT BY 1
    NO MINVALUE
    NO MAXVALUE
    CACHE 1
);


--
-- Name: Units; Type: TABLE; Schema: public; Owner: postgres
--

CREATE TABLE public."Units" (
    "Id" integer NOT NULL,
    "Title" text NOT NULL,
    "Desc" text NOT NULL,
    "ActiveProjectId" integer
);


ALTER TABLE public."Units" OWNER TO postgres;

--
-- Name: Units_Id_seq; Type: SEQUENCE; Schema: public; Owner: postgres
--

ALTER TABLE public."Units" ALTER COLUMN "Id" ADD GENERATED BY DEFAULT AS IDENTITY (
    SEQUENCE NAME public."Units_Id_seq"
    START WITH 1
    INCREMENT BY 1
    NO MINVALUE
    NO MAXVALUE
    CACHE 1
);


--
-- Data for Name: ActuatorParam; Type: TABLE DATA; Schema: public; Owner: postgres
--

COPY public."ActuatorParam" ("Id", "TagId", "_CreateTimeUtc", "_DeleteTimeUtc", "ParamName", "Value", "Eu", "Type", "Desc") FROM stdin;
\.


--
-- Data for Name: BaseActuatorParam; Type: TABLE DATA; Schema: public; Owner: postgres
--

COPY public."BaseActuatorParam" ("Id", "BaseActuatorId", "_CreateTimeUtc", "_DeleteTimeUtc", "ParamName", "Value", "Eu", "Type", "Desc") FROM stdin;
1	2	-infinity	\N	MaxSafeSpeed	30	с		Максимально допустимое время срабатывания
2	2	-infinity	\N	SafeSpeed	15	с		Среднее время срабатывания
3	3	-infinity	\N	MaxSafeSpeed	3	с		Максимально допустимое время срабатывания
\.


--
-- Data for Name: BaseActuatorTypes; Type: TABLE DATA; Schema: public; Owner: postgres
--

COPY public."BaseActuatorTypes" ("Id", "Type", "Desc") FROM stdin;
1		
2	Отсечной клапан	
3	Насос	
\.


--
-- Data for Name: BaseActuators; Type: TABLE DATA; Schema: public; Owner: postgres
--

COPY public."BaseActuators" ("Id", "Title", "Code", "Manufacturer", "Desc", "BaseActuatorTypeId", "ProjectId") FROM stdin;
1	Нет исполнительного механизма				1	2
2	Отсечной клапан V202	V202	Honeywell		2	2
3	Насос P2K3	P2K3	Honeywell		3	2
\.


--
-- Data for Name: CauseResults; Type: TABLE DATA; Schema: public; Owner: postgres
--

COPY public."CauseResults" ("Id", "Num", "TriggeredTimeUtc", "CeMatrixResultId") FROM stdin;
1	1	2021-06-10 06:38:29.462+03	1
2	2	2021-06-10 06:43:24.662+03	1
3	3	\N	1
4	4	2021-06-10 06:43:24.062+03	1
5	5	\N	1
6	6	\N	1
7	7	\N	1
8	8	\N	1
9	9	2021-06-10 06:38:28.462+03	1
10	10	\N	1
11	11	\N	1
12	12	\N	1
13	13	\N	1
14	14	\N	1
15	15	\N	1
16	16	\N	1
17	17	\N	1
18	18	\N	1
19	19	\N	1
20	20	\N	1
21	21	\N	1
22	22	\N	1
23	23	\N	1
24	24	\N	1
25	25	\N	1
26	26	2021-06-10 06:41:49.062+03	1
27	27	\N	1
28	28	\N	1
29	29	\N	1
30	30	\N	1
31	31	\N	1
32	32	\N	1
33	33	\N	1
34	34	\N	1
35	35	\N	1
36	36	\N	1
37	37	\N	1
38	38	2021-06-10 06:40:01.562+03	1
39	39	2021-06-10 06:38:28.462+03	1
40	1	2021-06-10 06:38:29.462+03	2
41	2	2021-06-10 06:38:29.462+03	2
42	3	2021-06-10 06:38:29.462+03	2
43	4	2021-06-10 06:38:29.462+03	2
44	5	2021-06-10 06:38:29.462+03	2
45	6	2021-06-10 06:42:22.162+03	2
46	7	2021-06-10 06:42:22.162+03	2
47	8	2021-06-10 06:42:22.162+03	2
48	9	2021-06-10 06:42:22.162+03	2
49	10	2021-06-10 06:42:22.162+03	2
50	11	2021-06-10 06:42:22.162+03	2
51	12	2021-06-10 06:42:22.162+03	2
52	13	2021-06-10 06:42:22.162+03	2
53	14	2021-06-10 06:42:22.162+03	2
54	15	2021-06-10 06:42:22.162+03	2
55	16	2021-06-10 06:42:22.162+03	2
56	17	2021-06-10 06:42:22.162+03	2
57	18	2021-06-10 06:42:22.162+03	2
58	19	2021-06-10 06:42:22.162+03	2
59	20	2021-06-10 06:42:22.162+03	2
60	21	2021-06-10 06:42:22.162+03	2
61	22	2021-06-10 06:42:22.162+03	2
62	23	2021-06-10 06:42:22.162+03	2
63	24	2021-06-10 06:42:22.162+03	2
64	25	2021-06-10 06:42:22.162+03	2
65	26	2021-06-10 06:42:22.162+03	2
66	27	2021-06-10 06:42:22.162+03	2
67	28	2021-06-10 06:42:22.162+03	2
68	29	\N	2
69	30	2021-06-10 06:42:22.162+03	2
70	31	\N	2
71	32	\N	2
\.


--
-- Data for Name: Causes; Type: TABLE DATA; Schema: public; Owner: postgres
--

COPY public."Causes" ("Id", "Num", "CeMatrixId", "_CreateTimeUtc", "_DeleteTimeUtc") FROM stdin;
1	1	1	2022-06-22 19:16:24.267436+03	\N
2	2	1	2022-06-22 19:16:24.270731+03	\N
3	3	1	2022-06-22 19:16:24.271725+03	\N
4	4	1	2022-06-22 19:16:24.272586+03	\N
5	5	1	2022-06-22 19:16:24.27345+03	\N
6	6	1	2022-06-22 19:16:24.274331+03	\N
7	7	1	2022-06-22 19:16:24.275237+03	\N
8	8	1	2022-06-22 19:16:24.276095+03	\N
9	9	1	2022-06-22 19:16:24.276969+03	\N
10	10	1	2022-06-22 19:16:24.277823+03	\N
11	11	1	2022-06-22 19:16:24.278696+03	\N
12	12	1	2022-06-22 19:16:24.280225+03	\N
13	13	1	2022-06-22 19:16:24.281884+03	\N
14	14	1	2022-06-22 19:16:24.283837+03	\N
15	15	1	2022-06-22 19:16:24.285724+03	\N
16	16	1	2022-06-22 19:16:24.287302+03	\N
17	17	1	2022-06-22 19:16:24.2884+03	\N
18	18	1	2022-06-22 19:16:24.289479+03	\N
19	19	1	2022-06-22 19:16:24.290631+03	\N
20	20	1	2022-06-22 19:16:24.291895+03	\N
21	21	1	2022-06-22 19:16:24.293257+03	\N
22	22	1	2022-06-22 19:16:24.294639+03	\N
23	23	1	2022-06-22 19:16:24.295851+03	\N
24	24	1	2022-06-22 19:16:24.296877+03	\N
25	25	1	2022-06-22 19:16:24.298017+03	\N
26	26	1	2022-06-22 19:16:24.299363+03	\N
27	27	1	2022-06-22 19:16:24.300416+03	\N
28	28	1	2022-06-22 19:16:24.301512+03	\N
29	29	1	2022-06-22 19:16:24.304843+03	\N
30	30	1	2022-06-22 19:16:24.306309+03	\N
31	31	1	2022-06-22 19:16:24.307653+03	\N
32	32	1	2022-06-22 19:16:24.308728+03	\N
33	33	1	2022-06-22 19:16:24.30983+03	\N
34	34	1	2022-06-22 19:16:24.310968+03	\N
35	35	1	2022-06-22 19:16:24.311983+03	\N
36	36	1	2022-06-22 19:16:24.313064+03	\N
37	37	1	2022-06-22 19:16:24.314097+03	\N
38	38	1	2022-06-22 19:16:24.315569+03	\N
39	39	1	2022-06-22 19:16:24.31699+03	\N
40	1	2	2022-06-22 19:16:24.462138+03	\N
41	2	2	2022-06-22 19:16:24.46329+03	\N
42	3	2	2022-06-22 19:16:24.464883+03	\N
43	4	2	2022-06-22 19:16:24.466318+03	\N
44	5	2	2022-06-22 19:16:24.46757+03	\N
45	6	2	2022-06-22 19:16:24.468823+03	\N
46	7	2	2022-06-22 19:16:24.470078+03	\N
47	8	2	2022-06-22 19:16:24.471276+03	\N
48	9	2	2022-06-22 19:16:24.472509+03	\N
49	10	2	2022-06-22 19:16:24.473735+03	\N
50	11	2	2022-06-22 19:16:24.474933+03	\N
51	12	2	2022-06-22 19:16:24.476119+03	\N
52	13	2	2022-06-22 19:16:24.477272+03	\N
53	14	2	2022-06-22 19:16:24.47849+03	\N
54	15	2	2022-06-22 19:16:24.479796+03	\N
55	16	2	2022-06-22 19:16:24.481068+03	\N
56	17	2	2022-06-22 19:16:24.482391+03	\N
57	18	2	2022-06-22 19:16:24.483562+03	\N
58	19	2	2022-06-22 19:16:24.48475+03	\N
59	20	2	2022-06-22 19:16:24.485991+03	\N
60	21	2	2022-06-22 19:16:24.487169+03	\N
61	22	2	2022-06-22 19:16:24.488368+03	\N
62	23	2	2022-06-22 19:16:24.489658+03	\N
63	24	2	2022-06-22 19:16:24.490892+03	\N
64	25	2	2022-06-22 19:16:24.492063+03	\N
65	26	2	2022-06-22 19:16:24.493282+03	\N
66	27	2	2022-06-22 19:16:24.494538+03	\N
67	28	2	2022-06-22 19:16:24.495945+03	\N
68	29	2	2022-06-22 19:16:24.498005+03	\N
69	30	2	2022-06-22 19:16:24.500247+03	\N
70	31	2	2022-06-22 19:16:24.502123+03	\N
71	32	2	2022-06-22 19:16:24.503718+03	\N
\.


--
-- Data for Name: CeMatrices; Type: TABLE DATA; Schema: public; Owner: postgres
--

COPY public."CeMatrices" ("Id", "Guid", "Version", "Title", "Desc", "Comment", "Status", "Source", "ProjectId", "CauseCustomFieldNames", "EffectCustomFieldNames", "_CreateTimeUtc", "_DeleteTimeUtc") FROM stdin;
1	14bc6aaf-154c-4c19-86cd-ef3eacd3bc2f	1	Analog CEMatrix					2	Logic1		2022-06-22 19:16:24.137637+03	\N
2	83060d23-185a-400c-b4d9-260fa9a747a3	1	Discrete CEMatrix					2			2022-06-22 19:16:24.44295+03	\N
\.


--
-- Data for Name: CeMatrixResuls; Type: TABLE DATA; Schema: public; Owner: postgres
--

COPY public."CeMatrixResuls" ("Id", "CeMatrixGuid", "CeMatrixVersion", "ResultId") FROM stdin;
1	14bc6aaf-154c-4c19-86cd-ef3eacd3bc2f	1	1
2	83060d23-185a-400c-b4d9-260fa9a747a3	1	1
\.


--
-- Data for Name: DbFile; Type: TABLE DATA; Schema: public; Owner: postgres
--

COPY public."DbFile" ("Id", "FileLastWriteTimeUtc", "FileDeletionTimeUtc", "FileName", "Data", "ProjectVersionId") FROM stdin;
\.


--
-- Data for Name: EffectResults; Type: TABLE DATA; Schema: public; Owner: postgres
--

COPY public."EffectResults" ("Id", "Num", "TagName", "TagConditionString", "TagConditionString_SymbolToDisplay", "CustomFieldValues", "TriggeredType", "TriggeredTimeUtc", "MaxDelayMs", "CeMatrixResultId") FROM stdin;
1	0	Э-1	ALARM=ЗАКР	C		2	2021-06-10 06:38:28.898+03	0	1
2	1	Э-2	ALARM=ЗАКР	C		3	2021-06-10 06:40:25.58+03	0	1
3	2	H-1	ALARM=ВЫКЛ	S		4	\N	0	1
4	3	H-2	ALARM=ВЫКЛ	S		4	\N	0	1
5	4	H-3	ALARM=ВЫКЛ	S		3	2021-06-10 06:40:25.58+03	0	1
6	5	H-4	ALARM=ВЫКЛ	S		4	\N	0	1
7	6	H-8	ALARM=ВЫКЛ	S		0	\N	0	1
8	7	H-9	ALARM=ВЫКЛ	S		0	\N	0	1
9	8	H-15	ALARM=ВЫКЛ	S		0	\N	0	1
10	9	H-16	ALARM=ВЫКЛ	S		0	\N	0	1
11	10	H-18	ALARM=ВЫКЛ	S		0	\N	0	1
12	11	H-19	ALARM=ВЫКЛ	S		0	\N	0	1
13	12	H-34	ALARM=ВЫКЛ	S		0	\N	0	1
14	13	UV-202	ALARM=ЗАКР	C		0	\N	0	1
15	14	UV-207	ALARM=ЗАКР	C		5	2021-06-10 06:42:19.138+03	0	1
16	15	UV-208	ALARM=ЗАКР	C		3	2021-06-10 06:41:50.987+03	0	1
17	16	UV-209	ALARM=ЗАКР	C		3	2021-06-10 06:41:50.987+03	0	1
18	17	UV-210	ALARM=ЗАКР	C		3	2021-06-10 06:41:50.987+03	0	1
19	18	UV-211	ALARM=ЗАКР	C		2	2021-06-10 06:38:28.897+03	0	1
20	19	UV-212	ALARM=ЗАКР	C		2	2021-06-10 06:38:28.897+03	0	1
21	20	UV-213	ALARM=ЗАКР	C		2	2021-06-10 06:38:28.898+03	0	1
22	21	UV-214	ALARM=ЗАКР	C		2	2021-06-10 06:38:28.898+03	0	1
23	22	UV-215	ALARM=ЗАКР	C		0	\N	0	1
24	23	UV-216	ALARM=ЗАКР	C		0	\N	0	1
25	24	EUV201	ALARM=ОТКР	O		2	2021-06-10 06:38:28.897+03	0	1
26	25	EUV202	ALARM=ОТКР	O		0	\N	0	1
27	26	EUV203	ALARM=ОТКР	O		0	\N	0	1
28	27	ПК-1	ALARM=ВЫКЛ	S		2	2021-06-10 06:43:24.41+03	0	1
29	28	ПК-2	ALARM=ВЫКЛ	S		4	\N	0	1
30	29	TK601	ALARM=ВЫКЛ	S		0	\N	0	1
31	30	XV1	ALARM=ЗАКР	C		0	\N	0	1
32	31	XV2	ALARM=ЗАКР	C		0	\N	0	1
33	0	UV-202	ALARM=ЗАКР	C		0	\N	0	2
34	1	UV-207	ALARM=ЗАКР	C		5	2021-06-10 06:42:19.138+03	0	2
35	2	UV-208	ALARM=ЗАКР	C		3	2021-06-10 06:41:50.987+03	0	2
36	3	UV-209	ALARM=ЗАКР	C		3	2021-06-10 06:41:50.987+03	0	2
37	4	UV-210	ALARM=ЗАКР	C		3	2021-06-10 06:41:50.987+03	0	2
38	5	UV-211	ALARM=ЗАКР	C		2	2021-06-10 06:38:28.897+03	0	2
39	6	UV-212	ALARM=ЗАКР	C		2	2021-06-10 06:38:28.897+03	0	2
40	7	UV-213	ALARM=ЗАКР	C		2	2021-06-10 06:38:28.898+03	0	2
41	8	UV-214	ALARM=ЗАКР	C		2	2021-06-10 06:38:28.898+03	0	2
42	9	UV-215	ALARM=ЗАКР	C		0	\N	0	2
43	10	UV-216	ALARM=ЗАКР	C		0	\N	0	2
44	11	H-15	ALARM=ВЫКЛ	S		0	\N	0	2
45	12	H-16	ALARM=ВЫКЛ	S		0	\N	0	2
\.


--
-- Data for Name: Effects; Type: TABLE DATA; Schema: public; Owner: postgres
--

COPY public."Effects" ("Id", "Num", "TagName", "TagConditionString", "TagConditionString_SymbolToDisplay", "CustomFieldValues", "CeMatrixId", "_CreateTimeUtc", "_DeleteTimeUtc") FROM stdin;
1	0	Э-1	ALARM=ЗАКР	C		1	2022-06-22 19:16:24.138412+03	\N
2	1	Э-2	ALARM=ЗАКР	C		1	2022-06-22 19:16:24.226109+03	\N
3	2	H-1	ALARM=ВЫКЛ	S		1	2022-06-22 19:16:24.229818+03	\N
4	3	H-2	ALARM=ВЫКЛ	S		1	2022-06-22 19:16:24.23126+03	\N
5	4	H-3	ALARM=ВЫКЛ	S		1	2022-06-22 19:16:24.232663+03	\N
6	5	H-4	ALARM=ВЫКЛ	S		1	2022-06-22 19:16:24.233957+03	\N
7	6	H-8	ALARM=ВЫКЛ	S		1	2022-06-22 19:16:24.235236+03	\N
8	7	H-9	ALARM=ВЫКЛ	S		1	2022-06-22 19:16:24.236497+03	\N
9	8	H-15	ALARM=ВЫКЛ	S		1	2022-06-22 19:16:24.237825+03	\N
10	9	H-16	ALARM=ВЫКЛ	S		1	2022-06-22 19:16:24.23901+03	\N
11	10	H-18	ALARM=ВЫКЛ	S		1	2022-06-22 19:16:24.240209+03	\N
12	11	H-19	ALARM=ВЫКЛ	S		1	2022-06-22 19:16:24.241369+03	\N
13	12	H-34	ALARM=ВЫКЛ	S		1	2022-06-22 19:16:24.242493+03	\N
14	13	UV-202	ALARM=ЗАКР	C		1	2022-06-22 19:16:24.243625+03	\N
15	14	UV-207	ALARM=ЗАКР	C		1	2022-06-22 19:16:24.244771+03	\N
16	15	UV-208	ALARM=ЗАКР	C		1	2022-06-22 19:16:24.246116+03	\N
17	16	UV-209	ALARM=ЗАКР	C		1	2022-06-22 19:16:24.247305+03	\N
18	17	UV-210	ALARM=ЗАКР	C		1	2022-06-22 19:16:24.248596+03	\N
19	18	UV-211	ALARM=ЗАКР	C		1	2022-06-22 19:16:24.249871+03	\N
20	19	UV-212	ALARM=ЗАКР	C		1	2022-06-22 19:16:24.251014+03	\N
21	20	UV-213	ALARM=ЗАКР	C		1	2022-06-22 19:16:24.252104+03	\N
22	21	UV-214	ALARM=ЗАКР	C		1	2022-06-22 19:16:24.25319+03	\N
23	22	UV-215	ALARM=ЗАКР	C		1	2022-06-22 19:16:24.254401+03	\N
24	23	UV-216	ALARM=ЗАКР	C		1	2022-06-22 19:16:24.255965+03	\N
25	24	EUV201	ALARM=ОТКР	O		1	2022-06-22 19:16:24.257573+03	\N
26	25	EUV202	ALARM=ОТКР	O		1	2022-06-22 19:16:24.258829+03	\N
27	26	EUV203	ALARM=ОТКР	O		1	2022-06-22 19:16:24.260025+03	\N
28	27	ПК-1	ALARM=ВЫКЛ	S		1	2022-06-22 19:16:24.261231+03	\N
29	28	ПК-2	ALARM=ВЫКЛ	S		1	2022-06-22 19:16:24.262416+03	\N
30	29	TK601	ALARM=ВЫКЛ	S		1	2022-06-22 19:16:24.263601+03	\N
31	30	XV1	ALARM=ЗАКР	C		1	2022-06-22 19:16:24.264977+03	\N
32	31	XV2	ALARM=ЗАКР	C		1	2022-06-22 19:16:24.266167+03	\N
33	0	UV-202	ALARM=ЗАКР	C		2	2022-06-22 19:16:24.442952+03	\N
34	1	UV-207	ALARM=ЗАКР	C		2	2022-06-22 19:16:24.44457+03	\N
35	2	UV-208	ALARM=ЗАКР	C		2	2022-06-22 19:16:24.446055+03	\N
36	3	UV-209	ALARM=ЗАКР	C		2	2022-06-22 19:16:24.447647+03	\N
37	4	UV-210	ALARM=ЗАКР	C		2	2022-06-22 19:16:24.449556+03	\N
38	5	UV-211	ALARM=ЗАКР	C		2	2022-06-22 19:16:24.451261+03	\N
39	6	UV-212	ALARM=ЗАКР	C		2	2022-06-22 19:16:24.452559+03	\N
40	7	UV-213	ALARM=ЗАКР	C		2	2022-06-22 19:16:24.453871+03	\N
41	8	UV-214	ALARM=ЗАКР	C		2	2022-06-22 19:16:24.455175+03	\N
42	9	UV-215	ALARM=ЗАКР	C		2	2022-06-22 19:16:24.456459+03	\N
43	10	UV-216	ALARM=ЗАКР	C		2	2022-06-22 19:16:24.457767+03	\N
44	11	H-15	ALARM=ВЫКЛ	S		2	2022-06-22 19:16:24.459073+03	\N
45	12	H-16	ALARM=ВЫКЛ	S		2	2022-06-22 19:16:24.460813+03	\N
\.


--
-- Data for Name: EngineeringUnits; Type: TABLE DATA; Schema: public; Owner: postgres
--

COPY public."EngineeringUnits" ("Id", "Eu", "Desc") FROM stdin;
1	с	Секунды
2	мин	Минуты
\.


--
-- Data for Name: Intersection; Type: TABLE DATA; Schema: public; Owner: postgres
--

COPY public."Intersection" ("Id", "TagConditionString_SymbolToDisplay", "CauseId", "EffectId", "CeMatrixId", "_CreateTimeUtc", "_DeleteTimeUtc") FROM stdin;
1	C	1	1	1	2022-06-22 19:16:24.405098+03	\N
2	S	1	3	1	2022-06-22 19:16:24.405322+03	\N
3	S	1	4	1	2022-06-22 19:16:24.405323+03	\N
4	C	2	1	1	2022-06-22 19:16:24.405335+03	\N
5	S	2	3	1	2022-06-22 19:16:24.405335+03	\N
6	S	2	4	1	2022-06-22 19:16:24.405335+03	\N
7	C	2	19	1	2022-06-22 19:16:24.405336+03	\N
8	C	2	21	1	2022-06-22 19:16:24.405336+03	\N
9	C	2	22	1	2022-06-22 19:16:24.405336+03	\N
10	C	3	1	1	2022-06-22 19:16:24.405337+03	\N
11	S	3	3	1	2022-06-22 19:16:24.405337+03	\N
12	S	3	4	1	2022-06-22 19:16:24.405337+03	\N
13	C	3	19	1	2022-06-22 19:16:24.405338+03	\N
14	C	3	21	1	2022-06-22 19:16:24.405338+03	\N
15	C	3	22	1	2022-06-22 19:16:24.405338+03	\N
16	S	3	28	1	2022-06-22 19:16:24.405338+03	\N
17	S	3	29	1	2022-06-22 19:16:24.405338+03	\N
18	C	4	1	1	2022-06-22 19:16:24.405339+03	\N
19	S	4	3	1	2022-06-22 19:16:24.405339+03	\N
20	S	4	4	1	2022-06-22 19:16:24.405339+03	\N
21	C	4	19	1	2022-06-22 19:16:24.405339+03	\N
22	C	4	21	1	2022-06-22 19:16:24.405339+03	\N
23	C	4	22	1	2022-06-22 19:16:24.405339+03	\N
24	S	4	28	1	2022-06-22 19:16:24.405339+03	\N
25	S	4	29	1	2022-06-22 19:16:24.405339+03	\N
26	C	5	1	1	2022-06-22 19:16:24.405339+03	\N
27	C	5	19	1	2022-06-22 19:16:24.40534+03	\N
28	C	5	21	1	2022-06-22 19:16:24.40534+03	\N
29	C	5	22	1	2022-06-22 19:16:24.40534+03	\N
30	S	5	28	1	2022-06-22 19:16:24.40534+03	\N
31	S	5	29	1	2022-06-22 19:16:24.40534+03	\N
32	S	6	28	1	2022-06-22 19:16:24.40534+03	\N
33	S	6	29	1	2022-06-22 19:16:24.40534+03	\N
34	C	7	1	1	2022-06-22 19:16:24.405341+03	\N
35	C	7	15	1	2022-06-22 19:16:24.405341+03	\N
36	C	7	16	1	2022-06-22 19:16:24.405341+03	\N
37	C	7	17	1	2022-06-22 19:16:24.405341+03	\N
38	C	7	18	1	2022-06-22 19:16:24.405345+03	\N
39	C	7	19	1	2022-06-22 19:16:24.405345+03	\N
40	C	7	20	1	2022-06-22 19:16:24.405345+03	\N
41	C	7	21	1	2022-06-22 19:16:24.405345+03	\N
42	C	7	22	1	2022-06-22 19:16:24.405345+03	\N
43	C	8	19	1	2022-06-22 19:16:24.405346+03	\N
44	C	9	19	1	2022-06-22 19:16:24.405346+03	\N
45	C	9	21	1	2022-06-22 19:16:24.405346+03	\N
46	C	9	22	1	2022-06-22 19:16:24.405346+03	\N
47	C	10	19	1	2022-06-22 19:16:24.405346+03	\N
48	C	10	21	1	2022-06-22 19:16:24.405347+03	\N
49	C	10	22	1	2022-06-22 19:16:24.405347+03	\N
50	C	11	1	1	2022-06-22 19:16:24.405347+03	\N
51	S	11	3	1	2022-06-22 19:16:24.405347+03	\N
52	S	11	4	1	2022-06-22 19:16:24.405347+03	\N
53	C	11	19	1	2022-06-22 19:16:24.405347+03	\N
54	C	11	21	1	2022-06-22 19:16:24.405347+03	\N
55	C	11	22	1	2022-06-22 19:16:24.405347+03	\N
56	S	11	28	1	2022-06-22 19:16:24.405347+03	\N
57	S	11	29	1	2022-06-22 19:16:24.405348+03	\N
58	S	12	7	1	2022-06-22 19:16:24.405348+03	\N
59	S	12	8	1	2022-06-22 19:16:24.405348+03	\N
60	C	13	2	1	2022-06-22 19:16:24.405349+03	\N
61	S	13	5	1	2022-06-22 19:16:24.405349+03	\N
62	S	13	6	1	2022-06-22 19:16:24.405349+03	\N
63	C	13	16	1	2022-06-22 19:16:24.405349+03	\N
64	C	13	17	1	2022-06-22 19:16:24.405349+03	\N
65	C	13	18	1	2022-06-22 19:16:24.405349+03	\N
66	C	13	19	1	2022-06-22 19:16:24.40535+03	\N
67	C	13	21	1	2022-06-22 19:16:24.40535+03	\N
68	C	13	22	1	2022-06-22 19:16:24.40535+03	\N
69	S	13	30	1	2022-06-22 19:16:24.40535+03	\N
70	C	14	16	1	2022-06-22 19:16:24.40535+03	\N
71	C	15	16	1	2022-06-22 19:16:24.40535+03	\N
72	C	16	16	1	2022-06-22 19:16:24.405351+03	\N
73	C	17	16	1	2022-06-22 19:16:24.405351+03	\N
74	C	18	16	1	2022-06-22 19:16:24.405351+03	\N
75	C	19	15	1	2022-06-22 19:16:24.405352+03	\N
76	C	19	16	1	2022-06-22 19:16:24.405352+03	\N
77	C	19	17	1	2022-06-22 19:16:24.405352+03	\N
78	C	19	18	1	2022-06-22 19:16:24.405352+03	\N
79	O	19	26	1	2022-06-22 19:16:24.405352+03	\N
80	C	20	15	1	2022-06-22 19:16:24.405352+03	\N
81	C	20	16	1	2022-06-22 19:16:24.405353+03	\N
82	C	20	17	1	2022-06-22 19:16:24.405353+03	\N
83	C	20	18	1	2022-06-22 19:16:24.405353+03	\N
84	O	20	26	1	2022-06-22 19:16:24.405353+03	\N
85	C	21	15	1	2022-06-22 19:16:24.405353+03	\N
86	C	21	16	1	2022-06-22 19:16:24.405353+03	\N
87	C	21	17	1	2022-06-22 19:16:24.405353+03	\N
88	C	21	18	1	2022-06-22 19:16:24.405353+03	\N
89	O	21	26	1	2022-06-22 19:16:24.405353+03	\N
90	C	22	15	1	2022-06-22 19:16:24.405354+03	\N
91	C	22	16	1	2022-06-22 19:16:24.405354+03	\N
92	C	22	17	1	2022-06-22 19:16:24.405354+03	\N
93	C	22	18	1	2022-06-22 19:16:24.405354+03	\N
94	O	22	26	1	2022-06-22 19:16:24.405354+03	\N
95	C	23	15	1	2022-06-22 19:16:24.405354+03	\N
96	C	23	16	1	2022-06-22 19:16:24.405354+03	\N
97	C	23	17	1	2022-06-22 19:16:24.405354+03	\N
98	C	23	18	1	2022-06-22 19:16:24.405355+03	\N
99	O	23	26	1	2022-06-22 19:16:24.405355+03	\N
100	C	24	16	1	2022-06-22 19:16:24.405355+03	\N
101	C	24	17	1	2022-06-22 19:16:24.405355+03	\N
102	C	24	18	1	2022-06-22 19:16:24.405355+03	\N
103	C	25	16	1	2022-06-22 19:16:24.405355+03	\N
104	C	25	17	1	2022-06-22 19:16:24.405355+03	\N
105	C	25	18	1	2022-06-22 19:16:24.405356+03	\N
106	C	26	16	1	2022-06-22 19:16:24.405356+03	\N
107	C	26	17	1	2022-06-22 19:16:24.405356+03	\N
108	C	26	18	1	2022-06-22 19:16:24.405356+03	\N
109	C	27	31	1	2022-06-22 19:16:24.405356+03	\N
110	C	28	32	1	2022-06-22 19:16:24.405357+03	\N
111	C	29	15	1	2022-06-22 19:16:24.405357+03	\N
112	C	29	16	1	2022-06-22 19:16:24.405357+03	\N
113	C	29	17	1	2022-06-22 19:16:24.405357+03	\N
114	C	29	18	1	2022-06-22 19:16:24.405357+03	\N
115	C	29	19	1	2022-06-22 19:16:24.405357+03	\N
116	C	29	20	1	2022-06-22 19:16:24.405358+03	\N
117	C	29	21	1	2022-06-22 19:16:24.405358+03	\N
118	C	29	22	1	2022-06-22 19:16:24.405358+03	\N
119	C	30	2	1	2022-06-22 19:16:24.40536+03	\N
120	S	30	5	1	2022-06-22 19:16:24.40536+03	\N
121	S	30	6	1	2022-06-22 19:16:24.405361+03	\N
122	C	30	16	1	2022-06-22 19:16:24.405361+03	\N
123	C	30	17	1	2022-06-22 19:16:24.405361+03	\N
124	C	30	18	1	2022-06-22 19:16:24.405361+03	\N
125	S	31	9	1	2022-06-22 19:16:24.405361+03	\N
126	S	31	10	1	2022-06-22 19:16:24.405361+03	\N
127	C	31	14	1	2022-06-22 19:16:24.405362+03	\N
128	C	31	23	1	2022-06-22 19:16:24.405362+03	\N
129	C	31	24	1	2022-06-22 19:16:24.405362+03	\N
130	S	32	9	1	2022-06-22 19:16:24.405362+03	\N
131	S	32	10	1	2022-06-22 19:16:24.405362+03	\N
132	C	32	14	1	2022-06-22 19:16:24.405363+03	\N
133	C	32	23	1	2022-06-22 19:16:24.405363+03	\N
134	C	32	24	1	2022-06-22 19:16:24.405363+03	\N
135	S	33	9	1	2022-06-22 19:16:24.405363+03	\N
136	S	33	10	1	2022-06-22 19:16:24.405363+03	\N
137	C	33	14	1	2022-06-22 19:16:24.405363+03	\N
138	C	33	23	1	2022-06-22 19:16:24.405363+03	\N
139	C	33	24	1	2022-06-22 19:16:24.405363+03	\N
140	O	33	27	1	2022-06-22 19:16:24.405363+03	\N
141	S	34	9	1	2022-06-22 19:16:24.405364+03	\N
142	S	34	10	1	2022-06-22 19:16:24.405364+03	\N
143	C	34	14	1	2022-06-22 19:16:24.405364+03	\N
144	C	34	23	1	2022-06-22 19:16:24.405364+03	\N
145	C	34	24	1	2022-06-22 19:16:24.405364+03	\N
146	O	34	27	1	2022-06-22 19:16:24.405364+03	\N
147	S	35	13	1	2022-06-22 19:16:24.405365+03	\N
148	S	36	11	1	2022-06-22 19:16:24.405365+03	\N
149	S	36	12	1	2022-06-22 19:16:24.405365+03	\N
150	S	37	9	1	2022-06-22 19:16:24.405366+03	\N
151	S	37	10	1	2022-06-22 19:16:24.405366+03	\N
152	C	38	2	1	2022-06-22 19:16:24.405366+03	\N
153	S	38	5	1	2022-06-22 19:16:24.405366+03	\N
154	S	38	6	1	2022-06-22 19:16:24.405366+03	\N
155	C	39	1	1	2022-06-22 19:16:24.405366+03	\N
156	S	39	3	1	2022-06-22 19:16:24.405367+03	\N
157	S	39	4	1	2022-06-22 19:16:24.405367+03	\N
158	C	39	20	1	2022-06-22 19:16:24.405367+03	\N
159	O	39	25	1	2022-06-22 19:16:24.405367+03	\N
160	C	40	38	2	2022-06-22 19:16:24.521862+03	\N
161	C	40	39	2	2022-06-22 19:16:24.521863+03	\N
162	C	40	40	2	2022-06-22 19:16:24.521864+03	\N
163	C	40	41	2	2022-06-22 19:16:24.521864+03	\N
164	C	41	38	2	2022-06-22 19:16:24.521864+03	\N
165	C	41	39	2	2022-06-22 19:16:24.521864+03	\N
166	C	41	40	2	2022-06-22 19:16:24.521864+03	\N
167	C	41	41	2	2022-06-22 19:16:24.521864+03	\N
168	C	42	38	2	2022-06-22 19:16:24.521865+03	\N
169	C	42	39	2	2022-06-22 19:16:24.521865+03	\N
170	C	42	40	2	2022-06-22 19:16:24.521865+03	\N
171	C	42	41	2	2022-06-22 19:16:24.521865+03	\N
172	C	43	38	2	2022-06-22 19:16:24.521865+03	\N
173	C	43	39	2	2022-06-22 19:16:24.521865+03	\N
174	C	43	40	2	2022-06-22 19:16:24.521865+03	\N
175	C	43	41	2	2022-06-22 19:16:24.521865+03	\N
176	C	44	38	2	2022-06-22 19:16:24.521866+03	\N
177	C	44	39	2	2022-06-22 19:16:24.521866+03	\N
178	C	44	40	2	2022-06-22 19:16:24.521866+03	\N
179	C	44	41	2	2022-06-22 19:16:24.521866+03	\N
180	C	45	34	2	2022-06-22 19:16:24.521866+03	\N
181	C	45	35	2	2022-06-22 19:16:24.521866+03	\N
182	C	45	36	2	2022-06-22 19:16:24.521867+03	\N
183	C	45	37	2	2022-06-22 19:16:24.521867+03	\N
184	C	46	34	2	2022-06-22 19:16:24.521867+03	\N
185	C	46	35	2	2022-06-22 19:16:24.521867+03	\N
186	C	46	36	2	2022-06-22 19:16:24.521867+03	\N
187	C	46	37	2	2022-06-22 19:16:24.521867+03	\N
188	C	47	34	2	2022-06-22 19:16:24.521867+03	\N
189	C	47	35	2	2022-06-22 19:16:24.521871+03	\N
190	C	47	36	2	2022-06-22 19:16:24.521871+03	\N
191	C	47	37	2	2022-06-22 19:16:24.521871+03	\N
192	C	48	34	2	2022-06-22 19:16:24.521872+03	\N
193	C	48	35	2	2022-06-22 19:16:24.521872+03	\N
194	C	48	36	2	2022-06-22 19:16:24.521872+03	\N
195	C	48	37	2	2022-06-22 19:16:24.521872+03	\N
196	C	49	34	2	2022-06-22 19:16:24.521872+03	\N
197	C	49	35	2	2022-06-22 19:16:24.521872+03	\N
198	C	49	36	2	2022-06-22 19:16:24.521872+03	\N
199	C	49	37	2	2022-06-22 19:16:24.521872+03	\N
200	C	50	34	2	2022-06-22 19:16:24.521873+03	\N
201	C	50	35	2	2022-06-22 19:16:24.521873+03	\N
202	C	50	36	2	2022-06-22 19:16:24.521873+03	\N
203	C	50	37	2	2022-06-22 19:16:24.521873+03	\N
204	C	51	34	2	2022-06-22 19:16:24.521873+03	\N
205	C	51	35	2	2022-06-22 19:16:24.521873+03	\N
206	C	51	36	2	2022-06-22 19:16:24.521873+03	\N
207	C	51	37	2	2022-06-22 19:16:24.521874+03	\N
208	C	52	34	2	2022-06-22 19:16:24.521874+03	\N
209	C	52	35	2	2022-06-22 19:16:24.521874+03	\N
210	C	52	36	2	2022-06-22 19:16:24.521874+03	\N
211	C	52	37	2	2022-06-22 19:16:24.521874+03	\N
212	C	53	34	2	2022-06-22 19:16:24.521874+03	\N
213	C	53	35	2	2022-06-22 19:16:24.521874+03	\N
214	C	53	36	2	2022-06-22 19:16:24.521874+03	\N
215	C	53	37	2	2022-06-22 19:16:24.521874+03	\N
216	C	54	34	2	2022-06-22 19:16:24.521875+03	\N
217	C	54	35	2	2022-06-22 19:16:24.521875+03	\N
218	C	54	36	2	2022-06-22 19:16:24.521875+03	\N
219	C	54	37	2	2022-06-22 19:16:24.521875+03	\N
220	C	55	34	2	2022-06-22 19:16:24.521875+03	\N
221	C	55	35	2	2022-06-22 19:16:24.521875+03	\N
222	C	55	36	2	2022-06-22 19:16:24.521875+03	\N
223	C	55	37	2	2022-06-22 19:16:24.521875+03	\N
224	C	56	34	2	2022-06-22 19:16:24.521875+03	\N
225	C	56	35	2	2022-06-22 19:16:24.521876+03	\N
226	C	56	36	2	2022-06-22 19:16:24.521876+03	\N
227	C	56	37	2	2022-06-22 19:16:24.521876+03	\N
228	C	57	34	2	2022-06-22 19:16:24.521876+03	\N
229	C	57	35	2	2022-06-22 19:16:24.521876+03	\N
230	C	57	36	2	2022-06-22 19:16:24.521876+03	\N
231	C	57	37	2	2022-06-22 19:16:24.521876+03	\N
232	C	58	34	2	2022-06-22 19:16:24.521876+03	\N
233	C	58	35	2	2022-06-22 19:16:24.521876+03	\N
234	C	58	36	2	2022-06-22 19:16:24.521876+03	\N
235	C	58	37	2	2022-06-22 19:16:24.521877+03	\N
236	C	59	34	2	2022-06-22 19:16:24.521877+03	\N
237	C	59	35	2	2022-06-22 19:16:24.521877+03	\N
238	C	59	36	2	2022-06-22 19:16:24.521877+03	\N
239	C	59	37	2	2022-06-22 19:16:24.521877+03	\N
240	C	60	34	2	2022-06-22 19:16:24.521877+03	\N
241	C	60	35	2	2022-06-22 19:16:24.521877+03	\N
242	C	60	36	2	2022-06-22 19:16:24.521877+03	\N
243	C	60	37	2	2022-06-22 19:16:24.521877+03	\N
244	C	61	34	2	2022-06-22 19:16:24.521878+03	\N
245	C	61	35	2	2022-06-22 19:16:24.521878+03	\N
246	C	61	36	2	2022-06-22 19:16:24.521878+03	\N
247	C	61	37	2	2022-06-22 19:16:24.521878+03	\N
248	C	62	34	2	2022-06-22 19:16:24.521878+03	\N
249	C	62	35	2	2022-06-22 19:16:24.521878+03	\N
250	C	62	36	2	2022-06-22 19:16:24.521878+03	\N
251	C	62	37	2	2022-06-22 19:16:24.521878+03	\N
252	C	63	34	2	2022-06-22 19:16:24.521878+03	\N
253	C	63	35	2	2022-06-22 19:16:24.521878+03	\N
254	C	63	36	2	2022-06-22 19:16:24.521878+03	\N
255	C	63	37	2	2022-06-22 19:16:24.521878+03	\N
256	C	64	34	2	2022-06-22 19:16:24.521879+03	\N
257	C	64	35	2	2022-06-22 19:16:24.521879+03	\N
258	C	64	36	2	2022-06-22 19:16:24.521879+03	\N
259	C	64	37	2	2022-06-22 19:16:24.521879+03	\N
260	C	65	34	2	2022-06-22 19:16:24.521879+03	\N
261	C	65	35	2	2022-06-22 19:16:24.521879+03	\N
262	C	65	36	2	2022-06-22 19:16:24.521879+03	\N
263	C	65	37	2	2022-06-22 19:16:24.521879+03	\N
264	C	66	34	2	2022-06-22 19:16:24.521882+03	\N
265	C	66	35	2	2022-06-22 19:16:24.521882+03	\N
266	C	66	36	2	2022-06-22 19:16:24.521882+03	\N
267	C	66	37	2	2022-06-22 19:16:24.521882+03	\N
268	C	67	34	2	2022-06-22 19:16:24.521882+03	\N
269	C	67	35	2	2022-06-22 19:16:24.521882+03	\N
270	C	67	36	2	2022-06-22 19:16:24.521882+03	\N
271	C	67	37	2	2022-06-22 19:16:24.521882+03	\N
272	C	68	34	2	2022-06-22 19:16:24.521883+03	\N
273	C	68	35	2	2022-06-22 19:16:24.521883+03	\N
274	C	68	36	2	2022-06-22 19:16:24.521883+03	\N
275	C	68	37	2	2022-06-22 19:16:24.521883+03	\N
276	C	69	34	2	2022-06-22 19:16:24.521883+03	\N
277	C	69	35	2	2022-06-22 19:16:24.521883+03	\N
278	C	69	36	2	2022-06-22 19:16:24.521883+03	\N
279	C	69	37	2	2022-06-22 19:16:24.521883+03	\N
280	C	70	33	2	2022-06-22 19:16:24.521884+03	\N
281	C	70	42	2	2022-06-22 19:16:24.521884+03	\N
282	C	70	43	2	2022-06-22 19:16:24.521884+03	\N
283	S	70	44	2	2022-06-22 19:16:24.521884+03	\N
284	S	70	45	2	2022-06-22 19:16:24.521884+03	\N
285	C	71	33	2	2022-06-22 19:16:24.521884+03	\N
286	C	71	42	2	2022-06-22 19:16:24.521884+03	\N
287	C	71	43	2	2022-06-22 19:16:24.521884+03	\N
288	S	71	44	2	2022-06-22 19:16:24.521884+03	\N
289	S	71	45	2	2022-06-22 19:16:24.521884+03	\N
\.


--
-- Data for Name: IntersectionResult; Type: TABLE DATA; Schema: public; Owner: postgres
--

COPY public."IntersectionResult" ("Id", "CauseResultId", "EffectResultId", "TagConditionString_SymbolToDisplay", "TriggeredType", "CeMatrixResultId") FROM stdin;
1	1	1	C	2	1
2	1	3	S	4	1
3	1	4	S	4	1
4	2	1	C	2	1
5	2	3	S	4	1
6	2	4	S	4	1
7	2	19	C	2	1
8	2	21	C	2	1
9	2	22	C	2	1
10	3	1	C	0	1
11	3	3	S	0	1
12	3	4	S	0	1
13	3	19	C	0	1
14	3	21	C	0	1
15	3	22	C	0	1
16	3	28	S	0	1
17	3	29	S	0	1
18	4	1	C	2	1
19	4	3	S	4	1
20	4	4	S	4	1
21	4	19	C	2	1
22	4	21	C	2	1
23	4	22	C	2	1
24	4	28	S	1	1
25	4	29	S	4	1
26	5	1	C	0	1
27	5	19	C	0	1
28	5	21	C	0	1
29	5	22	C	0	1
30	5	28	S	0	1
31	5	29	S	0	1
32	6	28	S	0	1
33	6	29	S	0	1
34	7	1	C	0	1
35	7	15	C	0	1
36	7	16	C	0	1
37	7	17	C	0	1
38	7	18	C	0	1
39	7	19	C	0	1
40	7	20	C	0	1
41	7	21	C	0	1
42	7	22	C	0	1
43	8	19	C	0	1
44	9	19	C	1	1
45	9	21	C	1	1
46	9	22	C	1	1
47	10	19	C	0	1
48	10	21	C	0	1
49	10	22	C	0	1
50	11	1	C	0	1
51	11	3	S	0	1
52	11	4	S	0	1
53	11	19	C	0	1
54	11	21	C	0	1
55	11	22	C	0	1
56	11	28	S	0	1
57	11	29	S	0	1
58	12	7	S	0	1
59	12	8	S	0	1
60	13	2	C	0	1
61	13	5	S	0	1
62	13	6	S	0	1
63	13	16	C	0	1
64	13	17	C	0	1
65	13	18	C	0	1
66	13	19	C	0	1
67	13	21	C	0	1
68	13	22	C	0	1
69	13	30	S	0	1
70	14	16	C	0	1
71	15	16	C	0	1
72	16	16	C	0	1
73	17	16	C	0	1
74	18	16	C	0	1
75	19	15	C	0	1
76	19	16	C	0	1
77	19	17	C	0	1
78	19	18	C	0	1
79	19	26	O	0	1
80	20	15	C	0	1
81	20	16	C	0	1
82	20	17	C	0	1
83	20	18	C	0	1
84	20	26	O	0	1
85	21	15	C	0	1
86	21	16	C	0	1
87	21	17	C	0	1
88	21	18	C	0	1
89	21	26	O	0	1
90	22	15	C	0	1
91	22	16	C	0	1
92	22	17	C	0	1
93	22	18	C	0	1
94	22	26	O	0	1
95	23	15	C	0	1
96	23	16	C	0	1
97	23	17	C	0	1
98	23	18	C	0	1
99	23	26	O	0	1
100	24	16	C	0	1
101	24	17	C	0	1
102	24	18	C	0	1
103	25	16	C	0	1
104	25	17	C	0	1
105	25	18	C	0	1
106	26	16	C	3	1
107	26	17	C	3	1
108	26	18	C	3	1
109	27	31	C	0	1
110	28	32	C	0	1
111	29	15	C	0	1
112	29	16	C	0	1
113	29	17	C	0	1
114	29	18	C	0	1
115	29	19	C	0	1
116	29	20	C	0	1
117	29	21	C	0	1
118	29	22	C	0	1
119	30	2	C	0	1
120	30	5	S	0	1
121	30	6	S	0	1
122	30	16	C	0	1
123	30	17	C	0	1
124	30	18	C	0	1
125	31	9	S	0	1
126	31	10	S	0	1
127	31	14	C	0	1
128	31	23	C	0	1
129	31	24	C	0	1
130	32	9	S	0	1
131	32	10	S	0	1
132	32	14	C	0	1
133	32	23	C	0	1
134	32	24	C	0	1
135	33	9	S	0	1
136	33	10	S	0	1
137	33	14	C	0	1
138	33	23	C	0	1
139	33	24	C	0	1
140	33	27	O	0	1
141	34	9	S	0	1
142	34	10	S	0	1
143	34	14	C	0	1
144	34	23	C	0	1
145	34	24	C	0	1
146	34	27	O	0	1
147	35	13	S	0	1
148	36	11	S	0	1
149	36	12	S	0	1
150	37	9	S	0	1
151	37	10	S	0	1
152	38	2	C	3	1
153	38	5	S	3	1
154	38	6	S	4	1
155	39	1	C	1	1
156	39	3	S	4	1
157	39	4	S	4	1
158	39	20	C	1	1
159	39	25	O	1	1
160	40	38	C	2	2
161	40	39	C	2	2
162	40	40	C	2	2
163	40	41	C	2	2
164	41	38	C	2	2
165	41	39	C	2	2
166	41	40	C	2	2
167	41	41	C	2	2
168	42	38	C	2	2
169	42	39	C	2	2
170	42	40	C	2	2
171	42	41	C	2	2
172	43	38	C	2	2
173	43	39	C	2	2
174	43	40	C	2	2
175	43	41	C	2	2
176	44	38	C	2	2
177	44	39	C	2	2
178	44	40	C	2	2
179	44	41	C	2	2
180	45	34	C	2	2
181	45	35	C	2	2
182	45	36	C	2	2
183	45	37	C	2	2
184	46	34	C	2	2
185	46	35	C	2	2
186	46	36	C	2	2
187	46	37	C	2	2
188	47	34	C	2	2
189	47	35	C	2	2
190	47	36	C	2	2
191	47	37	C	2	2
192	48	34	C	2	2
193	48	35	C	2	2
194	48	36	C	2	2
195	48	37	C	2	2
196	49	34	C	2	2
197	49	35	C	2	2
198	49	36	C	2	2
199	49	37	C	2	2
200	50	34	C	2	2
201	50	35	C	2	2
202	50	36	C	2	2
203	50	37	C	2	2
204	51	34	C	2	2
205	51	35	C	2	2
206	51	36	C	2	2
207	51	37	C	2	2
208	52	34	C	2	2
209	52	35	C	2	2
210	52	36	C	2	2
211	52	37	C	2	2
212	53	34	C	2	2
213	53	35	C	2	2
214	53	36	C	2	2
215	53	37	C	2	2
216	54	34	C	2	2
217	54	35	C	2	2
218	54	36	C	2	2
219	54	37	C	2	2
220	55	34	C	2	2
221	55	35	C	2	2
222	55	36	C	2	2
223	55	37	C	2	2
224	56	34	C	2	2
225	56	35	C	2	2
226	56	36	C	2	2
227	56	37	C	2	2
228	57	34	C	2	2
229	57	35	C	2	2
230	57	36	C	2	2
231	57	37	C	2	2
232	58	34	C	2	2
233	58	35	C	2	2
234	58	36	C	2	2
235	58	37	C	2	2
236	59	34	C	2	2
237	59	35	C	2	2
238	59	36	C	2	2
239	59	37	C	2	2
240	60	34	C	2	2
241	60	35	C	2	2
242	60	36	C	2	2
243	60	37	C	2	2
244	61	34	C	2	2
245	61	35	C	2	2
246	61	36	C	2	2
247	61	37	C	2	2
248	62	34	C	2	2
249	62	35	C	2	2
250	62	36	C	2	2
251	62	37	C	2	2
252	63	34	C	2	2
253	63	35	C	2	2
254	63	36	C	2	2
255	63	37	C	2	2
256	64	34	C	2	2
257	64	35	C	2	2
258	64	36	C	2	2
259	64	37	C	2	2
260	65	34	C	2	2
261	65	35	C	2	2
262	65	36	C	2	2
263	65	37	C	2	2
264	66	34	C	2	2
265	66	35	C	2	2
266	66	36	C	2	2
267	66	37	C	2	2
268	67	34	C	2	2
269	67	35	C	2	2
270	67	36	C	2	2
271	67	37	C	2	2
272	68	34	C	0	2
273	68	35	C	0	2
274	68	36	C	0	2
275	68	37	C	0	2
276	69	34	C	2	2
277	69	35	C	2	2
278	69	36	C	2	2
279	69	37	C	2	2
280	70	33	C	0	2
281	70	42	C	0	2
282	70	43	C	0	2
283	70	44	S	0	2
284	70	45	S	0	2
285	71	33	C	0	2
286	71	42	C	0	2
287	71	43	C	0	2
288	71	44	S	0	2
289	71	45	S	0	2
\.


--
-- Data for Name: Jobs; Type: TABLE DATA; Schema: public; Owner: postgres
--

COPY public."Jobs" ("Id", "Guid", "Name", "IsSuccess", "Message", "Status") FROM stdin;
\.


--
-- Data for Name: Offices; Type: TABLE DATA; Schema: public; Owner: postgres
--

COPY public."Offices" ("Id", "Title") FROM stdin;
1	Завод
2	Отдел АСУ ТП
\.


--
-- Data for Name: ProjectVersion; Type: TABLE DATA; Schema: public; Owner: postgres
--

COPY public."ProjectVersion" ("Id", "TimeUtc", "Comment", "User", "ProjectId") FROM stdin;
1	2022-06-22 19:16:23.217223+03			1
2	2022-06-22 19:16:23.216833+03			2
3	2022-06-22 19:16:23.217187+03			3
\.


--
-- Data for Name: Projects; Type: TABLE DATA; Schema: public; Owner: postgres
--

COPY public."Projects" ("Id", "Title", "Desc", "Comment", "ActiveProjectVersionId", "UnitId") FROM stdin;
1	Второй			1	2
2	Основной			2	1
3	Второй			3	1
\.


--
-- Data for Name: ResultEvent; Type: TABLE DATA; Schema: public; Owner: postgres
--

COPY public."ResultEvent" ("Id", "Num", "TagName", "Type", "TagConditionString", "TriggeredType", "TriggeredTimeUtc", "ResultId") FROM stdin;
1	9	Э-1	1	ALARM=ЗАКР	2	2021-06-10 06:38:28.898+03	1
2	21	Э-2	1	ALARM=ЗАКР	3	2021-06-10 06:40:25.58+03	1
3	22	H-3	1	ALARM=ВЫКЛ	3	2021-06-10 06:40:25.58+03	1
4	30	UV-207	1	ALARM=ЗАКР	5	2021-06-10 06:42:19.138+03	1
5	24	UV-208	1	ALARM=ЗАКР	3	2021-06-10 06:41:50.987+03	1
6	25	UV-209	1	ALARM=ЗАКР	3	2021-06-10 06:41:50.987+03	1
7	26	UV-210	1	ALARM=ЗАКР	3	2021-06-10 06:41:50.987+03	1
8	4	UV-211	1	ALARM=ЗАКР	2	2021-06-10 06:38:28.897+03	1
9	5	UV-212	1	ALARM=ЗАКР	2	2021-06-10 06:38:28.897+03	1
10	10	UV-213	1	ALARM=ЗАКР	2	2021-06-10 06:38:28.898+03	1
11	11	UV-214	1	ALARM=ЗАКР	2	2021-06-10 06:38:28.898+03	1
12	6	EUV201	1	ALARM=ОТКР	2	2021-06-10 06:38:28.897+03	1
13	57	ПК-1	1	ALARM=ВЫКЛ	2	2021-06-10 06:43:24.41+03	1
14	14	FR301	0	PVLowLow	0	2021-06-10 06:38:29.391+03	1
15	58	FR303	0	PVLowLow	0	2021-06-10 06:43:24.608+03	1
16	56	PSL205	0	PVLowLow	0	2021-06-10 06:43:24.004+03	1
17	2	TR169	0	PVHighHigh	0	2021-06-10 06:38:28.42+03	1
18	23	TSH136	0	PVHighHigh	0	2021-06-10 06:41:48.98+03	1
19	20	FR307	0	PVLowLow	0	2021-06-10 06:40:01.51+03	1
20	3	TR169	0	PVHighHigh	0	2021-06-10 06:38:28.42+03	1
21	1	AI405	0	PVLowLow	0	2021-06-10 06:37:35.562+03	1
22	31	UV-207	1	ALARM=ЗАКР	5	2021-06-10 06:42:19.138+03	1
23	27	UV-208	1	ALARM=ЗАКР	3	2021-06-10 06:41:50.987+03	1
24	28	UV-209	1	ALARM=ЗАКР	3	2021-06-10 06:41:50.987+03	1
25	29	UV-210	1	ALARM=ЗАКР	3	2021-06-10 06:41:50.987+03	1
26	7	UV-211	1	ALARM=ЗАКР	2	2021-06-10 06:38:28.897+03	1
27	8	UV-212	1	ALARM=ЗАКР	2	2021-06-10 06:38:28.897+03	1
28	12	UV-213	1	ALARM=ЗАКР	2	2021-06-10 06:38:28.898+03	1
29	13	UV-214	1	ALARM=ЗАКР	2	2021-06-10 06:38:28.898+03	1
30	15	BS-226	0	ALARM=Не горит	0	2021-06-10 06:38:29.391+03	1
31	16	BS-227	0	ALARM=Не горит	0	2021-06-10 06:38:29.391+03	1
32	17	BS-228	0	ALARM=Не горит	0	2021-06-10 06:38:29.391+03	1
33	18	BS-229	0	ALARM=Не горит	0	2021-06-10 06:38:29.391+03	1
34	19	BS-230	0	ALARM=Не горит	0	2021-06-10 06:38:29.391+03	1
35	32	BS-201	0	ALARM=Не горит	0	2021-06-10 06:42:22.134+03	1
36	33	BS-202	0	ALARM=Не горит	0	2021-06-10 06:42:22.134+03	1
37	34	BS-203	0	ALARM=Не горит	0	2021-06-10 06:42:22.134+03	1
38	35	BS-204	0	ALARM=Не горит	0	2021-06-10 06:42:22.134+03	1
39	36	BS-205	0	ALARM=Не горит	0	2021-06-10 06:42:22.134+03	1
40	37	BS-206	0	ALARM=Не горит	0	2021-06-10 06:42:22.134+03	1
41	38	BS-207	0	ALARM=Не горит	0	2021-06-10 06:42:22.134+03	1
42	39	BS-208	0	ALARM=Не горит	0	2021-06-10 06:42:22.134+03	1
43	40	BS-209	0	ALARM=Не горит	0	2021-06-10 06:42:22.134+03	1
44	41	BS-210	0	ALARM=Не горит	0	2021-06-10 06:42:22.134+03	1
45	42	BS-211	0	ALARM=Не горит	0	2021-06-10 06:42:22.134+03	1
46	43	BS-212	0	ALARM=Не горит	0	2021-06-10 06:42:22.134+03	1
47	44	BS-213	0	ALARM=Не горит	0	2021-06-10 06:42:22.134+03	1
48	45	BS-214	0	ALARM=Не горит	0	2021-06-10 06:42:22.134+03	1
49	46	BS-215	0	ALARM=Не горит	0	2021-06-10 06:42:22.134+03	1
50	47	BS-216	0	ALARM=Не горит	0	2021-06-10 06:42:22.134+03	1
51	48	BS-217	0	ALARM=Не горит	0	2021-06-10 06:42:22.134+03	1
52	49	BS-218	0	ALARM=Не горит	0	2021-06-10 06:42:22.134+03	1
53	50	BS-219	0	ALARM=Не горит	0	2021-06-10 06:42:22.134+03	1
54	51	BS-220	0	ALARM=Не горит	0	2021-06-10 06:42:22.134+03	1
55	52	BS-221	0	ALARM=Не горит	0	2021-06-10 06:42:22.134+03	1
56	53	BS-222	0	ALARM=Не горит	0	2021-06-10 06:42:22.134+03	1
57	54	BS-223	0	ALARM=Не горит	0	2021-06-10 06:42:22.134+03	1
58	55	BS-225	0	ALARM=Не горит	0	2021-06-10 06:42:22.134+03	1
\.


--
-- Data for Name: Results; Type: TABLE DATA; Schema: public; Owner: postgres
--

COPY public."Results" ("Id", "Title", "Desc", "Comment", "AlalyzeTimeUtc", "StartTimeUtc", "EndTimeUtc", "UnitId") FROM stdin;
1	Example1 DeltaSim Logs.csv	Example1 DeltaSim Logs.csv		2022-06-22 19:16:24.612994+03	2021-06-10 06:37:35.562+03	2021-06-10 06:43:24.608+03	1
\.


--
-- Data for Name: Section; Type: TABLE DATA; Schema: public; Owner: postgres
--

COPY public."Section" ("Id", "Title", "Level", "Calculation", "ParentSectionId", "AlarmLevel", "AlarmOpacity", "K", "UnitId") FROM stdin;
\.


--
-- Data for Name: SimUsers; Type: TABLE DATA; Schema: public; Owner: postgres
--

COPY public."SimUsers" ("Id", "User", "Password", "ProviderName", "ProviderSubjectId", "IsActive", "FirstName", "LastName", "MiddleName", "PersonnelNumber", "OfficeId", "Role") FROM stdin;
1	mngr	mngr1			t	Александр	Пушкин	Сергеевич	27	1	RoleAdmin
\.


--
-- Data for Name: StandardParam; Type: TABLE DATA; Schema: public; Owner: postgres
--

COPY public."StandardParam" ("Id", "ParamName", "Type", "Desc", "BaseActuatorTypeId") FROM stdin;
1	MaxSafeSpeed		Максимально допустимое время срабатывания	2
2	MaxSafeSpeed		Максимально допустимое время срабатывания	3
\.


--
-- Data for Name: SubCause; Type: TABLE DATA; Schema: public; Owner: postgres
--

COPY public."SubCause" ("Id", "Num", "TagName", "TagConditionString", "TagConditionString_SymbolToDisplay", "CustomFieldValues", "CauseId", "_CreateTimeUtc", "_DeleteTimeUtc") FROM stdin;
1	0	FR301	PVLowLow	LL	""	1	2022-06-22 19:16:24.267683+03	\N
2	0	FR303	PVLowLow	LL	""	2	2022-06-22 19:16:24.27074+03	\N
3	0	PR207	PVHighHigh	HH	""	3	2022-06-22 19:16:24.271729+03	\N
4	0	PSL205	PVLowLow	LL	""	4	2022-06-22 19:16:24.27259+03	\N
5	0	PDAL206	PVHighHigh	HH	""	5	2022-06-22 19:16:24.273455+03	\N
6	0	TS117	PVHighHigh	HH	""	6	2022-06-22 19:16:24.274335+03	\N
7	0	PSL233	PVLowLow	LL	""	7	2022-06-22 19:16:24.275241+03	\N
8	0	PSL235	PVLowLow	LL	""	8	2022-06-22 19:16:24.2761+03	\N
9	0	TR169	PVHighHigh	HH	""	9	2022-06-22 19:16:24.276973+03	\N
10	0	TIA111	PVHighHigh	HH	""	10	2022-06-22 19:16:24.277827+03	\N
11	0	LRA402	PVHighHigh	HH	""	11	2022-06-22 19:16:24.278701+03	\N
12	0	LRA406	PVLowLow	LL	""	12	2022-06-22 19:16:24.280233+03	\N
13	0	FR331	PVLowLow	LL	""	13	2022-06-22 19:16:24.281909+03	\N
14	0	PSL238	PVLowLow	LL	""	14	2022-06-22 19:16:24.28385+03	\N
15	0	PSL240	PVLowLow	LL	""	15	2022-06-22 19:16:24.285736+03	\N
16	0	PSL242	PVLowLow	LL	""	16	2022-06-22 19:16:24.287311+03	\N
17	0	PSL244	PVLowLow	LL	""	17	2022-06-22 19:16:24.288405+03	\N
18	0	PSL246	PVLowLow	LL	""	18	2022-06-22 19:16:24.289485+03	\N
19	0	TR172	PVHighHigh	HH	""	19	2022-06-22 19:16:24.290638+03	\N
20	0	TR173	PVHighHigh	HH	""	20	2022-06-22 19:16:24.291901+03	\N
21	0	TR174	PVHighHigh	HH	""	21	2022-06-22 19:16:24.293264+03	\N
22	0	TR175	PVHighHigh	HH	""	22	2022-06-22 19:16:24.294646+03	\N
23	0	TR176	PVHighHigh	HH	""	23	2022-06-22 19:16:24.295857+03	\N
24	0	TSH129	PVHighHigh	HH	""	24	2022-06-22 19:16:24.296881+03	\N
25	0	TSH133	PVHighHigh	HH	""	25	2022-06-22 19:16:24.298026+03	\N
26	0	TSH136	PVHighHigh	HH	""	26	2022-06-22 19:16:24.299369+03	\N
27	0	LS414	PVHighHigh	HH	""	27	2022-06-22 19:16:24.300422+03	\N
28	0	LS414	PVLowLow	LL	""	28	2022-06-22 19:16:24.301517+03	\N
29	0	PR269	PVHighHigh	HH	""	29	2022-06-22 19:16:24.304855+03	\N
30	0	LRA417	PVHighHigh	HH	""	30	2022-06-22 19:16:24.306319+03	\N
31	0	FR316	PVLowLow	LL	""	31	2022-06-22 19:16:24.30766+03	\N
32	0	FR317	PVLowLow	LL	""	32	2022-06-22 19:16:24.308735+03	\N
33	0	TR178	PVHighHigh	HH	""	33	2022-06-22 19:16:24.309837+03	\N
34	0	TR179	PVHighHigh	HH	""	34	2022-06-22 19:16:24.310974+03	\N
35	0	LR415	PVLowLow	LL	""	35	2022-06-22 19:16:24.311987+03	\N
36	0	LRA409	PVLowLow	LL	""	36	2022-06-22 19:16:24.313068+03	\N
37	0	LRA411	PVLowLow	LL	""	37	2022-06-22 19:16:24.314104+03	\N
38	0	FR307	PVLowLow	LL	""	38	2022-06-22 19:16:24.315581+03	\N
39	1	TR169	PVHighHigh	HH	2oo2	39	2022-06-22 19:16:24.317+03	\N
40	2	AI405	PVLowLow	LL	2oo2	39	2022-06-22 19:16:24.318142+03	\N
41	0	BS-226	ALARM=Не горит	H		40	2022-06-22 19:16:24.462146+03	\N
42	0	BS-227	ALARM=Не горит	H		41	2022-06-22 19:16:24.463294+03	\N
43	0	BS-228	ALARM=Не горит	H		42	2022-06-22 19:16:24.464889+03	\N
44	0	BS-229	ALARM=Не горит	H		43	2022-06-22 19:16:24.466324+03	\N
45	0	BS-230	ALARM=Не горит	H		44	2022-06-22 19:16:24.467575+03	\N
46	0	BS-201	ALARM=Не горит	H		45	2022-06-22 19:16:24.468827+03	\N
47	0	BS-202	ALARM=Не горит	H		46	2022-06-22 19:16:24.470083+03	\N
48	0	BS-203	ALARM=Не горит	H		47	2022-06-22 19:16:24.47128+03	\N
49	0	BS-204	ALARM=Не горит	H		48	2022-06-22 19:16:24.472513+03	\N
50	0	BS-205	ALARM=Не горит	H		49	2022-06-22 19:16:24.473739+03	\N
51	0	BS-206	ALARM=Не горит	H		50	2022-06-22 19:16:24.474938+03	\N
52	0	BS-207	ALARM=Не горит	H		51	2022-06-22 19:16:24.476123+03	\N
53	0	BS-208	ALARM=Не горит	H		52	2022-06-22 19:16:24.477276+03	\N
54	0	BS-209	ALARM=Не горит	H		53	2022-06-22 19:16:24.478495+03	\N
55	0	BS-210	ALARM=Не горит	H		54	2022-06-22 19:16:24.479801+03	\N
56	0	BS-211	ALARM=Не горит	H		55	2022-06-22 19:16:24.481077+03	\N
57	0	BS-212	ALARM=Не горит	H		56	2022-06-22 19:16:24.482397+03	\N
58	0	BS-213	ALARM=Не горит	H		57	2022-06-22 19:16:24.483567+03	\N
59	0	BS-214	ALARM=Не горит	H		58	2022-06-22 19:16:24.484755+03	\N
60	0	BS-215	ALARM=Не горит	H		59	2022-06-22 19:16:24.485996+03	\N
61	0	BS-216	ALARM=Не горит	H		60	2022-06-22 19:16:24.487174+03	\N
62	0	BS-217	ALARM=Не горит	H		61	2022-06-22 19:16:24.488373+03	\N
63	0	BS-218	ALARM=Не горит	H		62	2022-06-22 19:16:24.489669+03	\N
64	0	BS-219	ALARM=Не горит	H		63	2022-06-22 19:16:24.490897+03	\N
65	0	BS-220	ALARM=Не горит	H		64	2022-06-22 19:16:24.492067+03	\N
66	0	BS-221	ALARM=Не горит	H		65	2022-06-22 19:16:24.493287+03	\N
67	0	BS-222	ALARM=Не горит	H		66	2022-06-22 19:16:24.494543+03	\N
68	0	BS-223	ALARM=Не горит	H		67	2022-06-22 19:16:24.495953+03	\N
69	0	BS-224	ALARM=Не горит	H		68	2022-06-22 19:16:24.498025+03	\N
70	0	BS-225	ALARM=Не горит	H		69	2022-06-22 19:16:24.500292+03	\N
71	0	2SB-1	ALARM=Не горит	H		70	2022-06-22 19:16:24.502134+03	\N
72	0	2SB-2	ALARM=Не горит	H		71	2022-06-22 19:16:24.503727+03	\N
\.


--
-- Data for Name: SubCauseResult; Type: TABLE DATA; Schema: public; Owner: postgres
--

COPY public."SubCauseResult" ("Id", "Num", "TagName", "TagConditionString", "TagConditionString_SymbolToDisplay", "CustomFieldValues", "TriggeredTimeUtc", "CauseResultId") FROM stdin;
1	0	FR301	PVLowLow	LL	""	2021-06-10 06:38:29.391+03	1
2	0	FR303	PVLowLow	LL	""	2021-06-10 06:43:24.608+03	2
3	0	PR207	PVHighHigh	HH	""	\N	3
4	0	PSL205	PVLowLow	LL	""	2021-06-10 06:43:24.004+03	4
5	0	PDAL206	PVHighHigh	HH	""	\N	5
6	0	TS117	PVHighHigh	HH	""	\N	6
7	0	PSL233	PVLowLow	LL	""	\N	7
8	0	PSL235	PVLowLow	LL	""	\N	8
9	0	TR169	PVHighHigh	HH	""	2021-06-10 06:38:28.42+03	9
10	0	TIA111	PVHighHigh	HH	""	\N	10
11	0	LRA402	PVHighHigh	HH	""	\N	11
12	0	LRA406	PVLowLow	LL	""	\N	12
13	0	FR331	PVLowLow	LL	""	\N	13
14	0	PSL238	PVLowLow	LL	""	\N	14
15	0	PSL240	PVLowLow	LL	""	\N	15
16	0	PSL242	PVLowLow	LL	""	\N	16
17	0	PSL244	PVLowLow	LL	""	\N	17
18	0	PSL246	PVLowLow	LL	""	\N	18
19	0	TR172	PVHighHigh	HH	""	\N	19
20	0	TR173	PVHighHigh	HH	""	\N	20
21	0	TR174	PVHighHigh	HH	""	\N	21
22	0	TR175	PVHighHigh	HH	""	\N	22
23	0	TR176	PVHighHigh	HH	""	\N	23
24	0	TSH129	PVHighHigh	HH	""	\N	24
25	0	TSH133	PVHighHigh	HH	""	\N	25
26	0	TSH136	PVHighHigh	HH	""	2021-06-10 06:41:48.98+03	26
27	0	LS414	PVHighHigh	HH	""	\N	27
28	0	LS414	PVLowLow	LL	""	\N	28
29	0	PR269	PVHighHigh	HH	""	\N	29
30	0	LRA417	PVHighHigh	HH	""	\N	30
31	0	FR316	PVLowLow	LL	""	\N	31
32	0	FR317	PVLowLow	LL	""	\N	32
33	0	TR178	PVHighHigh	HH	""	\N	33
34	0	TR179	PVHighHigh	HH	""	\N	34
35	0	LR415	PVLowLow	LL	""	\N	35
36	0	LRA409	PVLowLow	LL	""	\N	36
37	0	LRA411	PVLowLow	LL	""	\N	37
38	0	FR307	PVLowLow	LL	""	2021-06-10 06:40:01.51+03	38
39	1	TR169	PVHighHigh	HH	2oo2	2021-06-10 06:38:28.42+03	39
40	2	AI405	PVLowLow	LL	2oo2	2021-06-10 06:37:35.562+03	39
41	0	BS-226	ALARM=Не горит	H		2021-06-10 06:38:29.391+03	40
42	0	BS-227	ALARM=Не горит	H		2021-06-10 06:38:29.391+03	41
43	0	BS-228	ALARM=Не горит	H		2021-06-10 06:38:29.391+03	42
44	0	BS-229	ALARM=Не горит	H		2021-06-10 06:38:29.391+03	43
45	0	BS-230	ALARM=Не горит	H		2021-06-10 06:38:29.391+03	44
46	0	BS-201	ALARM=Не горит	H		2021-06-10 06:42:22.134+03	45
47	0	BS-202	ALARM=Не горит	H		2021-06-10 06:42:22.134+03	46
48	0	BS-203	ALARM=Не горит	H		2021-06-10 06:42:22.134+03	47
49	0	BS-204	ALARM=Не горит	H		2021-06-10 06:42:22.134+03	48
50	0	BS-205	ALARM=Не горит	H		2021-06-10 06:42:22.134+03	49
51	0	BS-206	ALARM=Не горит	H		2021-06-10 06:42:22.134+03	50
52	0	BS-207	ALARM=Не горит	H		2021-06-10 06:42:22.134+03	51
53	0	BS-208	ALARM=Не горит	H		2021-06-10 06:42:22.134+03	52
54	0	BS-209	ALARM=Не горит	H		2021-06-10 06:42:22.134+03	53
55	0	BS-210	ALARM=Не горит	H		2021-06-10 06:42:22.134+03	54
56	0	BS-211	ALARM=Не горит	H		2021-06-10 06:42:22.134+03	55
57	0	BS-212	ALARM=Не горит	H		2021-06-10 06:42:22.134+03	56
58	0	BS-213	ALARM=Не горит	H		2021-06-10 06:42:22.134+03	57
59	0	BS-214	ALARM=Не горит	H		2021-06-10 06:42:22.134+03	58
60	0	BS-215	ALARM=Не горит	H		2021-06-10 06:42:22.134+03	59
61	0	BS-216	ALARM=Не горит	H		2021-06-10 06:42:22.134+03	60
62	0	BS-217	ALARM=Не горит	H		2021-06-10 06:42:22.134+03	61
63	0	BS-218	ALARM=Не горит	H		2021-06-10 06:42:22.134+03	62
64	0	BS-219	ALARM=Не горит	H		2021-06-10 06:42:22.134+03	63
65	0	BS-220	ALARM=Не горит	H		2021-06-10 06:42:22.134+03	64
66	0	BS-221	ALARM=Не горит	H		2021-06-10 06:42:22.134+03	65
67	0	BS-222	ALARM=Не горит	H		2021-06-10 06:42:22.134+03	66
68	0	BS-223	ALARM=Не горит	H		2021-06-10 06:42:22.134+03	67
69	0	BS-224	ALARM=Не горит	H		\N	68
70	0	BS-225	ALARM=Не горит	H		2021-06-10 06:42:22.134+03	69
71	0	2SB-1	ALARM=Не горит	H		\N	70
72	0	2SB-2	ALARM=Не горит	H		\N	71
\.


--
-- Data for Name: TagCondition; Type: TABLE DATA; Schema: public; Owner: postgres
--

COPY public."TagCondition" ("Id", "Identifier", "MathOperator", "Value", "SymbolToDisplay", "TagId", "_CreateTimeUtc", "_DeleteTimeUtc") FROM stdin;
1	ALARM		ВЫКЛ		1	2022-06-22 19:16:23.816878+03	\N
2	ALARM		ВЫКЛ		2	2022-06-22 19:16:23.842143+03	\N
67	PVHigh				67	2022-06-22 19:16:23.852573+03	\N
68	PVHighHigh				67	2022-06-22 19:16:23.852574+03	\N
70	PVLow				68	2022-06-22 19:16:23.852811+03	\N
72	PVLow				69	2022-06-22 19:16:23.852889+03	\N
74	PVLow				70	2022-06-22 19:16:23.852963+03	\N
76	PVLow				71	2022-06-22 19:16:23.853049+03	\N
78	PVLow				72	2022-06-22 19:16:23.853124+03	\N
80	PVLow				73	2022-06-22 19:16:23.853219+03	\N
81	PVLow				74	2022-06-22 19:16:23.853326+03	\N
82	PVHigh				74	2022-06-22 19:16:23.853327+03	\N
83	PVLow				75	2022-06-22 19:16:23.853398+03	\N
84	PVHigh				75	2022-06-22 19:16:23.853399+03	\N
86	PVLow				76	2022-06-22 19:16:23.853461+03	\N
87	PVHigh				76	2022-06-22 19:16:23.853461+03	\N
88	PVHigh				77	2022-06-22 19:16:23.853538+03	\N
89	PVHighHigh				77	2022-06-22 19:16:23.853538+03	\N
90	PVLow				78	2022-06-22 19:16:23.853619+03	\N
91	PVHigh				78	2022-06-22 19:16:23.853619+03	\N
93	PVLow				79	2022-06-22 19:16:23.853697+03	\N
94	PVHigh				79	2022-06-22 19:16:23.853698+03	\N
95	PVLow				80	2022-06-22 19:16:23.853792+03	\N
96	PVHigh				80	2022-06-22 19:16:23.853792+03	\N
98	PVLow				81	2022-06-22 19:16:23.853857+03	\N
99	PVHigh				81	2022-06-22 19:16:23.853858+03	\N
100	PVLow				82	2022-06-22 19:16:23.853932+03	\N
101	PVHigh				82	2022-06-22 19:16:23.853932+03	\N
102	PVLow				83	2022-06-22 19:16:23.853993+03	\N
103	PVHigh				83	2022-06-22 19:16:23.853994+03	\N
105	PVLow				84	2022-06-22 19:16:23.854053+03	\N
106	PVHigh				84	2022-06-22 19:16:23.854054+03	\N
107	PVLow				85	2022-06-22 19:16:23.854127+03	\N
108	PVHigh				85	2022-06-22 19:16:23.854127+03	\N
110	PVLow				86	2022-06-22 19:16:23.854221+03	\N
111	PVHigh				86	2022-06-22 19:16:23.854221+03	\N
112	PVLow				87	2022-06-22 19:16:23.854314+03	\N
113	PVHigh				88	2022-06-22 19:16:23.854363+03	\N
116	PVLow				89	2022-06-22 19:16:23.854466+03	\N
117	PVHigh				89	2022-06-22 19:16:23.854466+03	\N
119	PVHigh				90	2022-06-22 19:16:23.854593+03	\N
121	PVHigh				91	2022-06-22 19:16:23.854694+03	\N
122	PVHigh				92	2022-06-22 19:16:23.854741+03	\N
123	PVHigh				93	2022-06-22 19:16:23.854825+03	\N
124	PVHigh				94	2022-06-22 19:16:23.854912+03	\N
125	PVHigh				95	2022-06-22 19:16:23.854983+03	\N
126	PVHigh				96	2022-06-22 19:16:23.855111+03	\N
127	PVHigh				97	2022-06-22 19:16:23.855209+03	\N
3	ALARM		Не горит	H	3	2022-06-22 19:16:23.84238+03	\N
4	ALARM		Не горит	H	4	2022-06-22 19:16:23.842484+03	\N
5	ALARM		Не горит	H	5	2022-06-22 19:16:23.84257+03	\N
6	ALARM		Не горит	H	6	2022-06-22 19:16:23.84268+03	\N
7	ALARM		Не горит	H	7	2022-06-22 19:16:23.842753+03	\N
8	ALARM		Не горит	H	8	2022-06-22 19:16:23.842883+03	\N
9	ALARM		Не горит	H	9	2022-06-22 19:16:23.843002+03	\N
10	ALARM		Не горит	H	10	2022-06-22 19:16:23.843141+03	\N
11	ALARM		Не горит	H	11	2022-06-22 19:16:23.843257+03	\N
12	ALARM		Не горит	H	12	2022-06-22 19:16:23.843333+03	\N
13	ALARM		Не горит	H	13	2022-06-22 19:16:23.843405+03	\N
14	ALARM		Не горит	H	14	2022-06-22 19:16:23.843481+03	\N
15	ALARM		Не горит	H	15	2022-06-22 19:16:23.843553+03	\N
16	ALARM		Не горит	H	16	2022-06-22 19:16:23.843641+03	\N
17	ALARM		Не горит	H	17	2022-06-22 19:16:23.843715+03	\N
18	ALARM		Не горит	H	18	2022-06-22 19:16:23.84381+03	\N
19	ALARM		Не горит	H	19	2022-06-22 19:16:23.844739+03	\N
20	ALARM		Не горит	H	20	2022-06-22 19:16:23.844851+03	\N
21	ALARM		Не горит	H	21	2022-06-22 19:16:23.844934+03	\N
22	ALARM		Не горит	H	22	2022-06-22 19:16:23.845008+03	\N
23	ALARM		Не горит	H	23	2022-06-22 19:16:23.84509+03	\N
24	ALARM		Не горит	H	24	2022-06-22 19:16:23.845163+03	\N
25	ALARM		Не горит	H	25	2022-06-22 19:16:23.84527+03	\N
26	ALARM		Не горит	H	26	2022-06-22 19:16:23.845353+03	\N
27	ALARM		Не горит	H	27	2022-06-22 19:16:23.845433+03	\N
28	ALARM		Не горит	H	28	2022-06-22 19:16:23.845514+03	\N
29	ALARM		Не горит	H	29	2022-06-22 19:16:23.845586+03	\N
30	ALARM		Не горит	H	30	2022-06-22 19:16:23.845656+03	\N
31	ALARM		Не горит	H	31	2022-06-22 19:16:23.845733+03	\N
32	ALARM		Не горит	H	32	2022-06-22 19:16:23.846598+03	\N
33	ALARM		Не горит	H	33	2022-06-22 19:16:23.846705+03	\N
34	ALARM		Не горит	H	34	2022-06-22 19:16:23.84679+03	\N
129	PVHigh				98	2022-06-22 19:16:23.855288+03	\N
130	PVHigh				99	2022-06-22 19:16:23.855378+03	\N
131	PVHigh				100	2022-06-22 19:16:23.85543+03	\N
132	PVLow				101	2022-06-22 19:16:23.855475+03	\N
133	PVLow				102	2022-06-22 19:16:23.855542+03	\N
134	PVLow				103	2022-06-22 19:16:23.855591+03	\N
135	PVLow				104	2022-06-22 19:16:23.855652+03	\N
136	PVLow				105	2022-06-22 19:16:23.855697+03	\N
137	PVHigh				105	2022-06-22 19:16:23.855697+03	\N
138	PVLow				106	2022-06-22 19:16:23.855779+03	\N
139	PVLow				107	2022-06-22 19:16:23.855825+03	\N
140	PVLow				108	2022-06-22 19:16:23.855916+03	\N
141	PVLow				109	2022-06-22 19:16:23.856019+03	\N
142	PVLow				110	2022-06-22 19:16:23.856184+03	\N
143	PVLow				111	2022-06-22 19:16:23.856318+03	\N
144	PVLow				112	2022-06-22 19:16:23.856425+03	\N
145	PVLow				113	2022-06-22 19:16:23.856486+03	\N
146	PVLow				114	2022-06-22 19:16:23.856679+03	\N
147	PVLowLow				115	2022-06-22 19:16:23.856743+03	\N
148	PVLow				115	2022-06-22 19:16:23.856744+03	\N
149	PVHigh				116	2022-06-22 19:16:23.856822+03	\N
152	PVLow				117	2022-06-22 19:16:23.857001+03	\N
154	PVLow				118	2022-06-22 19:16:23.857091+03	\N
156	PVLow				119	2022-06-22 19:16:23.857184+03	\N
162	PVHigh				125	2022-06-22 19:16:23.857749+03	\N
164	PVHigh				126	2022-06-22 19:16:23.857993+03	\N
165	PVHigh				127	2022-06-22 19:16:23.858041+03	\N
166	PVHigh				128	2022-06-22 19:16:23.858112+03	\N
167	PVHigh				129	2022-06-22 19:16:23.858175+03	\N
168	PVHigh				130	2022-06-22 19:16:23.858242+03	\N
170	PVHigh				131	2022-06-22 19:16:23.858345+03	\N
172	PVHigh				132	2022-06-22 19:16:23.858417+03	\N
174	PVHigh				133	2022-06-22 19:16:23.858495+03	\N
176	PVHigh				134	2022-06-22 19:16:23.858572+03	\N
178	PVHigh				135	2022-06-22 19:16:23.858694+03	\N
180	PVHigh				136	2022-06-22 19:16:23.858756+03	\N
182	PVHigh				137	2022-06-22 19:16:23.858816+03	\N
184	PVHigh				138	2022-06-22 19:16:23.858893+03	\N
185	PVHigh				139	2022-06-22 19:16:23.858944+03	\N
186	PVHighHigh				139	2022-06-22 19:16:23.858944+03	\N
187	PVHigh				140	2022-06-22 19:16:23.859014+03	\N
189	PVHigh				141	2022-06-22 19:16:23.859085+03	\N
191	PVHigh				142	2022-06-22 19:16:23.859165+03	\N
193	PVHigh				143	2022-06-22 19:16:23.859224+03	\N
196	PVLow				144	2022-06-22 19:16:23.859321+03	\N
35	ALARM		ОТКР	O	35	2022-06-22 19:16:23.846878+03	\N
36	ALARM		ОТКР	O	36	2022-06-22 19:16:23.846965+03	\N
37	ALARM		ОТКР	O	37	2022-06-22 19:16:23.84704+03	\N
38	ALARM		ВЫКЛ	S	38	2022-06-22 19:16:23.847114+03	\N
39	ALARM		ВЫКЛ	S	39	2022-06-22 19:16:23.847209+03	\N
40	ALARM		ВЫКЛ	S	40	2022-06-22 19:16:23.847735+03	\N
41	ALARM		ВЫКЛ	S	41	2022-06-22 19:16:23.847909+03	\N
42	ALARM		ВЫКЛ	S	42	2022-06-22 19:16:23.847988+03	\N
43	ALARM		ВЫКЛ	S	43	2022-06-22 19:16:23.848079+03	\N
44	ALARM		ВЫКЛ	S	44	2022-06-22 19:16:23.848166+03	\N
45	ALARM		ВЫКЛ	S	45	2022-06-22 19:16:23.848242+03	\N
46	ALARM		ВЫКЛ	S	46	2022-06-22 19:16:23.84832+03	\N
47	ALARM		ВЫКЛ	S	47	2022-06-22 19:16:23.848527+03	\N
48	ALARM		ВЫКЛ	S	48	2022-06-22 19:16:23.848618+03	\N
49	ALARM		ВЫКЛ	S	49	2022-06-22 19:16:23.849185+03	\N
50	ALARM		ВЫКЛ	S	50	2022-06-22 19:16:23.849283+03	\N
51	ALARM		ВЫКЛ	S	51	2022-06-22 19:16:23.849362+03	\N
52	ALARM		ЗАКР	C	52	2022-06-22 19:16:23.849438+03	\N
53	ALARM		ЗАКР	C	53	2022-06-22 19:16:23.849512+03	\N
54	ALARM		ЗАКР	C	54	2022-06-22 19:16:23.849597+03	\N
55	ALARM		ЗАКР	C	55	2022-06-22 19:16:23.849672+03	\N
56	ALARM		ЗАКР	C	56	2022-06-22 19:16:23.849747+03	\N
57	ALARM		ЗАКР	C	57	2022-06-22 19:16:23.84982+03	\N
58	ALARM		ЗАКР	C	58	2022-06-22 19:16:23.849896+03	\N
59	ALARM		ЗАКР	C	59	2022-06-22 19:16:23.849999+03	\N
60	ALARM		ЗАКР	C	60	2022-06-22 19:16:23.850074+03	\N
61	ALARM		ЗАКР	C	61	2022-06-22 19:16:23.850167+03	\N
62	ALARM		ЗАКР	C	62	2022-06-22 19:16:23.850247+03	\N
63	ALARM		ЗАКР	C	63	2022-06-22 19:16:23.85037+03	\N
64	ALARM		ЗАКР	C	64	2022-06-22 19:16:23.850445+03	\N
65	ALARM		ЗАКР	C	65	2022-06-22 19:16:23.85052+03	\N
66	ALARM		ЗАКР	C	66	2022-06-22 19:16:23.850594+03	\N
69	PVLowLow			LL	68	2022-06-22 19:16:23.85281+03	\N
71	PVLowLow			LL	69	2022-06-22 19:16:23.852889+03	\N
73	PVLowLow			LL	70	2022-06-22 19:16:23.852963+03	\N
75	PVLowLow			LL	71	2022-06-22 19:16:23.853049+03	\N
77	PVLowLow			LL	72	2022-06-22 19:16:23.853123+03	\N
79	PVLowLow			LL	73	2022-06-22 19:16:23.853219+03	\N
85	PVLowLow			LL	76	2022-06-22 19:16:23.853461+03	\N
92	PVHighHigh			HH	78	2022-06-22 19:16:23.853619+03	\N
97	PVLowLow			LL	81	2022-06-22 19:16:23.853857+03	\N
104	PVLowLow			LL	84	2022-06-22 19:16:23.854053+03	\N
109	PVLowLow			LL	86	2022-06-22 19:16:23.854221+03	\N
114	PVHighHigh			HH	88	2022-06-22 19:16:23.854364+03	\N
115	PVLowLow			LL	89	2022-06-22 19:16:23.854465+03	\N
118	PVHighHigh			HH	89	2022-06-22 19:16:23.854466+03	\N
120	PVHighHigh			HH	90	2022-06-22 19:16:23.854593+03	\N
128	PVHighHigh			HH	97	2022-06-22 19:16:23.855209+03	\N
150	PVHighHigh			HH	116	2022-06-22 19:16:23.856822+03	\N
151	PVLowLow			LL	117	2022-06-22 19:16:23.857+03	\N
153	PVLowLow			LL	118	2022-06-22 19:16:23.85709+03	\N
155	PVLowLow			LL	119	2022-06-22 19:16:23.857184+03	\N
157	PVLowLow			LL	120	2022-06-22 19:16:23.857311+03	\N
158	PVLowLow			LL	121	2022-06-22 19:16:23.857367+03	\N
159	PVLowLow			LL	122	2022-06-22 19:16:23.857451+03	\N
160	PVLowLow			LL	123	2022-06-22 19:16:23.857529+03	\N
161	PVLowLow			LL	124	2022-06-22 19:16:23.857592+03	\N
163	PVHighHigh			HH	125	2022-06-22 19:16:23.857749+03	\N
169	PVHighHigh			HH	130	2022-06-22 19:16:23.858242+03	\N
171	PVHighHigh			HH	131	2022-06-22 19:16:23.858345+03	\N
173	PVHighHigh			HH	132	2022-06-22 19:16:23.858418+03	\N
175	PVHighHigh			HH	133	2022-06-22 19:16:23.858495+03	\N
177	PVHighHigh			HH	134	2022-06-22 19:16:23.858573+03	\N
179	PVHighHigh			HH	135	2022-06-22 19:16:23.858695+03	\N
181	PVHighHigh			HH	136	2022-06-22 19:16:23.858757+03	\N
183	PVHighHigh			HH	137	2022-06-22 19:16:23.858816+03	\N
188	PVHighHigh			HH	140	2022-06-22 19:16:23.859014+03	\N
190	PVHighHigh			HH	141	2022-06-22 19:16:23.859086+03	\N
192	PVHighHigh			HH	142	2022-06-22 19:16:23.859165+03	\N
194	PVHighHigh			HH	143	2022-06-22 19:16:23.859224+03	\N
195	PVLowLow			LL	144	2022-06-22 19:16:23.859321+03	\N
\.


--
-- Data for Name: TagConditionElementNames; Type: TABLE DATA; Schema: public; Owner: postgres
--

COPY public."TagConditionElementNames" ("Id", "Identifier", "Type", "Desc") FROM stdin;
1	PVHighHigh	Alarm	Параметр: PV, сигнализация: High High
2	PVHigh	Alarm	Параметр: PV, сигнализация: High
3	PVLow	Alarm	Параметр: PV, сигнализация: Low
4	PVLowLow	Alarm	Параметр: PV, сигнализация: Low Low
5	ALARM	Alarm	Сигнализация дискретного параметра
\.


--
-- Data for Name: TagEvent; Type: TABLE DATA; Schema: public; Owner: postgres
--

COPY public."TagEvent" ("Id", "EventTimeUtc", "Value", "TagId") FROM stdin;
1	2021-06-10 06:38:28.897+03	SuccessTriggered	35
2	2021-06-10 06:40:25.58+03	LateTriggered	44
3	2021-06-10 06:43:24.41+03	SuccessTriggered	49
4	2021-06-10 06:42:19.138+03	FaultTriggered	53
5	2021-06-10 06:42:19.138+03	FaultTriggered	53
6	2021-06-10 06:41:50.987+03	LateTriggered	54
7	2021-06-10 06:41:50.987+03	LateTriggered	54
8	2021-06-10 06:41:50.987+03	LateTriggered	55
9	2021-06-10 06:41:50.987+03	LateTriggered	55
10	2021-06-10 06:41:50.987+03	LateTriggered	56
11	2021-06-10 06:41:50.987+03	LateTriggered	56
12	2021-06-10 06:38:28.897+03	SuccessTriggered	57
13	2021-06-10 06:38:28.897+03	SuccessTriggered	57
14	2021-06-10 06:38:28.897+03	SuccessTriggered	58
15	2021-06-10 06:38:28.897+03	SuccessTriggered	58
16	2021-06-10 06:38:28.898+03	SuccessTriggered	59
17	2021-06-10 06:38:28.898+03	SuccessTriggered	59
18	2021-06-10 06:38:28.898+03	SuccessTriggered	60
19	2021-06-10 06:38:28.898+03	SuccessTriggered	60
20	2021-06-10 06:38:28.898+03	SuccessTriggered	65
21	2021-06-10 06:40:25.58+03	LateTriggered	66
\.


--
-- Data for Name: TagParam; Type: TABLE DATA; Schema: public; Owner: postgres
--

COPY public."TagParam" ("Id", "TagId", "_CreateTimeUtc", "_DeleteTimeUtc", "ParamName", "Value", "Eu", "Type", "Desc") FROM stdin;
\.


--
-- Data for Name: Tags; Type: TABLE DATA; Schema: public; Owner: postgres
--

COPY public."Tags" ("Id", "TagName", "Desc", "BaseActuatorId", "ProjectId", "_CreateTimeUtc", "_DeleteTimeUtc") FROM stdin;
1	E_EP1_PumpState	Состояние насоса	1	2	2022-06-22 19:16:23.778609+03	\N
2	E_EP2_PumpState	Состояние насоса	1	2	2022-06-22 19:16:23.84211+03	\N
3	2SB-1	Датчик погас пламени  П-2	1	2	2022-06-22 19:16:23.842365+03	\N
4	2SB-2	Датчик погас пламени  П-2	1	2	2022-06-22 19:16:23.842478+03	\N
5	BS-201	Датчик погас пламени  П-1/1	1	2	2022-06-22 19:16:23.842567+03	\N
6	BS-202	Датчик погас пламени  П-1/1	1	2	2022-06-22 19:16:23.842674+03	\N
7	BS-203	Датчик погас пламени  П-1/1	1	2	2022-06-22 19:16:23.842749+03	\N
8	BS-204	Датчик погас пламени  П-1/1	1	2	2022-06-22 19:16:23.842871+03	\N
9	BS-205	Датчик погас пламени  П-1/1	1	2	2022-06-22 19:16:23.842996+03	\N
10	BS-206	Датчик погас пламени  П-1/2	1	2	2022-06-22 19:16:23.843135+03	\N
11	BS-207	Датчик погас пламени  П-1/2	1	2	2022-06-22 19:16:23.843251+03	\N
12	BS-208	Датчик погас пламени  П-1/2	1	2	2022-06-22 19:16:23.843328+03	\N
13	BS-209	Датчик погас пламени  П-1/2	1	2	2022-06-22 19:16:23.8434+03	\N
14	BS-210	Датчик погас пламени  П-1/2	1	2	2022-06-22 19:16:23.843476+03	\N
15	BS-211	Датчик погас пламени  П-1/3	1	2	2022-06-22 19:16:23.843547+03	\N
16	BS-212	Датчик погас пламени  П-1/3	1	2	2022-06-22 19:16:23.843637+03	\N
17	BS-213	Датчик погас пламени  П-1/3	1	2	2022-06-22 19:16:23.84371+03	\N
18	BS-214	Датчик погас пламени  П-1/3	1	2	2022-06-22 19:16:23.843803+03	\N
19	BS-215	Датчик погас пламени  П-1/3	1	2	2022-06-22 19:16:23.843904+03	\N
20	BS-216	Датчик погас пламени  П-1/4	1	2	2022-06-22 19:16:23.844845+03	\N
21	BS-217	Датчик погас пламени  П-1/4	1	2	2022-06-22 19:16:23.844929+03	\N
22	BS-218	Датчик погас пламени  П-1/4	1	2	2022-06-22 19:16:23.845004+03	\N
23	BS-219	Датчик погас пламени  П-1/4	1	2	2022-06-22 19:16:23.845086+03	\N
24	BS-220	Датчик погас пламени  П-1/4	1	2	2022-06-22 19:16:23.845158+03	\N
25	BS-221	Датчик погас пламени  П-1/5	1	2	2022-06-22 19:16:23.845263+03	\N
26	BS-222	Датчик погас пламени  П-1/5	1	2	2022-06-22 19:16:23.845348+03	\N
27	BS-223	Датчик погас пламени  П-1/5	1	2	2022-06-22 19:16:23.845428+03	\N
28	BS-224	Датчик погас пламени  П-1/5	1	2	2022-06-22 19:16:23.84551+03	\N
29	BS-225	Датчик погас пламени  П-1/5	1	2	2022-06-22 19:16:23.845581+03	\N
30	BS-226	Датчик погас пламени  П-201	1	2	2022-06-22 19:16:23.845652+03	\N
31	BS-227	Датчик погас пламени  П-201	1	2	2022-06-22 19:16:23.845728+03	\N
32	BS-228	Датчик погас пламени  П-201	1	2	2022-06-22 19:16:23.84659+03	\N
33	BS-229	Датчик погас пламени  П-201	1	2	2022-06-22 19:16:23.8467+03	\N
34	BS-230	Датчик погас пламени  П-201	1	2	2022-06-22 19:16:23.846785+03	\N
35	EUV201	Пар в камеру П-201	1	2	2022-06-22 19:16:23.846875+03	\N
36	EUV202	Пар в камеру  П-1	1	2	2022-06-22 19:16:23.84696+03	\N
37	EUV203	Пар в камеру  П-2	1	2	2022-06-22 19:16:23.847036+03	\N
38	H-1	Центробежный насос подачи сырья	1	2	2022-06-22 19:16:23.847108+03	\N
39	H-15	Насос циркулирующего продукта К-7	1	2	2022-06-22 19:16:23.847206+03	\N
40	H-16	Насос циркулирующего продукта К-7	1	2	2022-06-22 19:16:23.847726+03	\N
41	H-18	Центробежный насос подачи флегмы К-7	1	2	2022-06-22 19:16:23.847904+03	\N
42	H-19	Центробежный насос подачи флегмы К-7	1	2	2022-06-22 19:16:23.847983+03	\N
43	H-2	Центробежный насос подачи сырья	1	2	2022-06-22 19:16:23.848072+03	\N
44	H-3	Центробежный насос подачи гидрогенизата	1	2	2022-06-22 19:16:23.84816+03	\N
45	H-34	Насос дренирования из Е-8	1	2	2022-06-22 19:16:23.848236+03	\N
46	H-4	Центробежный насос подачи гидрогенизата	1	2	2022-06-22 19:16:23.848314+03	\N
47	H-8	Центробежный насос подачи флегмы К-1	1	2	2022-06-22 19:16:23.848519+03	\N
48	H-9	Центробежный насос подачи флегмы К-1	1	2	2022-06-22 19:16:23.848612+03	\N
49	ПК-1	Циркуляционный газовый компрессор гидроочистки	1	2	2022-06-22 19:16:23.849182+03	\N
50	ПК-2	Циркуляционный газовый компрессор гидроочистки	1	2	2022-06-22 19:16:23.849277+03	\N
51	TK601	Компрессор ТК601	1	2	2022-06-22 19:16:23.849357+03	\N
52	UV-202	Топ газ к П-2	1	2	2022-06-22 19:16:23.849431+03	\N
53	UV-207	Топ  газ к П-1	1	2	2022-06-22 19:16:23.849507+03	\N
54	UV-208	Топ  газ	1	2	2022-06-22 19:16:23.849579+03	\N
55	UV-209	Прямой мазут П-1	1	2	2022-06-22 19:16:23.849667+03	\N
56	UV-210	Обратный  мазут с  П-1	1	2	2022-06-22 19:16:23.849741+03	\N
57	UV-211	Топ газ к  П-201	1	2	2022-06-22 19:16:23.849815+03	\N
58	UV-212	Пилот топ  газ к П-201	1	2	2022-06-22 19:16:23.84989+03	\N
59	UV-213	Обратный  мазут с  П-201	1	2	2022-06-22 19:16:23.849993+03	\N
60	UV-214	Прямой мазут П-201	1	2	2022-06-22 19:16:23.850067+03	\N
61	UV-215	Прямой мазут П-2	1	2	2022-06-22 19:16:23.850161+03	\N
62	UV-216	Обратный  мазут от П-2	1	2	2022-06-22 19:16:23.850241+03	\N
63	XV1	Мазут в Е-10	1	2	2022-06-22 19:16:23.850366+03	\N
64	XV2	Мазут из Е-10	1	2	2022-06-22 19:16:23.850441+03	\N
65	Э-1	Электрозадвижка на нагнетании сырьевых насосов Н-1	1	2	2022-06-22 19:16:23.850514+03	\N
66	Э-2	Электрозадвижка на нагнетании сырьевых насосов Н-3	1	2	2022-06-22 19:16:23.850589+03	\N
67	PI_D1	Плотность продукта в Р-1	1	2	2022-06-22 19:16:23.850728+03	\N
68	FR301	Расход сырья на гидроочистку	1	2	2022-06-22 19:16:23.852809+03	\N
69	FR303	Расход ВСГ на гидроочистку	1	2	2022-06-22 19:16:23.852888+03	\N
70	FR307	Расход стаб гидрогенизата на риформинг	1	2	2022-06-22 19:16:23.852962+03	\N
71	FR316	Циркуляция стабильного гидрогенизата через П-2 (восток)	1	2	2022-06-22 19:16:23.853047+03	\N
72	FR317	Циркуляция стабильного гидрогенизата через П-2 (запад)	1	2	2022-06-22 19:16:23.853121+03	\N
73	FR331	Расход ВСГ на риформинг	1	2	2022-06-22 19:16:23.853218+03	\N
74	LR401	Уровень в С-1	1	2	2022-06-22 19:16:23.853324+03	\N
75	LR413	Уровень мазута в Е-10	1	2	2022-06-22 19:16:23.853396+03	\N
76	LR415	Уровень в Е-8	1	2	2022-06-22 19:16:23.853459+03	\N
77	LR416	Уровень в Е-5	1	2	2022-06-22 19:16:23.853534+03	\N
78	LRA402	Уровень ВСГ в С-10	1	2	2022-06-22 19:16:23.853617+03	\N
79	LRA403	Уровень ГПС в Т-3	1	2	2022-06-22 19:16:23.853694+03	\N
80	LRA404	Уровень ГПС в Т-3А	1	2	2022-06-22 19:16:23.853789+03	\N
81	LRA406	Уровень рефлюкса в С-2	1	2	2022-06-22 19:16:23.853856+03	\N
82	LRA407	Уровень в С-7	1	2	2022-06-22 19:16:23.853929+03	\N
83	LRA408	Уровень в С-8	1	2	2022-06-22 19:16:23.853991+03	\N
84	LRA409	Уровень рефлюкса в Е-7	1	2	2022-06-22 19:16:23.854051+03	\N
85	LRA410	Уровень конденсата в Е-7	1	2	2022-06-22 19:16:23.854124+03	\N
86	LRA411	Уровень стаб катализата в К-7	1	2	2022-06-22 19:16:23.854218+03	\N
87	LRA412	Уровень хлорорганики в Е-1	1	2	2022-06-22 19:16:23.854312+03	\N
88	LRA417	Уровень в С-9	1	2	2022-06-22 19:16:23.854361+03	\N
89	LS414	Уровень мазута в Е-10	1	2	2022-06-22 19:16:23.854463+03	\N
90	PDAL206	Перепад давления приема и выкида компрессора ПК-1,2	1	2	2022-06-22 19:16:23.854568+03	\N
91	PDR203	Перепад  газопродуктовой смеси в Р-1	1	2	2022-06-22 19:16:23.854691+03	\N
92	PDR212	Перепад  газопродуктовой смеси в Р-2	1	2	2022-06-22 19:16:23.854738+03	\N
93	PDR213	Перепад  газопродуктовой смеси в Р-3	1	2	2022-06-22 19:16:23.854823+03	\N
94	PDR214	Перепад  газопродуктовой смеси в Р-4/1	1	2	2022-06-22 19:16:23.854909+03	\N
95	PDR215	Перепад  газопродуктовой смеси в Р-4/2	1	2	2022-06-22 19:16:23.854981+03	\N
96	PR201	Давление сырья на ГО	1	2	2022-06-22 19:16:23.85511+03	\N
97	PR207	Давление на выкиде ПК-1,2	1	2	2022-06-22 19:16:23.855207+03	\N
98	PR209	Давление в К-1	1	2	2022-06-22 19:16:23.855287+03	\N
99	PR223	Давление в С-8	1	2	2022-06-22 19:16:23.855376+03	\N
100	PR225	Давление в К-7	1	2	2022-06-22 19:16:23.855429+03	\N
101	PR226	Давление циркуляции  П-2 западная сторона	1	2	2022-06-22 19:16:23.855473+03	\N
102	PR227	Давление циркуляции  П-2 восточная сторона	1	2	2022-06-22 19:16:23.855539+03	\N
103	PR230	Давление топливного газа на установку	1	2	2022-06-22 19:16:23.855589+03	\N
104	PR232	Давление  пилотного газа на П-1	1	2	2022-06-22 19:16:23.855651+03	\N
105	PR234	Давление топливный газ основной на П-201	1	2	2022-06-22 19:16:23.855695+03	\N
106	PR236	Давление топливный газ основной на П-1	1	2	2022-06-22 19:16:23.855777+03	\N
107	PR237	Давление топливный газ основной на П-1/1	1	2	2022-06-22 19:16:23.855823+03	\N
108	PR239	Давление топливный газ на П-1/2	1	2	2022-06-22 19:16:23.855889+03	\N
109	PR241	Давление топливного газа на П-1/3	1	2	2022-06-22 19:16:23.856015+03	\N
110	PR243	Давление топливный газ основной на П-1/4	1	2	2022-06-22 19:16:23.856159+03	\N
111	PR245	Давление топливный газ основной на П-1/5	1	2	2022-06-22 19:16:23.856313+03	\N
112	PR247	Давление топ, газа на П-2 западная сторона	1	2	2022-06-22 19:16:23.856424+03	\N
113	PR248	Давление  топ, газа на П-2 восточная сторона	1	2	2022-06-22 19:16:23.856484+03	\N
114	PR282	Давление прямого мазута из Е-10	1	2	2022-06-22 19:16:23.856678+03	\N
115	PRA245	Давление мазута	1	2	2022-06-22 19:16:23.856742+03	\N
116	PR269	Давление перед Д-1,2	1	2	2022-06-22 19:16:23.856818+03	\N
117	PSL205	 Давление ВСГ на приеме ПК-1,2	1	2	2022-06-22 19:16:23.856992+03	\N
118	PSL233	Давление  пилотного газа на П-1, П-201	1	2	2022-06-22 19:16:23.857087+03	\N
119	PSL235	Давление топливного газа на основные горелки П-201	1	2	2022-06-22 19:16:23.857181+03	\N
120	PSL238	Давление топливный газ основной на П-1/1	1	2	2022-06-22 19:16:23.857308+03	\N
121	PSL240	Давление топливный газ основной наП-1/2	1	2	2022-06-22 19:16:23.857365+03	\N
122	PSL242	Давление топливный газ основной на П-1/3	1	2	2022-06-22 19:16:23.857449+03	\N
123	PSL244	Давление топливный газ основной на П-1/4	1	2	2022-06-22 19:16:23.857527+03	\N
124	PSL246	Давление топливный газ основной на П-1/5	1	2	2022-06-22 19:16:23.85759+03	\N
125	TIA111	Температура ГПС из П-201 в Р-1	1	2	2022-06-22 19:16:23.857747+03	\N
126	TR158	Металл рекуператора	1	2	2022-06-22 19:16:23.857991+03	\N
127	TR159	Металл рекуператора	1	2	2022-06-22 19:16:23.858038+03	\N
128	TR160	Температура горячего воздуха к печи П-1	1	2	2022-06-22 19:16:23.85811+03	\N
129	TR168	Температура дымовых газов на всасе Д-2	1	2	2022-06-22 19:16:23.858174+03	\N
130	TR169	Температура перевала П-201	1	2	2022-06-22 19:16:23.858239+03	\N
131	TR172	Температура продуктов сгорания П-1/5	1	2	2022-06-22 19:16:23.858343+03	\N
132	TR173	Температура продуктов сгорания П-1/4	1	2	2022-06-22 19:16:23.858414+03	\N
133	TR174	Температура продуктов сгорания П-1/3	1	2	2022-06-22 19:16:23.858471+03	\N
134	TR175	Температура продуктов сгорания П-1/2	1	2	2022-06-22 19:16:23.858569+03	\N
135	TR176	Температура продуктов сгорания  П-1/1	1	2	2022-06-22 19:16:23.858692+03	\N
136	TR178	Температура перевалов П-2 (вост сторона)	1	2	2022-06-22 19:16:23.858755+03	\N
137	TR179	Температура перевалов П-2 (запад  сторона)	1	2	2022-06-22 19:16:23.858813+03	\N
138	TR186	Температура из П-2 в К-7	1	2	2022-06-22 19:16:23.858891+03	\N
139	TR190	Температура в Е-8	1	2	2022-06-22 19:16:23.858943+03	\N
140	TS117	Температура цирк-го газа на выкиде ПК-1,2	1	2	2022-06-22 19:16:23.859012+03	\N
141	TSH129	Температура на входе в Р-2	1	2	2022-06-22 19:16:23.859083+03	\N
142	TSH133	Температура на входе в Р-3	1	2	2022-06-22 19:16:23.859162+03	\N
143	TSH136	Температура на входе в Р-4/1,2	1	2	2022-06-22 19:16:23.859221+03	\N
144	AI405	Содержание О2 в дымовых газах печей П-201	1	2	2022-06-22 19:16:23.859319+03	\N
\.


--
-- Data for Name: UnitEvents; Type: TABLE DATA; Schema: public; Owner: postgres
--

COPY public."UnitEvents" ("Id", "EventTimeUtc", "TagName", "TagConditionString", "ConditionIsActive", "EventSource", "OriginalEvent", "UnitEventsIntervalId") FROM stdin;
1	2021-06-10 06:37:35.562+03		AI405.Low	t			1
2	2021-06-10 06:37:35.562+03		AI405.PVLowLow	t			1
3	2021-06-10 06:38:22.52+03		TR169.High	t			1
4	2021-06-10 06:38:28.42+03		TR169.PVHighHigh	t			1
5	2021-06-10 06:38:28.897+03		EUV201.ALARM=ОТКР	t			1
6	2021-06-10 06:38:28.897+03		UV-211.ALARM=ЗАКР	t			1
7	2021-06-10 06:38:28.897+03		UV-212.ALARM=ЗАКР	t			1
8	2021-06-10 06:38:28.898+03		UV-213.ALARM=ЗАКР	t			1
9	2021-06-10 06:38:28.898+03		UV-214.ALARM=ЗАКР	t			1
10	2021-06-10 06:38:28.898+03		Э-1.ALARM=ЗАКР	t			1
11	2021-06-10 06:38:29.146+03		FR301.Low	t			1
12	2021-06-10 06:38:29.146+03		PR201.High	t			1
13	2021-06-10 06:38:29.391+03		FR301.PVLowLow	t			1
14	2021-06-10 06:38:29.391+03		PSL235.Low	t			1
15	2021-06-10 06:38:29.391+03		TR169.PVHighHigh	f			1
16	2021-06-10 06:38:29.391+03		TR169.High	f			1
17	2021-06-10 06:38:29.391+03		BS-230.ALARM=Не горит	t			1
18	2021-06-10 06:38:29.391+03		BS-229.ALARM=Не горит	t			1
19	2021-06-10 06:38:29.391+03		BS-228.ALARM=Не горит	t			1
20	2021-06-10 06:38:29.391+03		BS-227.ALARM=Не горит	t			1
21	2021-06-10 06:38:29.391+03		BS-226.ALARM=Не горит	t			1
22	2021-06-10 06:38:29.607+03		AI405.PVLowLow	f			1
23	2021-06-10 06:38:29.607+03		AI405.Low	f			1
24	2021-06-10 06:39:03.853+03		PSL205.Low	t			1
25	2021-06-10 06:39:19.297+03		LRA403.Low	t			1
26	2021-06-10 06:39:19.297+03		LRA404.Low	t			1
27	2021-06-10 06:40:01.188+03		FR307.Low	t			1
28	2021-06-10 06:40:01.51+03		FR307.PVLowLow	t			1
29	2021-06-10 06:40:25.58+03		H-3.ALARM=ВЫКЛ	t			1
30	2021-06-10 06:40:25.58+03		Э-2.ALARM=ЗАКР	t			1
31	2021-06-10 06:41:02.589+03		TSH136.High	t			1
32	2021-06-10 06:41:17.643+03		TSH133.High	t			1
33	2021-06-10 06:41:43.094+03		TSH129.High	t			1
34	2021-06-10 06:41:48.98+03		TSH136.PVHighHigh	t			1
35	2021-06-10 06:41:50.987+03		UV-208.ALARM=ЗАКР	t			1
36	2021-06-10 06:41:50.987+03		UV-209.ALARM=ЗАКР	t			1
37	2021-06-10 06:41:50.987+03		UV-210.ALARM=ЗАКР	t			1
38	2021-06-10 06:42:03.008+03		PR236.Low	t			1
39	2021-06-10 06:42:03.008+03		PR237.Low	t			1
40	2021-06-10 06:42:03.008+03		PR239.Low	t			1
41	2021-06-10 06:42:03.008+03		PR241.Low	t			1
42	2021-06-10 06:42:03.008+03		PR243.Low	t			1
43	2021-06-10 06:42:03.008+03		PR245.Low	t			1
44	2021-06-10 06:42:03.009+03		TR158.High	t			1
45	2021-06-10 06:42:03.009+03		TR159.High	t			1
46	2021-06-10 06:42:19.138+03		UV-207.ALARM=ЗАКР	t			1
47	2021-06-10 06:42:22.134+03		TR158.High	f			1
48	2021-06-10 06:42:22.134+03		TR159.High	f			1
49	2021-06-10 06:42:22.134+03		BS-225.ALARM=Не горит	t			1
50	2021-06-10 06:42:22.134+03		BS-223.ALARM=Не горит	t			1
51	2021-06-10 06:42:22.134+03		BS-222.ALARM=Не горит	t			1
52	2021-06-10 06:42:22.134+03		BS-221.ALARM=Не горит	t			1
53	2021-06-10 06:42:22.134+03		BS-220.ALARM=Не горит	t			1
54	2021-06-10 06:42:22.134+03		BS-219.ALARM=Не горит	t			1
55	2021-06-10 06:42:22.134+03		BS-218.ALARM=Не горит	t			1
56	2021-06-10 06:42:22.134+03		BS-217.ALARM=Не горит	t			1
57	2021-06-10 06:42:22.134+03		BS-216.ALARM=Не горит	t			1
58	2021-06-10 06:42:22.134+03		BS-215.ALARM=Не горит	t			1
59	2021-06-10 06:42:22.134+03		BS-214.ALARM=Не горит	t			1
60	2021-06-10 06:42:22.134+03		BS-213.ALARM=Не горит	t			1
61	2021-06-10 06:42:22.134+03		BS-212.ALARM=Не горит	t			1
62	2021-06-10 06:42:22.134+03		BS-211.ALARM=Не горит	t			1
63	2021-06-10 06:42:22.134+03		BS-210.ALARM=Не горит	t			1
64	2021-06-10 06:42:22.134+03		BS-209.ALARM=Не горит	t			1
65	2021-06-10 06:42:22.134+03		BS-208.ALARM=Не горит	t			1
66	2021-06-10 06:42:22.134+03		BS-207.ALARM=Не горит	t			1
67	2021-06-10 06:42:22.134+03		BS-206.ALARM=Не горит	t			1
68	2021-06-10 06:42:22.134+03		BS-205.ALARM=Не горит	t			1
69	2021-06-10 06:42:22.134+03		BS-204.ALARM=Не горит	t			1
70	2021-06-10 06:42:22.134+03		BS-202.ALARM=Не горит	t			1
71	2021-06-10 06:42:22.134+03		BS-201.ALARM=Не горит	t			1
72	2021-06-10 06:42:22.134+03		BS-203.ALARM=Не горит	t			1
73	2021-06-10 06:42:24.126+03		TR160.High	t			1
74	2021-06-10 06:42:33.17+03		TSH129.High	f			1
75	2021-06-10 06:42:33.17+03		TSH136.PVHighHigh	f			1
76	2021-06-10 06:42:48.293+03		TSH133.High	f			1
77	2021-06-10 06:42:55.324+03		TSH136.High	f			1
78	2021-06-10 06:43:06.427+03		TR160.High	f			1
79	2021-06-10 06:43:24.004+03		PSL205.PVLowLow	t			1
80	2021-06-10 06:43:24.41+03		ПК-1.ALARM=ВЫКЛ	t			1
81	2021-06-10 06:43:24.608+03		FR303.Low	t			1
82	2021-06-10 06:43:24.608+03		FR303.PVLowLow	t			1
83	2021-06-10 06:43:24.608+03		PSL205.PVLowLow	f			1
\.


--
-- Data for Name: UnitEventsIntervals; Type: TABLE DATA; Schema: public; Owner: postgres
--

COPY public."UnitEventsIntervals" ("Id", "Title", "StartTimeUtc", "EndTimeUtc", "UnitId") FROM stdin;
1	Example1 DeltaSim Logs.csv	2021-06-10 06:37:35.562+03	2021-06-10 06:43:24.608+03	1
\.


--
-- Data for Name: Units; Type: TABLE DATA; Schema: public; Owner: postgres
--

COPY public."Units" ("Id", "Title", "Desc", "ActiveProjectId") FROM stdin;
1	АВТ-6	Установка АВТ-6	2
2	Гидроочистка	Гидроочистка дизельных топлив	1
\.


--
-- Name: ActuatorParam_Id_seq; Type: SEQUENCE SET; Schema: public; Owner: postgres
--

SELECT pg_catalog.setval('public."ActuatorParam_Id_seq"', 1, false);


--
-- Name: BaseActuatorParam_Id_seq; Type: SEQUENCE SET; Schema: public; Owner: postgres
--

SELECT pg_catalog.setval('public."BaseActuatorParam_Id_seq"', 3, true);


--
-- Name: BaseActuatorTypes_Id_seq; Type: SEQUENCE SET; Schema: public; Owner: postgres
--

SELECT pg_catalog.setval('public."BaseActuatorTypes_Id_seq"', 3, true);


--
-- Name: BaseActuators_Id_seq; Type: SEQUENCE SET; Schema: public; Owner: postgres
--

SELECT pg_catalog.setval('public."BaseActuators_Id_seq"', 3, true);


--
-- Name: CauseResults_Id_seq; Type: SEQUENCE SET; Schema: public; Owner: postgres
--

SELECT pg_catalog.setval('public."CauseResults_Id_seq"', 71, true);


--
-- Name: Causes_Id_seq; Type: SEQUENCE SET; Schema: public; Owner: postgres
--

SELECT pg_catalog.setval('public."Causes_Id_seq"', 71, true);


--
-- Name: CeMatrices_Id_seq; Type: SEQUENCE SET; Schema: public; Owner: postgres
--

SELECT pg_catalog.setval('public."CeMatrices_Id_seq"', 2, true);


--
-- Name: CeMatrixResuls_Id_seq; Type: SEQUENCE SET; Schema: public; Owner: postgres
--

SELECT pg_catalog.setval('public."CeMatrixResuls_Id_seq"', 2, true);


--
-- Name: DbFile_Id_seq; Type: SEQUENCE SET; Schema: public; Owner: postgres
--

SELECT pg_catalog.setval('public."DbFile_Id_seq"', 1, false);


--
-- Name: EffectResults_Id_seq; Type: SEQUENCE SET; Schema: public; Owner: postgres
--

SELECT pg_catalog.setval('public."EffectResults_Id_seq"', 45, true);


--
-- Name: Effects_Id_seq; Type: SEQUENCE SET; Schema: public; Owner: postgres
--

SELECT pg_catalog.setval('public."Effects_Id_seq"', 45, true);


--
-- Name: EngineeringUnits_Id_seq; Type: SEQUENCE SET; Schema: public; Owner: postgres
--

SELECT pg_catalog.setval('public."EngineeringUnits_Id_seq"', 2, true);


--
-- Name: IntersectionResult_Id_seq; Type: SEQUENCE SET; Schema: public; Owner: postgres
--

SELECT pg_catalog.setval('public."IntersectionResult_Id_seq"', 289, true);


--
-- Name: Intersection_Id_seq; Type: SEQUENCE SET; Schema: public; Owner: postgres
--

SELECT pg_catalog.setval('public."Intersection_Id_seq"', 289, true);


--
-- Name: Jobs_Id_seq; Type: SEQUENCE SET; Schema: public; Owner: postgres
--

SELECT pg_catalog.setval('public."Jobs_Id_seq"', 1, false);


--
-- Name: Offices_Id_seq; Type: SEQUENCE SET; Schema: public; Owner: postgres
--

SELECT pg_catalog.setval('public."Offices_Id_seq"', 2, true);


--
-- Name: ProjectVersion_Id_seq; Type: SEQUENCE SET; Schema: public; Owner: postgres
--

SELECT pg_catalog.setval('public."ProjectVersion_Id_seq"', 3, true);


--
-- Name: Projects_Id_seq; Type: SEQUENCE SET; Schema: public; Owner: postgres
--

SELECT pg_catalog.setval('public."Projects_Id_seq"', 3, true);


--
-- Name: ResultEvent_Id_seq; Type: SEQUENCE SET; Schema: public; Owner: postgres
--

SELECT pg_catalog.setval('public."ResultEvent_Id_seq"', 58, true);


--
-- Name: Results_Id_seq; Type: SEQUENCE SET; Schema: public; Owner: postgres
--

SELECT pg_catalog.setval('public."Results_Id_seq"', 1, true);


--
-- Name: Section_Id_seq; Type: SEQUENCE SET; Schema: public; Owner: postgres
--

SELECT pg_catalog.setval('public."Section_Id_seq"', 1, false);


--
-- Name: SimUsers_Id_seq; Type: SEQUENCE SET; Schema: public; Owner: postgres
--

SELECT pg_catalog.setval('public."SimUsers_Id_seq"', 1, true);


--
-- Name: StandardParam_Id_seq; Type: SEQUENCE SET; Schema: public; Owner: postgres
--

SELECT pg_catalog.setval('public."StandardParam_Id_seq"', 2, true);


--
-- Name: SubCauseResult_Id_seq; Type: SEQUENCE SET; Schema: public; Owner: postgres
--

SELECT pg_catalog.setval('public."SubCauseResult_Id_seq"', 72, true);


--
-- Name: SubCause_Id_seq; Type: SEQUENCE SET; Schema: public; Owner: postgres
--

SELECT pg_catalog.setval('public."SubCause_Id_seq"', 72, true);


--
-- Name: TagConditionElementNames_Id_seq; Type: SEQUENCE SET; Schema: public; Owner: postgres
--

SELECT pg_catalog.setval('public."TagConditionElementNames_Id_seq"', 5, true);


--
-- Name: TagCondition_Id_seq; Type: SEQUENCE SET; Schema: public; Owner: postgres
--

SELECT pg_catalog.setval('public."TagCondition_Id_seq"', 196, true);


--
-- Name: TagEvent_Id_seq; Type: SEQUENCE SET; Schema: public; Owner: postgres
--

SELECT pg_catalog.setval('public."TagEvent_Id_seq"', 21, true);


--
-- Name: TagParam_Id_seq; Type: SEQUENCE SET; Schema: public; Owner: postgres
--

SELECT pg_catalog.setval('public."TagParam_Id_seq"', 1, false);


--
-- Name: Tags_Id_seq; Type: SEQUENCE SET; Schema: public; Owner: postgres
--

SELECT pg_catalog.setval('public."Tags_Id_seq"', 144, true);


--
-- Name: UnitEventsIntervals_Id_seq; Type: SEQUENCE SET; Schema: public; Owner: postgres
--

SELECT pg_catalog.setval('public."UnitEventsIntervals_Id_seq"', 1, true);


--
-- Name: UnitEvents_Id_seq; Type: SEQUENCE SET; Schema: public; Owner: postgres
--

SELECT pg_catalog.setval('public."UnitEvents_Id_seq"', 83, true);


--
-- Name: Units_Id_seq; Type: SEQUENCE SET; Schema: public; Owner: postgres
--

SELECT pg_catalog.setval('public."Units_Id_seq"', 2, true);


--
-- Name: ActuatorParam PK_ActuatorParam; Type: CONSTRAINT; Schema: public; Owner: postgres
--

ALTER TABLE ONLY public."ActuatorParam"
    ADD CONSTRAINT "PK_ActuatorParam" PRIMARY KEY ("Id");


--
-- Name: BaseActuatorParam PK_BaseActuatorParam; Type: CONSTRAINT; Schema: public; Owner: postgres
--

ALTER TABLE ONLY public."BaseActuatorParam"
    ADD CONSTRAINT "PK_BaseActuatorParam" PRIMARY KEY ("Id");


--
-- Name: BaseActuatorTypes PK_BaseActuatorTypes; Type: CONSTRAINT; Schema: public; Owner: postgres
--

ALTER TABLE ONLY public."BaseActuatorTypes"
    ADD CONSTRAINT "PK_BaseActuatorTypes" PRIMARY KEY ("Id");


--
-- Name: BaseActuators PK_BaseActuators; Type: CONSTRAINT; Schema: public; Owner: postgres
--

ALTER TABLE ONLY public."BaseActuators"
    ADD CONSTRAINT "PK_BaseActuators" PRIMARY KEY ("Id");


--
-- Name: CauseResults PK_CauseResults; Type: CONSTRAINT; Schema: public; Owner: postgres
--

ALTER TABLE ONLY public."CauseResults"
    ADD CONSTRAINT "PK_CauseResults" PRIMARY KEY ("Id");


--
-- Name: Causes PK_Causes; Type: CONSTRAINT; Schema: public; Owner: postgres
--

ALTER TABLE ONLY public."Causes"
    ADD CONSTRAINT "PK_Causes" PRIMARY KEY ("Id");


--
-- Name: CeMatrices PK_CeMatrices; Type: CONSTRAINT; Schema: public; Owner: postgres
--

ALTER TABLE ONLY public."CeMatrices"
    ADD CONSTRAINT "PK_CeMatrices" PRIMARY KEY ("Id");


--
-- Name: CeMatrixResuls PK_CeMatrixResuls; Type: CONSTRAINT; Schema: public; Owner: postgres
--

ALTER TABLE ONLY public."CeMatrixResuls"
    ADD CONSTRAINT "PK_CeMatrixResuls" PRIMARY KEY ("Id");


--
-- Name: DbFile PK_DbFile; Type: CONSTRAINT; Schema: public; Owner: postgres
--

ALTER TABLE ONLY public."DbFile"
    ADD CONSTRAINT "PK_DbFile" PRIMARY KEY ("Id");


--
-- Name: EffectResults PK_EffectResults; Type: CONSTRAINT; Schema: public; Owner: postgres
--

ALTER TABLE ONLY public."EffectResults"
    ADD CONSTRAINT "PK_EffectResults" PRIMARY KEY ("Id");


--
-- Name: Effects PK_Effects; Type: CONSTRAINT; Schema: public; Owner: postgres
--

ALTER TABLE ONLY public."Effects"
    ADD CONSTRAINT "PK_Effects" PRIMARY KEY ("Id");


--
-- Name: EngineeringUnits PK_EngineeringUnits; Type: CONSTRAINT; Schema: public; Owner: postgres
--

ALTER TABLE ONLY public."EngineeringUnits"
    ADD CONSTRAINT "PK_EngineeringUnits" PRIMARY KEY ("Id");


--
-- Name: Intersection PK_Intersection; Type: CONSTRAINT; Schema: public; Owner: postgres
--

ALTER TABLE ONLY public."Intersection"
    ADD CONSTRAINT "PK_Intersection" PRIMARY KEY ("Id");


--
-- Name: IntersectionResult PK_IntersectionResult; Type: CONSTRAINT; Schema: public; Owner: postgres
--

ALTER TABLE ONLY public."IntersectionResult"
    ADD CONSTRAINT "PK_IntersectionResult" PRIMARY KEY ("Id");


--
-- Name: Jobs PK_Jobs; Type: CONSTRAINT; Schema: public; Owner: postgres
--

ALTER TABLE ONLY public."Jobs"
    ADD CONSTRAINT "PK_Jobs" PRIMARY KEY ("Id");


--
-- Name: Offices PK_Offices; Type: CONSTRAINT; Schema: public; Owner: postgres
--

ALTER TABLE ONLY public."Offices"
    ADD CONSTRAINT "PK_Offices" PRIMARY KEY ("Id");


--
-- Name: ProjectVersion PK_ProjectVersion; Type: CONSTRAINT; Schema: public; Owner: postgres
--

ALTER TABLE ONLY public."ProjectVersion"
    ADD CONSTRAINT "PK_ProjectVersion" PRIMARY KEY ("Id");


--
-- Name: Projects PK_Projects; Type: CONSTRAINT; Schema: public; Owner: postgres
--

ALTER TABLE ONLY public."Projects"
    ADD CONSTRAINT "PK_Projects" PRIMARY KEY ("Id");


--
-- Name: ResultEvent PK_ResultEvent; Type: CONSTRAINT; Schema: public; Owner: postgres
--

ALTER TABLE ONLY public."ResultEvent"
    ADD CONSTRAINT "PK_ResultEvent" PRIMARY KEY ("Id");


--
-- Name: Results PK_Results; Type: CONSTRAINT; Schema: public; Owner: postgres
--

ALTER TABLE ONLY public."Results"
    ADD CONSTRAINT "PK_Results" PRIMARY KEY ("Id");


--
-- Name: Section PK_Section; Type: CONSTRAINT; Schema: public; Owner: postgres
--

ALTER TABLE ONLY public."Section"
    ADD CONSTRAINT "PK_Section" PRIMARY KEY ("Id");


--
-- Name: SimUsers PK_SimUsers; Type: CONSTRAINT; Schema: public; Owner: postgres
--

ALTER TABLE ONLY public."SimUsers"
    ADD CONSTRAINT "PK_SimUsers" PRIMARY KEY ("Id");


--
-- Name: StandardParam PK_StandardParam; Type: CONSTRAINT; Schema: public; Owner: postgres
--

ALTER TABLE ONLY public."StandardParam"
    ADD CONSTRAINT "PK_StandardParam" PRIMARY KEY ("Id");


--
-- Name: SubCause PK_SubCause; Type: CONSTRAINT; Schema: public; Owner: postgres
--

ALTER TABLE ONLY public."SubCause"
    ADD CONSTRAINT "PK_SubCause" PRIMARY KEY ("Id");


--
-- Name: SubCauseResult PK_SubCauseResult; Type: CONSTRAINT; Schema: public; Owner: postgres
--

ALTER TABLE ONLY public."SubCauseResult"
    ADD CONSTRAINT "PK_SubCauseResult" PRIMARY KEY ("Id");


--
-- Name: TagCondition PK_TagCondition; Type: CONSTRAINT; Schema: public; Owner: postgres
--

ALTER TABLE ONLY public."TagCondition"
    ADD CONSTRAINT "PK_TagCondition" PRIMARY KEY ("Id");


--
-- Name: TagConditionElementNames PK_TagConditionElementNames; Type: CONSTRAINT; Schema: public; Owner: postgres
--

ALTER TABLE ONLY public."TagConditionElementNames"
    ADD CONSTRAINT "PK_TagConditionElementNames" PRIMARY KEY ("Id");


--
-- Name: TagEvent PK_TagEvent; Type: CONSTRAINT; Schema: public; Owner: postgres
--

ALTER TABLE ONLY public."TagEvent"
    ADD CONSTRAINT "PK_TagEvent" PRIMARY KEY ("Id");


--
-- Name: TagParam PK_TagParam; Type: CONSTRAINT; Schema: public; Owner: postgres
--

ALTER TABLE ONLY public."TagParam"
    ADD CONSTRAINT "PK_TagParam" PRIMARY KEY ("Id");


--
-- Name: Tags PK_Tags; Type: CONSTRAINT; Schema: public; Owner: postgres
--

ALTER TABLE ONLY public."Tags"
    ADD CONSTRAINT "PK_Tags" PRIMARY KEY ("Id");


--
-- Name: UnitEvents PK_UnitEvents; Type: CONSTRAINT; Schema: public; Owner: postgres
--

ALTER TABLE ONLY public."UnitEvents"
    ADD CONSTRAINT "PK_UnitEvents" PRIMARY KEY ("Id");


--
-- Name: UnitEventsIntervals PK_UnitEventsIntervals; Type: CONSTRAINT; Schema: public; Owner: postgres
--

ALTER TABLE ONLY public."UnitEventsIntervals"
    ADD CONSTRAINT "PK_UnitEventsIntervals" PRIMARY KEY ("Id");


--
-- Name: Units PK_Units; Type: CONSTRAINT; Schema: public; Owner: postgres
--

ALTER TABLE ONLY public."Units"
    ADD CONSTRAINT "PK_Units" PRIMARY KEY ("Id");


--
-- Name: IX_ActuatorParam_TagId; Type: INDEX; Schema: public; Owner: postgres
--

CREATE INDEX "IX_ActuatorParam_TagId" ON public."ActuatorParam" USING btree ("TagId");


--
-- Name: IX_BaseActuatorParam_BaseActuatorId; Type: INDEX; Schema: public; Owner: postgres
--

CREATE INDEX "IX_BaseActuatorParam_BaseActuatorId" ON public."BaseActuatorParam" USING btree ("BaseActuatorId");


--
-- Name: IX_BaseActuators_BaseActuatorTypeId; Type: INDEX; Schema: public; Owner: postgres
--

CREATE INDEX "IX_BaseActuators_BaseActuatorTypeId" ON public."BaseActuators" USING btree ("BaseActuatorTypeId");


--
-- Name: IX_BaseActuators_ProjectId; Type: INDEX; Schema: public; Owner: postgres
--

CREATE INDEX "IX_BaseActuators_ProjectId" ON public."BaseActuators" USING btree ("ProjectId");


--
-- Name: IX_CauseResults_CeMatrixResultId; Type: INDEX; Schema: public; Owner: postgres
--

CREATE INDEX "IX_CauseResults_CeMatrixResultId" ON public."CauseResults" USING btree ("CeMatrixResultId");


--
-- Name: IX_Causes_CeMatrixId; Type: INDEX; Schema: public; Owner: postgres
--

CREATE INDEX "IX_Causes_CeMatrixId" ON public."Causes" USING btree ("CeMatrixId");


--
-- Name: IX_CeMatrices_ProjectId; Type: INDEX; Schema: public; Owner: postgres
--

CREATE INDEX "IX_CeMatrices_ProjectId" ON public."CeMatrices" USING btree ("ProjectId");


--
-- Name: IX_CeMatrixResuls_ResultId; Type: INDEX; Schema: public; Owner: postgres
--

CREATE INDEX "IX_CeMatrixResuls_ResultId" ON public."CeMatrixResuls" USING btree ("ResultId");


--
-- Name: IX_DbFile_ProjectVersionId; Type: INDEX; Schema: public; Owner: postgres
--

CREATE INDEX "IX_DbFile_ProjectVersionId" ON public."DbFile" USING btree ("ProjectVersionId");


--
-- Name: IX_EffectResults_CeMatrixResultId; Type: INDEX; Schema: public; Owner: postgres
--

CREATE INDEX "IX_EffectResults_CeMatrixResultId" ON public."EffectResults" USING btree ("CeMatrixResultId");


--
-- Name: IX_Effects_CeMatrixId; Type: INDEX; Schema: public; Owner: postgres
--

CREATE INDEX "IX_Effects_CeMatrixId" ON public."Effects" USING btree ("CeMatrixId");


--
-- Name: IX_IntersectionResult_CauseResultId; Type: INDEX; Schema: public; Owner: postgres
--

CREATE INDEX "IX_IntersectionResult_CauseResultId" ON public."IntersectionResult" USING btree ("CauseResultId");


--
-- Name: IX_IntersectionResult_CeMatrixResultId; Type: INDEX; Schema: public; Owner: postgres
--

CREATE INDEX "IX_IntersectionResult_CeMatrixResultId" ON public."IntersectionResult" USING btree ("CeMatrixResultId");


--
-- Name: IX_IntersectionResult_EffectResultId; Type: INDEX; Schema: public; Owner: postgres
--

CREATE INDEX "IX_IntersectionResult_EffectResultId" ON public."IntersectionResult" USING btree ("EffectResultId");


--
-- Name: IX_Intersection_CauseId; Type: INDEX; Schema: public; Owner: postgres
--

CREATE INDEX "IX_Intersection_CauseId" ON public."Intersection" USING btree ("CauseId");


--
-- Name: IX_Intersection_CeMatrixId; Type: INDEX; Schema: public; Owner: postgres
--

CREATE INDEX "IX_Intersection_CeMatrixId" ON public."Intersection" USING btree ("CeMatrixId");


--
-- Name: IX_Intersection_EffectId; Type: INDEX; Schema: public; Owner: postgres
--

CREATE INDEX "IX_Intersection_EffectId" ON public."Intersection" USING btree ("EffectId");


--
-- Name: IX_ProjectVersion_ProjectId; Type: INDEX; Schema: public; Owner: postgres
--

CREATE INDEX "IX_ProjectVersion_ProjectId" ON public."ProjectVersion" USING btree ("ProjectId");


--
-- Name: IX_Projects_ActiveProjectVersionId; Type: INDEX; Schema: public; Owner: postgres
--

CREATE INDEX "IX_Projects_ActiveProjectVersionId" ON public."Projects" USING btree ("ActiveProjectVersionId");


--
-- Name: IX_Projects_UnitId; Type: INDEX; Schema: public; Owner: postgres
--

CREATE INDEX "IX_Projects_UnitId" ON public."Projects" USING btree ("UnitId");


--
-- Name: IX_ResultEvent_ResultId; Type: INDEX; Schema: public; Owner: postgres
--

CREATE INDEX "IX_ResultEvent_ResultId" ON public."ResultEvent" USING btree ("ResultId");


--
-- Name: IX_Results_UnitId; Type: INDEX; Schema: public; Owner: postgres
--

CREATE INDEX "IX_Results_UnitId" ON public."Results" USING btree ("UnitId");


--
-- Name: IX_Section_ParentSectionId; Type: INDEX; Schema: public; Owner: postgres
--

CREATE INDEX "IX_Section_ParentSectionId" ON public."Section" USING btree ("ParentSectionId");


--
-- Name: IX_Section_UnitId; Type: INDEX; Schema: public; Owner: postgres
--

CREATE INDEX "IX_Section_UnitId" ON public."Section" USING btree ("UnitId");


--
-- Name: IX_SimUsers_OfficeId; Type: INDEX; Schema: public; Owner: postgres
--

CREATE INDEX "IX_SimUsers_OfficeId" ON public."SimUsers" USING btree ("OfficeId");


--
-- Name: IX_StandardParam_BaseActuatorTypeId; Type: INDEX; Schema: public; Owner: postgres
--

CREATE INDEX "IX_StandardParam_BaseActuatorTypeId" ON public."StandardParam" USING btree ("BaseActuatorTypeId");


--
-- Name: IX_SubCauseResult_CauseResultId; Type: INDEX; Schema: public; Owner: postgres
--

CREATE INDEX "IX_SubCauseResult_CauseResultId" ON public."SubCauseResult" USING btree ("CauseResultId");


--
-- Name: IX_SubCause_CauseId; Type: INDEX; Schema: public; Owner: postgres
--

CREATE INDEX "IX_SubCause_CauseId" ON public."SubCause" USING btree ("CauseId");


--
-- Name: IX_TagCondition_TagId; Type: INDEX; Schema: public; Owner: postgres
--

CREATE INDEX "IX_TagCondition_TagId" ON public."TagCondition" USING btree ("TagId");


--
-- Name: IX_TagEvent_TagId; Type: INDEX; Schema: public; Owner: postgres
--

CREATE INDEX "IX_TagEvent_TagId" ON public."TagEvent" USING btree ("TagId");


--
-- Name: IX_TagParam_TagId; Type: INDEX; Schema: public; Owner: postgres
--

CREATE INDEX "IX_TagParam_TagId" ON public."TagParam" USING btree ("TagId");


--
-- Name: IX_Tags_BaseActuatorId; Type: INDEX; Schema: public; Owner: postgres
--

CREATE INDEX "IX_Tags_BaseActuatorId" ON public."Tags" USING btree ("BaseActuatorId");


--
-- Name: IX_Tags_ProjectId; Type: INDEX; Schema: public; Owner: postgres
--

CREATE INDEX "IX_Tags_ProjectId" ON public."Tags" USING btree ("ProjectId");


--
-- Name: IX_Tags_TagName; Type: INDEX; Schema: public; Owner: postgres
--

CREATE INDEX "IX_Tags_TagName" ON public."Tags" USING btree ("TagName");


--
-- Name: IX_UnitEventsIntervals_UnitId; Type: INDEX; Schema: public; Owner: postgres
--

CREATE INDEX "IX_UnitEventsIntervals_UnitId" ON public."UnitEventsIntervals" USING btree ("UnitId");


--
-- Name: IX_UnitEvents_UnitEventsIntervalId; Type: INDEX; Schema: public; Owner: postgres
--

CREATE INDEX "IX_UnitEvents_UnitEventsIntervalId" ON public."UnitEvents" USING btree ("UnitEventsIntervalId");


--
-- Name: IX_Units_ActiveProjectId; Type: INDEX; Schema: public; Owner: postgres
--

CREATE INDEX "IX_Units_ActiveProjectId" ON public."Units" USING btree ("ActiveProjectId");


--
-- Name: ActuatorParam FK_ActuatorParam_Tags_TagId; Type: FK CONSTRAINT; Schema: public; Owner: postgres
--

ALTER TABLE ONLY public."ActuatorParam"
    ADD CONSTRAINT "FK_ActuatorParam_Tags_TagId" FOREIGN KEY ("TagId") REFERENCES public."Tags"("Id") ON DELETE CASCADE;


--
-- Name: BaseActuatorParam FK_BaseActuatorParam_BaseActuators_BaseActuatorId; Type: FK CONSTRAINT; Schema: public; Owner: postgres
--

ALTER TABLE ONLY public."BaseActuatorParam"
    ADD CONSTRAINT "FK_BaseActuatorParam_BaseActuators_BaseActuatorId" FOREIGN KEY ("BaseActuatorId") REFERENCES public."BaseActuators"("Id") ON DELETE CASCADE;


--
-- Name: BaseActuators FK_BaseActuators_BaseActuatorTypes_BaseActuatorTypeId; Type: FK CONSTRAINT; Schema: public; Owner: postgres
--

ALTER TABLE ONLY public."BaseActuators"
    ADD CONSTRAINT "FK_BaseActuators_BaseActuatorTypes_BaseActuatorTypeId" FOREIGN KEY ("BaseActuatorTypeId") REFERENCES public."BaseActuatorTypes"("Id") ON DELETE CASCADE;


--
-- Name: BaseActuators FK_BaseActuators_Projects_ProjectId; Type: FK CONSTRAINT; Schema: public; Owner: postgres
--

ALTER TABLE ONLY public."BaseActuators"
    ADD CONSTRAINT "FK_BaseActuators_Projects_ProjectId" FOREIGN KEY ("ProjectId") REFERENCES public."Projects"("Id") ON DELETE CASCADE;


--
-- Name: CauseResults FK_CauseResults_CeMatrixResuls_CeMatrixResultId; Type: FK CONSTRAINT; Schema: public; Owner: postgres
--

ALTER TABLE ONLY public."CauseResults"
    ADD CONSTRAINT "FK_CauseResults_CeMatrixResuls_CeMatrixResultId" FOREIGN KEY ("CeMatrixResultId") REFERENCES public."CeMatrixResuls"("Id") ON DELETE CASCADE;


--
-- Name: Causes FK_Causes_CeMatrices_CeMatrixId; Type: FK CONSTRAINT; Schema: public; Owner: postgres
--

ALTER TABLE ONLY public."Causes"
    ADD CONSTRAINT "FK_Causes_CeMatrices_CeMatrixId" FOREIGN KEY ("CeMatrixId") REFERENCES public."CeMatrices"("Id") ON DELETE CASCADE;


--
-- Name: CeMatrices FK_CeMatrices_Projects_ProjectId; Type: FK CONSTRAINT; Schema: public; Owner: postgres
--

ALTER TABLE ONLY public."CeMatrices"
    ADD CONSTRAINT "FK_CeMatrices_Projects_ProjectId" FOREIGN KEY ("ProjectId") REFERENCES public."Projects"("Id") ON DELETE CASCADE;


--
-- Name: CeMatrixResuls FK_CeMatrixResuls_Results_ResultId; Type: FK CONSTRAINT; Schema: public; Owner: postgres
--

ALTER TABLE ONLY public."CeMatrixResuls"
    ADD CONSTRAINT "FK_CeMatrixResuls_Results_ResultId" FOREIGN KEY ("ResultId") REFERENCES public."Results"("Id") ON DELETE CASCADE;


--
-- Name: DbFile FK_DbFile_ProjectVersion_ProjectVersionId; Type: FK CONSTRAINT; Schema: public; Owner: postgres
--

ALTER TABLE ONLY public."DbFile"
    ADD CONSTRAINT "FK_DbFile_ProjectVersion_ProjectVersionId" FOREIGN KEY ("ProjectVersionId") REFERENCES public."ProjectVersion"("Id");


--
-- Name: EffectResults FK_EffectResults_CeMatrixResuls_CeMatrixResultId; Type: FK CONSTRAINT; Schema: public; Owner: postgres
--

ALTER TABLE ONLY public."EffectResults"
    ADD CONSTRAINT "FK_EffectResults_CeMatrixResuls_CeMatrixResultId" FOREIGN KEY ("CeMatrixResultId") REFERENCES public."CeMatrixResuls"("Id") ON DELETE CASCADE;


--
-- Name: Effects FK_Effects_CeMatrices_CeMatrixId; Type: FK CONSTRAINT; Schema: public; Owner: postgres
--

ALTER TABLE ONLY public."Effects"
    ADD CONSTRAINT "FK_Effects_CeMatrices_CeMatrixId" FOREIGN KEY ("CeMatrixId") REFERENCES public."CeMatrices"("Id") ON DELETE CASCADE;


--
-- Name: IntersectionResult FK_IntersectionResult_CauseResults_CauseResultId; Type: FK CONSTRAINT; Schema: public; Owner: postgres
--

ALTER TABLE ONLY public."IntersectionResult"
    ADD CONSTRAINT "FK_IntersectionResult_CauseResults_CauseResultId" FOREIGN KEY ("CauseResultId") REFERENCES public."CauseResults"("Id") ON DELETE CASCADE;


--
-- Name: IntersectionResult FK_IntersectionResult_CeMatrixResuls_CeMatrixResultId; Type: FK CONSTRAINT; Schema: public; Owner: postgres
--

ALTER TABLE ONLY public."IntersectionResult"
    ADD CONSTRAINT "FK_IntersectionResult_CeMatrixResuls_CeMatrixResultId" FOREIGN KEY ("CeMatrixResultId") REFERENCES public."CeMatrixResuls"("Id") ON DELETE CASCADE;


--
-- Name: IntersectionResult FK_IntersectionResult_EffectResults_EffectResultId; Type: FK CONSTRAINT; Schema: public; Owner: postgres
--

ALTER TABLE ONLY public."IntersectionResult"
    ADD CONSTRAINT "FK_IntersectionResult_EffectResults_EffectResultId" FOREIGN KEY ("EffectResultId") REFERENCES public."EffectResults"("Id") ON DELETE CASCADE;


--
-- Name: Intersection FK_Intersection_Causes_CauseId; Type: FK CONSTRAINT; Schema: public; Owner: postgres
--

ALTER TABLE ONLY public."Intersection"
    ADD CONSTRAINT "FK_Intersection_Causes_CauseId" FOREIGN KEY ("CauseId") REFERENCES public."Causes"("Id") ON DELETE CASCADE;


--
-- Name: Intersection FK_Intersection_CeMatrices_CeMatrixId; Type: FK CONSTRAINT; Schema: public; Owner: postgres
--

ALTER TABLE ONLY public."Intersection"
    ADD CONSTRAINT "FK_Intersection_CeMatrices_CeMatrixId" FOREIGN KEY ("CeMatrixId") REFERENCES public."CeMatrices"("Id") ON DELETE CASCADE;


--
-- Name: Intersection FK_Intersection_Effects_EffectId; Type: FK CONSTRAINT; Schema: public; Owner: postgres
--

ALTER TABLE ONLY public."Intersection"
    ADD CONSTRAINT "FK_Intersection_Effects_EffectId" FOREIGN KEY ("EffectId") REFERENCES public."Effects"("Id") ON DELETE CASCADE;


--
-- Name: ProjectVersion FK_ProjectVersion_Projects_ProjectId; Type: FK CONSTRAINT; Schema: public; Owner: postgres
--

ALTER TABLE ONLY public."ProjectVersion"
    ADD CONSTRAINT "FK_ProjectVersion_Projects_ProjectId" FOREIGN KEY ("ProjectId") REFERENCES public."Projects"("Id") ON DELETE CASCADE;


--
-- Name: Projects FK_Projects_ProjectVersion_ActiveProjectVersionId; Type: FK CONSTRAINT; Schema: public; Owner: postgres
--

ALTER TABLE ONLY public."Projects"
    ADD CONSTRAINT "FK_Projects_ProjectVersion_ActiveProjectVersionId" FOREIGN KEY ("ActiveProjectVersionId") REFERENCES public."ProjectVersion"("Id");


--
-- Name: Projects FK_Projects_Units_UnitId; Type: FK CONSTRAINT; Schema: public; Owner: postgres
--

ALTER TABLE ONLY public."Projects"
    ADD CONSTRAINT "FK_Projects_Units_UnitId" FOREIGN KEY ("UnitId") REFERENCES public."Units"("Id") ON DELETE CASCADE;


--
-- Name: ResultEvent FK_ResultEvent_Results_ResultId; Type: FK CONSTRAINT; Schema: public; Owner: postgres
--

ALTER TABLE ONLY public."ResultEvent"
    ADD CONSTRAINT "FK_ResultEvent_Results_ResultId" FOREIGN KEY ("ResultId") REFERENCES public."Results"("Id") ON DELETE CASCADE;


--
-- Name: Results FK_Results_Units_UnitId; Type: FK CONSTRAINT; Schema: public; Owner: postgres
--

ALTER TABLE ONLY public."Results"
    ADD CONSTRAINT "FK_Results_Units_UnitId" FOREIGN KEY ("UnitId") REFERENCES public."Units"("Id") ON DELETE CASCADE;


--
-- Name: Section FK_Section_Section_ParentSectionId; Type: FK CONSTRAINT; Schema: public; Owner: postgres
--

ALTER TABLE ONLY public."Section"
    ADD CONSTRAINT "FK_Section_Section_ParentSectionId" FOREIGN KEY ("ParentSectionId") REFERENCES public."Section"("Id");


--
-- Name: Section FK_Section_Units_UnitId; Type: FK CONSTRAINT; Schema: public; Owner: postgres
--

ALTER TABLE ONLY public."Section"
    ADD CONSTRAINT "FK_Section_Units_UnitId" FOREIGN KEY ("UnitId") REFERENCES public."Units"("Id") ON DELETE CASCADE;


--
-- Name: SimUsers FK_SimUsers_Offices_OfficeId; Type: FK CONSTRAINT; Schema: public; Owner: postgres
--

ALTER TABLE ONLY public."SimUsers"
    ADD CONSTRAINT "FK_SimUsers_Offices_OfficeId" FOREIGN KEY ("OfficeId") REFERENCES public."Offices"("Id") ON DELETE CASCADE;


--
-- Name: StandardParam FK_StandardParam_BaseActuatorTypes_BaseActuatorTypeId; Type: FK CONSTRAINT; Schema: public; Owner: postgres
--

ALTER TABLE ONLY public."StandardParam"
    ADD CONSTRAINT "FK_StandardParam_BaseActuatorTypes_BaseActuatorTypeId" FOREIGN KEY ("BaseActuatorTypeId") REFERENCES public."BaseActuatorTypes"("Id");


--
-- Name: SubCauseResult FK_SubCauseResult_CauseResults_CauseResultId; Type: FK CONSTRAINT; Schema: public; Owner: postgres
--

ALTER TABLE ONLY public."SubCauseResult"
    ADD CONSTRAINT "FK_SubCauseResult_CauseResults_CauseResultId" FOREIGN KEY ("CauseResultId") REFERENCES public."CauseResults"("Id") ON DELETE CASCADE;


--
-- Name: SubCause FK_SubCause_Causes_CauseId; Type: FK CONSTRAINT; Schema: public; Owner: postgres
--

ALTER TABLE ONLY public."SubCause"
    ADD CONSTRAINT "FK_SubCause_Causes_CauseId" FOREIGN KEY ("CauseId") REFERENCES public."Causes"("Id") ON DELETE CASCADE;


--
-- Name: TagCondition FK_TagCondition_Tags_TagId; Type: FK CONSTRAINT; Schema: public; Owner: postgres
--

ALTER TABLE ONLY public."TagCondition"
    ADD CONSTRAINT "FK_TagCondition_Tags_TagId" FOREIGN KEY ("TagId") REFERENCES public."Tags"("Id") ON DELETE CASCADE;


--
-- Name: TagEvent FK_TagEvent_Tags_TagId; Type: FK CONSTRAINT; Schema: public; Owner: postgres
--

ALTER TABLE ONLY public."TagEvent"
    ADD CONSTRAINT "FK_TagEvent_Tags_TagId" FOREIGN KEY ("TagId") REFERENCES public."Tags"("Id");


--
-- Name: TagParam FK_TagParam_Tags_TagId; Type: FK CONSTRAINT; Schema: public; Owner: postgres
--

ALTER TABLE ONLY public."TagParam"
    ADD CONSTRAINT "FK_TagParam_Tags_TagId" FOREIGN KEY ("TagId") REFERENCES public."Tags"("Id") ON DELETE CASCADE;


--
-- Name: Tags FK_Tags_BaseActuators_BaseActuatorId; Type: FK CONSTRAINT; Schema: public; Owner: postgres
--

ALTER TABLE ONLY public."Tags"
    ADD CONSTRAINT "FK_Tags_BaseActuators_BaseActuatorId" FOREIGN KEY ("BaseActuatorId") REFERENCES public."BaseActuators"("Id") ON DELETE CASCADE;


--
-- Name: Tags FK_Tags_Projects_ProjectId; Type: FK CONSTRAINT; Schema: public; Owner: postgres
--

ALTER TABLE ONLY public."Tags"
    ADD CONSTRAINT "FK_Tags_Projects_ProjectId" FOREIGN KEY ("ProjectId") REFERENCES public."Projects"("Id") ON DELETE CASCADE;


--
-- Name: UnitEventsIntervals FK_UnitEventsIntervals_Units_UnitId; Type: FK CONSTRAINT; Schema: public; Owner: postgres
--

ALTER TABLE ONLY public."UnitEventsIntervals"
    ADD CONSTRAINT "FK_UnitEventsIntervals_Units_UnitId" FOREIGN KEY ("UnitId") REFERENCES public."Units"("Id") ON DELETE CASCADE;


--
-- Name: UnitEvents FK_UnitEvents_UnitEventsIntervals_UnitEventsIntervalId; Type: FK CONSTRAINT; Schema: public; Owner: postgres
--

ALTER TABLE ONLY public."UnitEvents"
    ADD CONSTRAINT "FK_UnitEvents_UnitEventsIntervals_UnitEventsIntervalId" FOREIGN KEY ("UnitEventsIntervalId") REFERENCES public."UnitEventsIntervals"("Id");


--
-- Name: Units FK_Units_Projects_ActiveProjectId; Type: FK CONSTRAINT; Schema: public; Owner: postgres
--

ALTER TABLE ONLY public."Units"
    ADD CONSTRAINT "FK_Units_Projects_ActiveProjectId" FOREIGN KEY ("ActiveProjectId") REFERENCES public."Projects"("Id");


--
-- PostgreSQL database dump complete
--

