--
-- PostgreSQL database dump
--

-- Dumped from database version 14.2
-- Dumped by pg_dump version 14.2

SET statement_timeout = 0;
SET lock_timeout = 0;
SET idle_in_transaction_session_timeout = 0;
SET client_encoding = 'UTF8';
SET standard_conforming_strings = on;
SELECT pg_catalog.set_config('search_path', '', false);
SET check_function_bodies = false;
SET xmloption = content;
SET client_min_messages = warning;
SET row_security = off;

--
-- Name: case_insensitive_collation; Type: COLLATION; Schema: public; Owner: postgres
--

CREATE COLLATION public.case_insensitive_collation (provider = icu, deterministic = false, locale = 'en-u-ks-primary');


ALTER COLLATION public.case_insensitive_collation OWNER TO postgres;

SET default_tablespace = '';

SET default_table_access_method = heap;

--
-- Name: BaseActuatorTypes; Type: TABLE; Schema: public; Owner: postgres
--

CREATE TABLE public."BaseActuatorTypes" (
    "Id" integer NOT NULL,
    "Type" text NOT NULL,
    "Desc" text NOT NULL
);


ALTER TABLE public."BaseActuatorTypes" OWNER TO postgres;

--
-- Name: BaseActuatorTypes_Id_seq; Type: SEQUENCE; Schema: public; Owner: postgres
--

ALTER TABLE public."BaseActuatorTypes" ALTER COLUMN "Id" ADD GENERATED BY DEFAULT AS IDENTITY (
    SEQUENCE NAME public."BaseActuatorTypes_Id_seq"
    START WITH 1
    INCREMENT BY 1
    NO MINVALUE
    NO MAXVALUE
    CACHE 1
);


--
-- Name: BaseActuators; Type: TABLE; Schema: public; Owner: postgres
--

CREATE TABLE public."BaseActuators" (
    "Id" integer NOT NULL,
    "Title" text NOT NULL,
    "Code" text NOT NULL,
    "Manufacturer" text NOT NULL,
    "Desc" text NOT NULL,
    "BaseActuatorTypeId" integer NOT NULL,
    "ProjectId" integer NOT NULL
);


ALTER TABLE public."BaseActuators" OWNER TO postgres;

--
-- Name: BaseActuators_Id_seq; Type: SEQUENCE; Schema: public; Owner: postgres
--

ALTER TABLE public."BaseActuators" ALTER COLUMN "Id" ADD GENERATED BY DEFAULT AS IDENTITY (
    SEQUENCE NAME public."BaseActuators_Id_seq"
    START WITH 1
    INCREMENT BY 1
    NO MINVALUE
    NO MAXVALUE
    CACHE 1
);


--
-- Name: CauseResults; Type: TABLE; Schema: public; Owner: postgres
--

CREATE TABLE public."CauseResults" (
    "Id" integer NOT NULL,
    "Num" integer NOT NULL,
    "TriggeredTimeUtc" timestamp with time zone,
    "CeMatrixResultId" integer NOT NULL
);


ALTER TABLE public."CauseResults" OWNER TO postgres;

--
-- Name: CauseResults_Id_seq; Type: SEQUENCE; Schema: public; Owner: postgres
--

ALTER TABLE public."CauseResults" ALTER COLUMN "Id" ADD GENERATED BY DEFAULT AS IDENTITY (
    SEQUENCE NAME public."CauseResults_Id_seq"
    START WITH 1
    INCREMENT BY 1
    NO MINVALUE
    NO MAXVALUE
    CACHE 1
);


--
-- Name: Causes; Type: TABLE; Schema: public; Owner: postgres
--

CREATE TABLE public."Causes" (
    "Id" integer NOT NULL,
    "Num" integer NOT NULL,
    "CeMatrixId" integer NOT NULL,
    "_ProposalCreateMessageId" integer,
    "_ProposalCreateTimeUtc" timestamp with time zone,
    "_CreateMessageId" integer,
    "_CreateTimeUtc" timestamp with time zone,
    "_ProposalDeleteMessageId" integer,
    "_ProposalDeleteTimeUtc" timestamp with time zone,
    "_DeleteMessageId" integer,
    "_DeleteDateTimeUtc" timestamp with time zone,
    "_RejectedMessageId" integer,
    "_RejectedDateTimeUtc" timestamp with time zone,
    "IsActive" boolean GENERATED ALWAYS AS ((("_CreateTimeUtc" IS NOT NULL) AND ("_DeleteDateTimeUtc" IS NULL))) STORED
);


ALTER TABLE public."Causes" OWNER TO postgres;

--
-- Name: Causes_Id_seq; Type: SEQUENCE; Schema: public; Owner: postgres
--

ALTER TABLE public."Causes" ALTER COLUMN "Id" ADD GENERATED BY DEFAULT AS IDENTITY (
    SEQUENCE NAME public."Causes_Id_seq"
    START WITH 1
    INCREMENT BY 1
    NO MINVALUE
    NO MAXVALUE
    CACHE 1
);


--
-- Name: CeMatrices; Type: TABLE; Schema: public; Owner: postgres
--

CREATE TABLE public."CeMatrices" (
    "Id" integer NOT NULL,
    "Guid" text NOT NULL,
    "Version" integer NOT NULL,
    "Title" text NOT NULL,
    "Desc" text NOT NULL,
    "Comment" text NOT NULL,
    "Status" text NOT NULL,
    "Source" text NOT NULL,
    "ProjectId" integer NOT NULL,
    "CauseCustomFieldNames" text NOT NULL,
    "EffectCustomFieldNames" text NOT NULL,
    "_ProposalCreateMessageId" integer,
    "_ProposalCreateTimeUtc" timestamp with time zone,
    "_CreateMessageId" integer,
    "_CreateTimeUtc" timestamp with time zone,
    "_ProposalDeleteMessageId" integer,
    "_ProposalDeleteTimeUtc" timestamp with time zone,
    "_DeleteMessageId" integer,
    "_DeleteDateTimeUtc" timestamp with time zone,
    "_RejectedMessageId" integer,
    "_RejectedDateTimeUtc" timestamp with time zone,
    "IsActive" boolean GENERATED ALWAYS AS ((("_CreateTimeUtc" IS NOT NULL) AND ("_DeleteDateTimeUtc" IS NULL))) STORED
);


ALTER TABLE public."CeMatrices" OWNER TO postgres;

--
-- Name: CeMatrices_Id_seq; Type: SEQUENCE; Schema: public; Owner: postgres
--

ALTER TABLE public."CeMatrices" ALTER COLUMN "Id" ADD GENERATED BY DEFAULT AS IDENTITY (
    SEQUENCE NAME public."CeMatrices_Id_seq"
    START WITH 1
    INCREMENT BY 1
    NO MINVALUE
    NO MAXVALUE
    CACHE 1
);


--
-- Name: CeMatrixResuls; Type: TABLE; Schema: public; Owner: postgres
--

CREATE TABLE public."CeMatrixResuls" (
    "Id" integer NOT NULL,
    "CeMatrixGuid" text NOT NULL,
    "CeMatrixVersion" integer NOT NULL,
    "ResultId" integer NOT NULL
);


ALTER TABLE public."CeMatrixResuls" OWNER TO postgres;

--
-- Name: CeMatrixResuls_Id_seq; Type: SEQUENCE; Schema: public; Owner: postgres
--

ALTER TABLE public."CeMatrixResuls" ALTER COLUMN "Id" ADD GENERATED BY DEFAULT AS IDENTITY (
    SEQUENCE NAME public."CeMatrixResuls_Id_seq"
    START WITH 1
    INCREMENT BY 1
    NO MINVALUE
    NO MAXVALUE
    CACHE 1
);


--
-- Name: DbFile; Type: TABLE; Schema: public; Owner: postgres
--

CREATE TABLE public."DbFile" (
    "Id" integer NOT NULL,
    "FileLastWriteTimeUtc" timestamp with time zone NOT NULL,
    "FileDeletionTimeUtc" timestamp with time zone,
    "FileName" text NOT NULL,
    "Data" bytea NOT NULL,
    "VersionMessageId" integer
);


ALTER TABLE public."DbFile" OWNER TO postgres;

--
-- Name: DbFile_Id_seq; Type: SEQUENCE; Schema: public; Owner: postgres
--

ALTER TABLE public."DbFile" ALTER COLUMN "Id" ADD GENERATED BY DEFAULT AS IDENTITY (
    SEQUENCE NAME public."DbFile_Id_seq"
    START WITH 1
    INCREMENT BY 1
    NO MINVALUE
    NO MAXVALUE
    CACHE 1
);


--
-- Name: EffectResults; Type: TABLE; Schema: public; Owner: postgres
--

CREATE TABLE public."EffectResults" (
    "Id" integer NOT NULL,
    "Num" integer NOT NULL,
    "TagName" text NOT NULL,
    "TagConditionString" text NOT NULL,
    "CustomFieldValues" text NOT NULL,
    "TriggeredType" integer NOT NULL,
    "TriggeredTimeUtc" timestamp with time zone,
    "MaxDelayMs" numeric(20,0) NOT NULL,
    "CeMatrixResultId" integer NOT NULL
);


ALTER TABLE public."EffectResults" OWNER TO postgres;

--
-- Name: EffectResults_Id_seq; Type: SEQUENCE; Schema: public; Owner: postgres
--

ALTER TABLE public."EffectResults" ALTER COLUMN "Id" ADD GENERATED BY DEFAULT AS IDENTITY (
    SEQUENCE NAME public."EffectResults_Id_seq"
    START WITH 1
    INCREMENT BY 1
    NO MINVALUE
    NO MAXVALUE
    CACHE 1
);


--
-- Name: Effects; Type: TABLE; Schema: public; Owner: postgres
--

CREATE TABLE public."Effects" (
    "Id" integer NOT NULL,
    "Num" integer NOT NULL,
    "TagName" text NOT NULL,
    "TagConditionString" text NOT NULL,
    "CustomFieldValues" text NOT NULL,
    "CeMatrixId" integer NOT NULL,
    "_ProposalCreateMessageId" integer,
    "_ProposalCreateTimeUtc" timestamp with time zone,
    "_CreateMessageId" integer,
    "_CreateTimeUtc" timestamp with time zone,
    "_ProposalDeleteMessageId" integer,
    "_ProposalDeleteTimeUtc" timestamp with time zone,
    "_DeleteMessageId" integer,
    "_DeleteDateTimeUtc" timestamp with time zone,
    "_RejectedMessageId" integer,
    "_RejectedDateTimeUtc" timestamp with time zone,
    "IsActive" boolean GENERATED ALWAYS AS ((("_CreateTimeUtc" IS NOT NULL) AND ("_DeleteDateTimeUtc" IS NULL))) STORED
);


ALTER TABLE public."Effects" OWNER TO postgres;

--
-- Name: Effects_Id_seq; Type: SEQUENCE; Schema: public; Owner: postgres
--

ALTER TABLE public."Effects" ALTER COLUMN "Id" ADD GENERATED BY DEFAULT AS IDENTITY (
    SEQUENCE NAME public."Effects_Id_seq"
    START WITH 1
    INCREMENT BY 1
    NO MINVALUE
    NO MAXVALUE
    CACHE 1
);


--
-- Name: EngineeringUnits; Type: TABLE; Schema: public; Owner: postgres
--

CREATE TABLE public."EngineeringUnits" (
    "Id" integer NOT NULL,
    "Eu" text NOT NULL,
    "Desc" text NOT NULL
);


ALTER TABLE public."EngineeringUnits" OWNER TO postgres;

--
-- Name: EngineeringUnits_Id_seq; Type: SEQUENCE; Schema: public; Owner: postgres
--

ALTER TABLE public."EngineeringUnits" ALTER COLUMN "Id" ADD GENERATED BY DEFAULT AS IDENTITY (
    SEQUENCE NAME public."EngineeringUnits_Id_seq"
    START WITH 1
    INCREMENT BY 1
    NO MINVALUE
    NO MAXVALUE
    CACHE 1
);


--
-- Name: Intersection; Type: TABLE; Schema: public; Owner: postgres
--

CREATE TABLE public."Intersection" (
    "Id" integer NOT NULL,
    "CauseId" integer NOT NULL,
    "EffectId" integer NOT NULL,
    "CeMatrixId" integer NOT NULL,
    "_ProposalCreateMessageId" integer,
    "_ProposalCreateTimeUtc" timestamp with time zone,
    "_CreateMessageId" integer,
    "_CreateTimeUtc" timestamp with time zone,
    "_ProposalDeleteMessageId" integer,
    "_ProposalDeleteTimeUtc" timestamp with time zone,
    "_DeleteMessageId" integer,
    "_DeleteDateTimeUtc" timestamp with time zone,
    "_RejectedMessageId" integer,
    "_RejectedDateTimeUtc" timestamp with time zone,
    "IsActive" boolean GENERATED ALWAYS AS ((("_CreateTimeUtc" IS NOT NULL) AND ("_DeleteDateTimeUtc" IS NULL))) STORED
);


ALTER TABLE public."Intersection" OWNER TO postgres;

--
-- Name: IntersectionResult; Type: TABLE; Schema: public; Owner: postgres
--

CREATE TABLE public."IntersectionResult" (
    "Id" integer NOT NULL,
    "CauseResultId" integer NOT NULL,
    "EffectResultId" integer NOT NULL,
    "TagConditionString_SymbolToDisplay" text NOT NULL,
    "TriggeredType" integer NOT NULL,
    "CeMatrixResultId" integer NOT NULL
);


ALTER TABLE public."IntersectionResult" OWNER TO postgres;

--
-- Name: IntersectionResult_Id_seq; Type: SEQUENCE; Schema: public; Owner: postgres
--

ALTER TABLE public."IntersectionResult" ALTER COLUMN "Id" ADD GENERATED BY DEFAULT AS IDENTITY (
    SEQUENCE NAME public."IntersectionResult_Id_seq"
    START WITH 1
    INCREMENT BY 1
    NO MINVALUE
    NO MAXVALUE
    CACHE 1
);


--
-- Name: Intersection_Id_seq; Type: SEQUENCE; Schema: public; Owner: postgres
--

ALTER TABLE public."Intersection" ALTER COLUMN "Id" ADD GENERATED BY DEFAULT AS IDENTITY (
    SEQUENCE NAME public."Intersection_Id_seq"
    START WITH 1
    INCREMENT BY 1
    NO MINVALUE
    NO MAXVALUE
    CACHE 1
);


--
-- Name: Jobs; Type: TABLE; Schema: public; Owner: postgres
--

CREATE TABLE public."Jobs" (
    "Id" integer NOT NULL,
    "Guid" text NOT NULL,
    "Name" text NOT NULL,
    "IsSuccess" boolean NOT NULL,
    "Message" text NOT NULL,
    "Status" integer NOT NULL
);


ALTER TABLE public."Jobs" OWNER TO postgres;

--
-- Name: Jobs_Id_seq; Type: SEQUENCE; Schema: public; Owner: postgres
--

ALTER TABLE public."Jobs" ALTER COLUMN "Id" ADD GENERATED BY DEFAULT AS IDENTITY (
    SEQUENCE NAME public."Jobs_Id_seq"
    START WITH 1
    INCREMENT BY 1
    NO MINVALUE
    NO MAXVALUE
    CACHE 1
);


--
-- Name: Offices; Type: TABLE; Schema: public; Owner: postgres
--

CREATE TABLE public."Offices" (
    "Id" integer NOT NULL,
    "Title" text NOT NULL
);


ALTER TABLE public."Offices" OWNER TO postgres;

--
-- Name: Offices_Id_seq; Type: SEQUENCE; Schema: public; Owner: postgres
--

ALTER TABLE public."Offices" ALTER COLUMN "Id" ADD GENERATED BY DEFAULT AS IDENTITY (
    SEQUENCE NAME public."Offices_Id_seq"
    START WITH 1
    INCREMENT BY 1
    NO MINVALUE
    NO MAXVALUE
    CACHE 1
);


--
-- Name: Param; Type: TABLE; Schema: public; Owner: postgres
--

CREATE TABLE public."Param" (
    "Id" integer NOT NULL,
    "ParamName" text NOT NULL,
    "Value" text NOT NULL,
    "Eu" text NOT NULL,
    "Type" text NOT NULL,
    "Desc" text NOT NULL,
    "Discriminator" text NOT NULL,
    "TagId" integer,
    "BaseActuatorId" integer,
    "TagParam_TagId" integer,
    "_ProposalCreateMessageId" integer,
    "_ProposalCreateTimeUtc" timestamp with time zone,
    "_CreateMessageId" integer,
    "_CreateTimeUtc" timestamp with time zone,
    "_ProposalDeleteMessageId" integer,
    "_ProposalDeleteTimeUtc" timestamp with time zone,
    "_DeleteMessageId" integer,
    "_DeleteDateTimeUtc" timestamp with time zone,
    "_RejectedMessageId" integer,
    "_RejectedDateTimeUtc" timestamp with time zone,
    "IsActive" boolean GENERATED ALWAYS AS ((("_CreateTimeUtc" IS NOT NULL) AND ("_DeleteDateTimeUtc" IS NULL))) STORED
);


ALTER TABLE public."Param" OWNER TO postgres;

--
-- Name: Param_Id_seq; Type: SEQUENCE; Schema: public; Owner: postgres
--

ALTER TABLE public."Param" ALTER COLUMN "Id" ADD GENERATED BY DEFAULT AS IDENTITY (
    SEQUENCE NAME public."Param_Id_seq"
    START WITH 1
    INCREMENT BY 1
    NO MINVALUE
    NO MAXVALUE
    CACHE 1
);


--
-- Name: Projects; Type: TABLE; Schema: public; Owner: postgres
--

CREATE TABLE public."Projects" (
    "Id" integer NOT NULL,
    "Guid" text NOT NULL,
    "Title" text NOT NULL,
    "Desc" text NOT NULL,
    "Comment" text NOT NULL,
    "LastChanged" timestamp with time zone NOT NULL,
    "UnitId" integer NOT NULL
);


ALTER TABLE public."Projects" OWNER TO postgres;

--
-- Name: Projects_Id_seq; Type: SEQUENCE; Schema: public; Owner: postgres
--

ALTER TABLE public."Projects" ALTER COLUMN "Id" ADD GENERATED BY DEFAULT AS IDENTITY (
    SEQUENCE NAME public."Projects_Id_seq"
    START WITH 1
    INCREMENT BY 1
    NO MINVALUE
    NO MAXVALUE
    CACHE 1
);


--
-- Name: ResultEvent; Type: TABLE; Schema: public; Owner: postgres
--

CREATE TABLE public."ResultEvent" (
    "Id" integer NOT NULL,
    "Num" integer NOT NULL,
    "TagName" text NOT NULL,
    "Type" integer NOT NULL,
    "TagConditionString" text NOT NULL,
    "TriggeredType" integer NOT NULL,
    "TriggeredTimeUtc" timestamp with time zone NOT NULL,
    "ResultId" integer NOT NULL
);


ALTER TABLE public."ResultEvent" OWNER TO postgres;

--
-- Name: ResultEvent_Id_seq; Type: SEQUENCE; Schema: public; Owner: postgres
--

ALTER TABLE public."ResultEvent" ALTER COLUMN "Id" ADD GENERATED BY DEFAULT AS IDENTITY (
    SEQUENCE NAME public."ResultEvent_Id_seq"
    START WITH 1
    INCREMENT BY 1
    NO MINVALUE
    NO MAXVALUE
    CACHE 1
);


--
-- Name: Results; Type: TABLE; Schema: public; Owner: postgres
--

CREATE TABLE public."Results" (
    "Id" integer NOT NULL,
    "Title" text NOT NULL,
    "Desc" text NOT NULL,
    "Comment" text NOT NULL,
    "AlalyzeTimeUtc" timestamp with time zone NOT NULL,
    "StartTimeUtc" timestamp with time zone NOT NULL,
    "EndTimeUtc" timestamp with time zone NOT NULL,
    "UnitId" integer NOT NULL
);


ALTER TABLE public."Results" OWNER TO postgres;

--
-- Name: Results_Id_seq; Type: SEQUENCE; Schema: public; Owner: postgres
--

ALTER TABLE public."Results" ALTER COLUMN "Id" ADD GENERATED BY DEFAULT AS IDENTITY (
    SEQUENCE NAME public."Results_Id_seq"
    START WITH 1
    INCREMENT BY 1
    NO MINVALUE
    NO MAXVALUE
    CACHE 1
);


--
-- Name: Section; Type: TABLE; Schema: public; Owner: postgres
--

CREATE TABLE public."Section" (
    "Id" integer NOT NULL,
    "Title" text NOT NULL,
    "Level" integer NOT NULL,
    "Calculation" text NOT NULL,
    "ParentSectionId" integer,
    "AlarmLevel" integer NOT NULL,
    "AlarmOpacity" double precision NOT NULL,
    "K" double precision NOT NULL,
    "UnitId" integer NOT NULL
);


ALTER TABLE public."Section" OWNER TO postgres;

--
-- Name: Section_Id_seq; Type: SEQUENCE; Schema: public; Owner: postgres
--

ALTER TABLE public."Section" ALTER COLUMN "Id" ADD GENERATED BY DEFAULT AS IDENTITY (
    SEQUENCE NAME public."Section_Id_seq"
    START WITH 1
    INCREMENT BY 1
    NO MINVALUE
    NO MAXVALUE
    CACHE 1
);


--
-- Name: SimUsers; Type: TABLE; Schema: public; Owner: postgres
--

CREATE TABLE public."SimUsers" (
    "Id" integer NOT NULL,
    "User" text NOT NULL,
    "Password" text NOT NULL,
    "ProviderName" text NOT NULL,
    "ProviderSubjectId" text NOT NULL,
    "IsActive" boolean NOT NULL,
    "FirstName" text NOT NULL,
    "LastName" text NOT NULL,
    "MiddleName" text NOT NULL,
    "PersonnelNumber" text NOT NULL,
    "OfficeId" integer NOT NULL,
    "Role" text NOT NULL
);


ALTER TABLE public."SimUsers" OWNER TO postgres;

--
-- Name: SimUsers_Id_seq; Type: SEQUENCE; Schema: public; Owner: postgres
--

ALTER TABLE public."SimUsers" ALTER COLUMN "Id" ADD GENERATED BY DEFAULT AS IDENTITY (
    SEQUENCE NAME public."SimUsers_Id_seq"
    START WITH 1
    INCREMENT BY 1
    NO MINVALUE
    NO MAXVALUE
    CACHE 1
);


--
-- Name: StandardParam; Type: TABLE; Schema: public; Owner: postgres
--

CREATE TABLE public."StandardParam" (
    "Id" integer NOT NULL,
    "ParamName" text NOT NULL,
    "Type" text NOT NULL,
    "Desc" text NOT NULL,
    "BaseActuatorTypeId" integer
);


ALTER TABLE public."StandardParam" OWNER TO postgres;

--
-- Name: StandardParam_Id_seq; Type: SEQUENCE; Schema: public; Owner: postgres
--

ALTER TABLE public."StandardParam" ALTER COLUMN "Id" ADD GENERATED BY DEFAULT AS IDENTITY (
    SEQUENCE NAME public."StandardParam_Id_seq"
    START WITH 1
    INCREMENT BY 1
    NO MINVALUE
    NO MAXVALUE
    CACHE 1
);


--
-- Name: SubCause; Type: TABLE; Schema: public; Owner: postgres
--

CREATE TABLE public."SubCause" (
    "Id" integer NOT NULL,
    "Num" integer NOT NULL,
    "TagName" text NOT NULL,
    "TagConditionString" text NOT NULL,
    "CustomFieldValues" text NOT NULL,
    "CauseId" integer NOT NULL,
    "_ProposalCreateMessageId" integer,
    "_ProposalCreateTimeUtc" timestamp with time zone,
    "_CreateMessageId" integer,
    "_CreateTimeUtc" timestamp with time zone,
    "_ProposalDeleteMessageId" integer,
    "_ProposalDeleteTimeUtc" timestamp with time zone,
    "_DeleteMessageId" integer,
    "_DeleteDateTimeUtc" timestamp with time zone,
    "_RejectedMessageId" integer,
    "_RejectedDateTimeUtc" timestamp with time zone,
    "IsActive" boolean GENERATED ALWAYS AS ((("_CreateTimeUtc" IS NOT NULL) AND ("_DeleteDateTimeUtc" IS NULL))) STORED
);


ALTER TABLE public."SubCause" OWNER TO postgres;

--
-- Name: SubCauseResult; Type: TABLE; Schema: public; Owner: postgres
--

CREATE TABLE public."SubCauseResult" (
    "Id" integer NOT NULL,
    "Num" integer NOT NULL,
    "TagName" text NOT NULL,
    "TagConditionString" text NOT NULL,
    "CustomFieldValues" text NOT NULL,
    "TriggeredTimeUtc" timestamp with time zone,
    "CauseResultId" integer NOT NULL
);


ALTER TABLE public."SubCauseResult" OWNER TO postgres;

--
-- Name: SubCauseResult_Id_seq; Type: SEQUENCE; Schema: public; Owner: postgres
--

ALTER TABLE public."SubCauseResult" ALTER COLUMN "Id" ADD GENERATED BY DEFAULT AS IDENTITY (
    SEQUENCE NAME public."SubCauseResult_Id_seq"
    START WITH 1
    INCREMENT BY 1
    NO MINVALUE
    NO MAXVALUE
    CACHE 1
);


--
-- Name: SubCause_Id_seq; Type: SEQUENCE; Schema: public; Owner: postgres
--

ALTER TABLE public."SubCause" ALTER COLUMN "Id" ADD GENERATED BY DEFAULT AS IDENTITY (
    SEQUENCE NAME public."SubCause_Id_seq"
    START WITH 1
    INCREMENT BY 1
    NO MINVALUE
    NO MAXVALUE
    CACHE 1
);


--
-- Name: TagCondition; Type: TABLE; Schema: public; Owner: postgres
--

CREATE TABLE public."TagCondition" (
    "Id" integer NOT NULL,
    "Identifier" text NOT NULL,
    "MathOperator" text NOT NULL,
    "Value" text NOT NULL,
    "SymbolToDisplay" text NOT NULL,
    "TagId" integer NOT NULL,
    "_ProposalCreateMessageId" integer,
    "_ProposalCreateTimeUtc" timestamp with time zone,
    "_CreateMessageId" integer,
    "_CreateTimeUtc" timestamp with time zone,
    "_ProposalDeleteMessageId" integer,
    "_ProposalDeleteTimeUtc" timestamp with time zone,
    "_DeleteMessageId" integer,
    "_DeleteDateTimeUtc" timestamp with time zone,
    "_RejectedMessageId" integer,
    "_RejectedDateTimeUtc" timestamp with time zone,
    "IsActive" boolean GENERATED ALWAYS AS ((("_CreateTimeUtc" IS NOT NULL) AND ("_DeleteDateTimeUtc" IS NULL))) STORED
);


ALTER TABLE public."TagCondition" OWNER TO postgres;

--
-- Name: TagConditionElementNames; Type: TABLE; Schema: public; Owner: postgres
--

CREATE TABLE public."TagConditionElementNames" (
    "Id" integer NOT NULL,
    "Identifier" text NOT NULL,
    "Type" text NOT NULL,
    "Desc" text NOT NULL
);


ALTER TABLE public."TagConditionElementNames" OWNER TO postgres;

--
-- Name: TagConditionElementNames_Id_seq; Type: SEQUENCE; Schema: public; Owner: postgres
--

ALTER TABLE public."TagConditionElementNames" ALTER COLUMN "Id" ADD GENERATED BY DEFAULT AS IDENTITY (
    SEQUENCE NAME public."TagConditionElementNames_Id_seq"
    START WITH 1
    INCREMENT BY 1
    NO MINVALUE
    NO MAXVALUE
    CACHE 1
);


--
-- Name: TagCondition_Id_seq; Type: SEQUENCE; Schema: public; Owner: postgres
--

ALTER TABLE public."TagCondition" ALTER COLUMN "Id" ADD GENERATED BY DEFAULT AS IDENTITY (
    SEQUENCE NAME public."TagCondition_Id_seq"
    START WITH 1
    INCREMENT BY 1
    NO MINVALUE
    NO MAXVALUE
    CACHE 1
);


--
-- Name: TagEvent; Type: TABLE; Schema: public; Owner: postgres
--

CREATE TABLE public."TagEvent" (
    "Id" integer NOT NULL,
    "EventTimeUtc" timestamp with time zone NOT NULL,
    "Value" text NOT NULL,
    "TagId" integer
);


ALTER TABLE public."TagEvent" OWNER TO postgres;

--
-- Name: TagEvent_Id_seq; Type: SEQUENCE; Schema: public; Owner: postgres
--

ALTER TABLE public."TagEvent" ALTER COLUMN "Id" ADD GENERATED BY DEFAULT AS IDENTITY (
    SEQUENCE NAME public."TagEvent_Id_seq"
    START WITH 1
    INCREMENT BY 1
    NO MINVALUE
    NO MAXVALUE
    CACHE 1
);


--
-- Name: Tags; Type: TABLE; Schema: public; Owner: postgres
--

CREATE TABLE public."Tags" (
    "Id" integer NOT NULL,
    "TagName" text NOT NULL COLLATE public.case_insensitive_collation,
    "Desc" text NOT NULL,
    "BaseActuatorId" integer NOT NULL,
    "ProjectId" integer NOT NULL,
    "_ProposalCreateMessageId" integer,
    "_ProposalCreateTimeUtc" timestamp with time zone,
    "_CreateMessageId" integer,
    "_CreateTimeUtc" timestamp with time zone,
    "_ProposalDeleteMessageId" integer,
    "_ProposalDeleteTimeUtc" timestamp with time zone,
    "_DeleteMessageId" integer,
    "_DeleteDateTimeUtc" timestamp with time zone,
    "_RejectedMessageId" integer,
    "_RejectedDateTimeUtc" timestamp with time zone,
    "IsActive" boolean GENERATED ALWAYS AS ((("_CreateTimeUtc" IS NOT NULL) AND ("_DeleteDateTimeUtc" IS NULL))) STORED
);


ALTER TABLE public."Tags" OWNER TO postgres;

--
-- Name: Tags_Id_seq; Type: SEQUENCE; Schema: public; Owner: postgres
--

ALTER TABLE public."Tags" ALTER COLUMN "Id" ADD GENERATED BY DEFAULT AS IDENTITY (
    SEQUENCE NAME public."Tags_Id_seq"
    START WITH 1
    INCREMENT BY 1
    NO MINVALUE
    NO MAXVALUE
    CACHE 1
);


--
-- Name: UnitEvents; Type: TABLE; Schema: public; Owner: postgres
--

CREATE TABLE public."UnitEvents" (
    "Id" integer NOT NULL,
    "EventTimeUtc" timestamp with time zone NOT NULL,
    "TagName" text NOT NULL,
    "TagConditionString" text NOT NULL,
    "ConditionIsActive" boolean NOT NULL,
    "EventSource" text NOT NULL,
    "OriginalEvent" text NOT NULL,
    "UnitEventsIntervalId" integer
);


ALTER TABLE public."UnitEvents" OWNER TO postgres;

--
-- Name: UnitEventsIntervals; Type: TABLE; Schema: public; Owner: postgres
--

CREATE TABLE public."UnitEventsIntervals" (
    "Id" integer NOT NULL,
    "Title" text NOT NULL,
    "StartTimeUtc" timestamp with time zone NOT NULL,
    "EndTimeUtc" timestamp with time zone NOT NULL,
    "UnitId" integer NOT NULL
);


ALTER TABLE public."UnitEventsIntervals" OWNER TO postgres;

--
-- Name: UnitEventsIntervals_Id_seq; Type: SEQUENCE; Schema: public; Owner: postgres
--

ALTER TABLE public."UnitEventsIntervals" ALTER COLUMN "Id" ADD GENERATED BY DEFAULT AS IDENTITY (
    SEQUENCE NAME public."UnitEventsIntervals_Id_seq"
    START WITH 1
    INCREMENT BY 1
    NO MINVALUE
    NO MAXVALUE
    CACHE 1
);


--
-- Name: UnitEvents_Id_seq; Type: SEQUENCE; Schema: public; Owner: postgres
--

ALTER TABLE public."UnitEvents" ALTER COLUMN "Id" ADD GENERATED BY DEFAULT AS IDENTITY (
    SEQUENCE NAME public."UnitEvents_Id_seq"
    START WITH 1
    INCREMENT BY 1
    NO MINVALUE
    NO MAXVALUE
    CACHE 1
);


--
-- Name: Units; Type: TABLE; Schema: public; Owner: postgres
--

CREATE TABLE public."Units" (
    "Id" integer NOT NULL,
    "Title" text NOT NULL,
    "Desc" text NOT NULL,
    "ActiveProjectId" integer
);


ALTER TABLE public."Units" OWNER TO postgres;

--
-- Name: Units_Id_seq; Type: SEQUENCE; Schema: public; Owner: postgres
--

ALTER TABLE public."Units" ALTER COLUMN "Id" ADD GENERATED BY DEFAULT AS IDENTITY (
    SEQUENCE NAME public."Units_Id_seq"
    START WITH 1
    INCREMENT BY 1
    NO MINVALUE
    NO MAXVALUE
    CACHE 1
);


--
-- Name: VersionMessage; Type: TABLE; Schema: public; Owner: postgres
--

CREATE TABLE public."VersionMessage" (
    "Id" integer NOT NULL,
    "User" text NOT NULL,
    "Message" text NOT NULL
);


ALTER TABLE public."VersionMessage" OWNER TO postgres;

--
-- Name: VersionMessage_Id_seq; Type: SEQUENCE; Schema: public; Owner: postgres
--

ALTER TABLE public."VersionMessage" ALTER COLUMN "Id" ADD GENERATED BY DEFAULT AS IDENTITY (
    SEQUENCE NAME public."VersionMessage_Id_seq"
    START WITH 1
    INCREMENT BY 1
    NO MINVALUE
    NO MAXVALUE
    CACHE 1
);


--
-- Data for Name: BaseActuatorTypes; Type: TABLE DATA; Schema: public; Owner: postgres
--

COPY public."BaseActuatorTypes" ("Id", "Type", "Desc") FROM stdin;
1		
2	Отсечной клапан	
3	Насос	
\.


--
-- Data for Name: BaseActuators; Type: TABLE DATA; Schema: public; Owner: postgres
--

COPY public."BaseActuators" ("Id", "Title", "Code", "Manufacturer", "Desc", "BaseActuatorTypeId", "ProjectId") FROM stdin;
1	Нет исполнительного механизма				1	1
2	Отсечной клапан V202	V202	Honeywell		2	1
3	Насос P2K3	P2K3	Honeywell		3	1
\.


--
-- Data for Name: CauseResults; Type: TABLE DATA; Schema: public; Owner: postgres
--

COPY public."CauseResults" ("Id", "Num", "TriggeredTimeUtc", "CeMatrixResultId") FROM stdin;
1	1	2021-06-10 06:38:29.462+03	1
2	2	2021-06-10 06:43:24.662+03	1
3	3	\N	1
4	4	2021-06-10 06:43:24.062+03	1
5	5	\N	1
6	6	\N	1
7	7	\N	1
8	8	\N	1
9	9	2021-06-10 06:38:28.462+03	1
10	10	\N	1
11	11	\N	1
12	12	\N	1
13	13	\N	1
14	14	\N	1
15	15	\N	1
16	16	\N	1
17	17	\N	1
18	18	\N	1
19	19	\N	1
20	20	\N	1
21	21	\N	1
22	22	\N	1
23	23	\N	1
24	24	\N	1
25	25	\N	1
26	26	2021-06-10 06:41:49.062+03	1
27	27	\N	1
28	28	\N	1
29	29	\N	1
30	30	\N	1
31	31	\N	1
32	32	\N	1
33	33	\N	1
34	34	\N	1
35	35	\N	1
36	36	\N	1
37	37	\N	1
38	38	2021-06-10 06:40:01.562+03	1
39	39	2021-06-10 06:38:28.462+03	1
40	1	2021-06-10 06:38:29.462+03	2
41	2	2021-06-10 06:38:29.462+03	2
42	3	2021-06-10 06:38:29.462+03	2
43	4	2021-06-10 06:38:29.462+03	2
44	5	2021-06-10 06:38:29.462+03	2
45	6	2021-06-10 06:42:22.162+03	2
46	7	2021-06-10 06:42:22.162+03	2
47	8	2021-06-10 06:42:22.162+03	2
48	9	2021-06-10 06:42:22.162+03	2
49	10	2021-06-10 06:42:22.162+03	2
50	11	2021-06-10 06:42:22.162+03	2
51	12	2021-06-10 06:42:22.162+03	2
52	13	2021-06-10 06:42:22.162+03	2
53	14	2021-06-10 06:42:22.162+03	2
54	15	2021-06-10 06:42:22.162+03	2
55	16	2021-06-10 06:42:22.162+03	2
56	17	2021-06-10 06:42:22.162+03	2
57	18	2021-06-10 06:42:22.162+03	2
58	19	2021-06-10 06:42:22.162+03	2
59	20	2021-06-10 06:42:22.162+03	2
60	21	2021-06-10 06:42:22.162+03	2
61	22	2021-06-10 06:42:22.162+03	2
62	23	2021-06-10 06:42:22.162+03	2
63	24	2021-06-10 06:42:22.162+03	2
64	25	2021-06-10 06:42:22.162+03	2
65	26	2021-06-10 06:42:22.162+03	2
66	27	2021-06-10 06:42:22.162+03	2
67	28	2021-06-10 06:42:22.162+03	2
68	29	\N	2
69	30	2021-06-10 06:42:22.162+03	2
70	31	\N	2
71	32	\N	2
\.


--
-- Data for Name: Causes; Type: TABLE DATA; Schema: public; Owner: postgres
--

COPY public."Causes" ("Id", "Num", "CeMatrixId", "_ProposalCreateMessageId", "_ProposalCreateTimeUtc", "_CreateMessageId", "_CreateTimeUtc", "_ProposalDeleteMessageId", "_ProposalDeleteTimeUtc", "_DeleteMessageId", "_DeleteDateTimeUtc", "_RejectedMessageId", "_RejectedDateTimeUtc") FROM stdin;
1	1	1	\N	\N	\N	2022-06-22 12:21:16.511074+03	\N	\N	\N	\N	\N	\N
2	2	1	\N	\N	\N	2022-06-22 12:21:16.514946+03	\N	\N	\N	\N	\N	\N
3	3	1	\N	\N	\N	2022-06-22 12:21:16.515941+03	\N	\N	\N	\N	\N	\N
4	4	1	\N	\N	\N	2022-06-22 12:21:16.516911+03	\N	\N	\N	\N	\N	\N
5	5	1	\N	\N	\N	2022-06-22 12:21:16.518045+03	\N	\N	\N	\N	\N	\N
6	6	1	\N	\N	\N	2022-06-22 12:21:16.519278+03	\N	\N	\N	\N	\N	\N
7	7	1	\N	\N	\N	2022-06-22 12:21:16.52031+03	\N	\N	\N	\N	\N	\N
8	8	1	\N	\N	\N	2022-06-22 12:21:16.52134+03	\N	\N	\N	\N	\N	\N
9	9	1	\N	\N	\N	2022-06-22 12:21:16.52229+03	\N	\N	\N	\N	\N	\N
10	10	1	\N	\N	\N	2022-06-22 12:21:16.523223+03	\N	\N	\N	\N	\N	\N
11	11	1	\N	\N	\N	2022-06-22 12:21:16.524154+03	\N	\N	\N	\N	\N	\N
12	12	1	\N	\N	\N	2022-06-22 12:21:16.525125+03	\N	\N	\N	\N	\N	\N
13	13	1	\N	\N	\N	2022-06-22 12:21:16.526093+03	\N	\N	\N	\N	\N	\N
14	14	1	\N	\N	\N	2022-06-22 12:21:16.527018+03	\N	\N	\N	\N	\N	\N
15	15	1	\N	\N	\N	2022-06-22 12:21:16.527907+03	\N	\N	\N	\N	\N	\N
16	16	1	\N	\N	\N	2022-06-22 12:21:16.528789+03	\N	\N	\N	\N	\N	\N
17	17	1	\N	\N	\N	2022-06-22 12:21:16.529673+03	\N	\N	\N	\N	\N	\N
18	18	1	\N	\N	\N	2022-06-22 12:21:16.530558+03	\N	\N	\N	\N	\N	\N
19	19	1	\N	\N	\N	2022-06-22 12:21:16.531449+03	\N	\N	\N	\N	\N	\N
20	20	1	\N	\N	\N	2022-06-22 12:21:16.5324+03	\N	\N	\N	\N	\N	\N
21	21	1	\N	\N	\N	2022-06-22 12:21:16.533334+03	\N	\N	\N	\N	\N	\N
22	22	1	\N	\N	\N	2022-06-22 12:21:16.534375+03	\N	\N	\N	\N	\N	\N
23	23	1	\N	\N	\N	2022-06-22 12:21:16.535336+03	\N	\N	\N	\N	\N	\N
24	24	1	\N	\N	\N	2022-06-22 12:21:16.536298+03	\N	\N	\N	\N	\N	\N
25	25	1	\N	\N	\N	2022-06-22 12:21:16.53726+03	\N	\N	\N	\N	\N	\N
26	26	1	\N	\N	\N	2022-06-22 12:21:16.538225+03	\N	\N	\N	\N	\N	\N
27	27	1	\N	\N	\N	2022-06-22 12:21:16.5392+03	\N	\N	\N	\N	\N	\N
28	28	1	\N	\N	\N	2022-06-22 12:21:16.540262+03	\N	\N	\N	\N	\N	\N
29	29	1	\N	\N	\N	2022-06-22 12:21:16.542534+03	\N	\N	\N	\N	\N	\N
30	30	1	\N	\N	\N	2022-06-22 12:21:16.543502+03	\N	\N	\N	\N	\N	\N
31	31	1	\N	\N	\N	2022-06-22 12:21:16.544466+03	\N	\N	\N	\N	\N	\N
32	32	1	\N	\N	\N	2022-06-22 12:21:16.54543+03	\N	\N	\N	\N	\N	\N
33	33	1	\N	\N	\N	2022-06-22 12:21:16.546395+03	\N	\N	\N	\N	\N	\N
34	34	1	\N	\N	\N	2022-06-22 12:21:16.547355+03	\N	\N	\N	\N	\N	\N
35	35	1	\N	\N	\N	2022-06-22 12:21:16.548318+03	\N	\N	\N	\N	\N	\N
36	36	1	\N	\N	\N	2022-06-22 12:21:16.54933+03	\N	\N	\N	\N	\N	\N
37	37	1	\N	\N	\N	2022-06-22 12:21:16.550713+03	\N	\N	\N	\N	\N	\N
38	38	1	\N	\N	\N	2022-06-22 12:21:16.552122+03	\N	\N	\N	\N	\N	\N
39	39	1	\N	\N	\N	2022-06-22 12:21:16.553375+03	\N	\N	\N	\N	\N	\N
40	1	2	\N	\N	\N	2022-06-22 12:21:16.780858+03	\N	\N	\N	\N	\N	\N
41	2	2	\N	\N	\N	2022-06-22 12:21:16.782283+03	\N	\N	\N	\N	\N	\N
42	3	2	\N	\N	\N	2022-06-22 12:21:16.783589+03	\N	\N	\N	\N	\N	\N
43	4	2	\N	\N	\N	2022-06-22 12:21:16.784909+03	\N	\N	\N	\N	\N	\N
44	5	2	\N	\N	\N	2022-06-22 12:21:16.786244+03	\N	\N	\N	\N	\N	\N
45	6	2	\N	\N	\N	2022-06-22 12:21:16.787574+03	\N	\N	\N	\N	\N	\N
46	7	2	\N	\N	\N	2022-06-22 12:21:16.788915+03	\N	\N	\N	\N	\N	\N
47	8	2	\N	\N	\N	2022-06-22 12:21:16.790251+03	\N	\N	\N	\N	\N	\N
48	9	2	\N	\N	\N	2022-06-22 12:21:16.791575+03	\N	\N	\N	\N	\N	\N
49	10	2	\N	\N	\N	2022-06-22 12:21:16.792902+03	\N	\N	\N	\N	\N	\N
50	11	2	\N	\N	\N	2022-06-22 12:21:16.794229+03	\N	\N	\N	\N	\N	\N
51	12	2	\N	\N	\N	2022-06-22 12:21:16.79556+03	\N	\N	\N	\N	\N	\N
52	13	2	\N	\N	\N	2022-06-22 12:21:16.796898+03	\N	\N	\N	\N	\N	\N
53	14	2	\N	\N	\N	2022-06-22 12:21:16.798479+03	\N	\N	\N	\N	\N	\N
54	15	2	\N	\N	\N	2022-06-22 12:21:16.799841+03	\N	\N	\N	\N	\N	\N
55	16	2	\N	\N	\N	2022-06-22 12:21:16.80131+03	\N	\N	\N	\N	\N	\N
56	17	2	\N	\N	\N	2022-06-22 12:21:16.802678+03	\N	\N	\N	\N	\N	\N
57	18	2	\N	\N	\N	2022-06-22 12:21:16.804012+03	\N	\N	\N	\N	\N	\N
58	19	2	\N	\N	\N	2022-06-22 12:21:16.805357+03	\N	\N	\N	\N	\N	\N
59	20	2	\N	\N	\N	2022-06-22 12:21:16.806781+03	\N	\N	\N	\N	\N	\N
60	21	2	\N	\N	\N	2022-06-22 12:21:16.80827+03	\N	\N	\N	\N	\N	\N
61	22	2	\N	\N	\N	2022-06-22 12:21:16.809735+03	\N	\N	\N	\N	\N	\N
62	23	2	\N	\N	\N	2022-06-22 12:21:16.811209+03	\N	\N	\N	\N	\N	\N
63	24	2	\N	\N	\N	2022-06-22 12:21:16.812694+03	\N	\N	\N	\N	\N	\N
64	25	2	\N	\N	\N	2022-06-22 12:21:16.814267+03	\N	\N	\N	\N	\N	\N
65	26	2	\N	\N	\N	2022-06-22 12:21:16.815588+03	\N	\N	\N	\N	\N	\N
66	27	2	\N	\N	\N	2022-06-22 12:21:16.81692+03	\N	\N	\N	\N	\N	\N
67	28	2	\N	\N	\N	2022-06-22 12:21:16.818315+03	\N	\N	\N	\N	\N	\N
68	29	2	\N	\N	\N	2022-06-22 12:21:16.819677+03	\N	\N	\N	\N	\N	\N
69	30	2	\N	\N	\N	2022-06-22 12:21:16.821051+03	\N	\N	\N	\N	\N	\N
70	31	2	\N	\N	\N	2022-06-22 12:21:16.822436+03	\N	\N	\N	\N	\N	\N
71	32	2	\N	\N	\N	2022-06-22 12:21:16.823806+03	\N	\N	\N	\N	\N	\N
\.


--
-- Data for Name: CeMatrices; Type: TABLE DATA; Schema: public; Owner: postgres
--

COPY public."CeMatrices" ("Id", "Guid", "Version", "Title", "Desc", "Comment", "Status", "Source", "ProjectId", "CauseCustomFieldNames", "EffectCustomFieldNames", "_ProposalCreateMessageId", "_ProposalCreateTimeUtc", "_CreateMessageId", "_CreateTimeUtc", "_ProposalDeleteMessageId", "_ProposalDeleteTimeUtc", "_DeleteMessageId", "_DeleteDateTimeUtc", "_RejectedMessageId", "_RejectedDateTimeUtc") FROM stdin;
1	87cbe7b8-7ff8-4a62-bc04-c6cfbc388f69	1	Analog CEMatrix					1	Logic1		\N	\N	\N	2022-06-22 12:21:16.389148+03	\N	\N	\N	\N	\N	\N
2	3d283fa2-cdab-4ed9-bb15-ab5b3464383c	1	Discrete CEMatrix					1			\N	\N	\N	2022-06-22 12:21:16.762675+03	\N	\N	\N	\N	\N	\N
\.


--
-- Data for Name: CeMatrixResuls; Type: TABLE DATA; Schema: public; Owner: postgres
--

COPY public."CeMatrixResuls" ("Id", "CeMatrixGuid", "CeMatrixVersion", "ResultId") FROM stdin;
1	87cbe7b8-7ff8-4a62-bc04-c6cfbc388f69	1	1
2	3d283fa2-cdab-4ed9-bb15-ab5b3464383c	1	1
\.


--
-- Data for Name: DbFile; Type: TABLE DATA; Schema: public; Owner: postgres
--

COPY public."DbFile" ("Id", "FileLastWriteTimeUtc", "FileDeletionTimeUtc", "FileName", "Data", "VersionMessageId") FROM stdin;
\.


--
-- Data for Name: EffectResults; Type: TABLE DATA; Schema: public; Owner: postgres
--

COPY public."EffectResults" ("Id", "Num", "TagName", "TagConditionString", "CustomFieldValues", "TriggeredType", "TriggeredTimeUtc", "MaxDelayMs", "CeMatrixResultId") FROM stdin;
1	0	Э-1	ALARM=ЗАКР		2	2021-06-10 06:38:28.898+03	0	1
2	1	Э-2	ALARM=ЗАКР		3	2021-06-10 06:40:25.58+03	0	1
3	2	H-1	ALARM=ВЫКЛ		4	\N	0	1
4	3	H-2	ALARM=ВЫКЛ		4	\N	0	1
5	4	H-3	ALARM=ВЫКЛ		3	2021-06-10 06:40:25.58+03	0	1
6	5	H-4	ALARM=ВЫКЛ		4	\N	0	1
7	6	H-8	ALARM=ВЫКЛ		0	\N	0	1
8	7	H-9	ALARM=ВЫКЛ		0	\N	0	1
9	8	H-15	ALARM=ВЫКЛ		0	\N	0	1
10	9	H-16	ALARM=ВЫКЛ		0	\N	0	1
11	10	H-18	ALARM=ВЫКЛ		0	\N	0	1
12	11	H-19	ALARM=ВЫКЛ		0	\N	0	1
13	12	H-34	ALARM=ВЫКЛ		0	\N	0	1
14	13	UV-202	ALARM=ЗАКР		0	\N	0	1
15	14	UV-207	ALARM=ЗАКР		5	2021-06-10 06:42:19.138+03	0	1
16	15	UV-208	ALARM=ЗАКР		3	2021-06-10 06:41:50.987+03	0	1
17	16	UV-209	ALARM=ЗАКР		3	2021-06-10 06:41:50.987+03	0	1
18	17	UV-210	ALARM=ЗАКР		3	2021-06-10 06:41:50.987+03	0	1
19	18	UV-211	ALARM=ЗАКР		2	2021-06-10 06:38:28.897+03	0	1
20	19	UV-212	ALARM=ЗАКР		2	2021-06-10 06:38:28.897+03	0	1
21	20	UV-213	ALARM=ЗАКР		2	2021-06-10 06:38:28.898+03	0	1
22	21	UV-214	ALARM=ЗАКР		2	2021-06-10 06:38:28.898+03	0	1
23	22	UV-215	ALARM=ЗАКР		0	\N	0	1
24	23	UV-216	ALARM=ЗАКР		0	\N	0	1
25	24	EUV201	ALARM=ОТКР		2	2021-06-10 06:38:28.897+03	0	1
26	25	EUV202	ALARM=ОТКР		0	\N	0	1
27	26	EUV203	ALARM=ОТКР		0	\N	0	1
28	27	ПК-1	ALARM=ВЫКЛ		2	2021-06-10 06:43:24.41+03	0	1
29	28	ПК-2	ALARM=ВЫКЛ		4	\N	0	1
30	29	TK601	ALARM=ВЫКЛ		0	\N	0	1
31	30	XV1	ALARM=ЗАКР		0	\N	0	1
32	31	XV2	ALARM=ЗАКР		0	\N	0	1
33	0	UV-202	ALARM=ЗАКР		0	\N	0	2
34	1	UV-207	ALARM=ЗАКР		5	2021-06-10 06:42:19.138+03	0	2
35	2	UV-208	ALARM=ЗАКР		3	2021-06-10 06:41:50.987+03	0	2
36	3	UV-209	ALARM=ЗАКР		3	2021-06-10 06:41:50.987+03	0	2
37	4	UV-210	ALARM=ЗАКР		3	2021-06-10 06:41:50.987+03	0	2
38	5	UV-211	ALARM=ЗАКР		2	2021-06-10 06:38:28.897+03	0	2
39	6	UV-212	ALARM=ЗАКР		2	2021-06-10 06:38:28.897+03	0	2
40	7	UV-213	ALARM=ЗАКР		2	2021-06-10 06:38:28.898+03	0	2
41	8	UV-214	ALARM=ЗАКР		2	2021-06-10 06:38:28.898+03	0	2
42	9	UV-215	ALARM=ЗАКР		0	\N	0	2
43	10	UV-216	ALARM=ЗАКР		0	\N	0	2
44	11	H-15	ALARM=ВЫКЛ		0	\N	0	2
45	12	H-16	ALARM=ВЫКЛ		0	\N	0	2
\.


--
-- Data for Name: Effects; Type: TABLE DATA; Schema: public; Owner: postgres
--

COPY public."Effects" ("Id", "Num", "TagName", "TagConditionString", "CustomFieldValues", "CeMatrixId", "_ProposalCreateMessageId", "_ProposalCreateTimeUtc", "_CreateMessageId", "_CreateTimeUtc", "_ProposalDeleteMessageId", "_ProposalDeleteTimeUtc", "_DeleteMessageId", "_DeleteDateTimeUtc", "_RejectedMessageId", "_RejectedDateTimeUtc") FROM stdin;
1	0	Э-1	ALARM=ЗАКР		1	\N	\N	\N	2022-06-22 12:21:16.38977+03	\N	\N	\N	\N	\N	\N
2	1	Э-2	ALARM=ЗАКР		1	\N	\N	\N	2022-06-22 12:21:16.46699+03	\N	\N	\N	\N	\N	\N
3	2	H-1	ALARM=ВЫКЛ		1	\N	\N	\N	2022-06-22 12:21:16.471291+03	\N	\N	\N	\N	\N	\N
4	3	H-2	ALARM=ВЫКЛ		1	\N	\N	\N	2022-06-22 12:21:16.472977+03	\N	\N	\N	\N	\N	\N
5	4	H-3	ALARM=ВЫКЛ		1	\N	\N	\N	2022-06-22 12:21:16.474396+03	\N	\N	\N	\N	\N	\N
6	5	H-4	ALARM=ВЫКЛ		1	\N	\N	\N	2022-06-22 12:21:16.475763+03	\N	\N	\N	\N	\N	\N
7	6	H-8	ALARM=ВЫКЛ		1	\N	\N	\N	2022-06-22 12:21:16.47715+03	\N	\N	\N	\N	\N	\N
8	7	H-9	ALARM=ВЫКЛ		1	\N	\N	\N	2022-06-22 12:21:16.478515+03	\N	\N	\N	\N	\N	\N
9	8	H-15	ALARM=ВЫКЛ		1	\N	\N	\N	2022-06-22 12:21:16.479827+03	\N	\N	\N	\N	\N	\N
10	9	H-16	ALARM=ВЫКЛ		1	\N	\N	\N	2022-06-22 12:21:16.481145+03	\N	\N	\N	\N	\N	\N
11	10	H-18	ALARM=ВЫКЛ		1	\N	\N	\N	2022-06-22 12:21:16.482471+03	\N	\N	\N	\N	\N	\N
12	11	H-19	ALARM=ВЫКЛ		1	\N	\N	\N	2022-06-22 12:21:16.483768+03	\N	\N	\N	\N	\N	\N
13	12	H-34	ALARM=ВЫКЛ		1	\N	\N	\N	2022-06-22 12:21:16.485206+03	\N	\N	\N	\N	\N	\N
14	13	UV-202	ALARM=ЗАКР		1	\N	\N	\N	2022-06-22 12:21:16.486693+03	\N	\N	\N	\N	\N	\N
15	14	UV-207	ALARM=ЗАКР		1	\N	\N	\N	2022-06-22 12:21:16.488061+03	\N	\N	\N	\N	\N	\N
16	15	UV-208	ALARM=ЗАКР		1	\N	\N	\N	2022-06-22 12:21:16.489391+03	\N	\N	\N	\N	\N	\N
17	16	UV-209	ALARM=ЗАКР		1	\N	\N	\N	2022-06-22 12:21:16.490714+03	\N	\N	\N	\N	\N	\N
18	17	UV-210	ALARM=ЗАКР		1	\N	\N	\N	2022-06-22 12:21:16.492044+03	\N	\N	\N	\N	\N	\N
19	18	UV-211	ALARM=ЗАКР		1	\N	\N	\N	2022-06-22 12:21:16.493749+03	\N	\N	\N	\N	\N	\N
20	19	UV-212	ALARM=ЗАКР		1	\N	\N	\N	2022-06-22 12:21:16.495063+03	\N	\N	\N	\N	\N	\N
21	20	UV-213	ALARM=ЗАКР		1	\N	\N	\N	2022-06-22 12:21:16.496344+03	\N	\N	\N	\N	\N	\N
22	21	UV-214	ALARM=ЗАКР		1	\N	\N	\N	2022-06-22 12:21:16.497589+03	\N	\N	\N	\N	\N	\N
23	22	UV-215	ALARM=ЗАКР		1	\N	\N	\N	2022-06-22 12:21:16.498822+03	\N	\N	\N	\N	\N	\N
24	23	UV-216	ALARM=ЗАКР		1	\N	\N	\N	2022-06-22 12:21:16.500048+03	\N	\N	\N	\N	\N	\N
25	24	EUV201	ALARM=ОТКР		1	\N	\N	\N	2022-06-22 12:21:16.501287+03	\N	\N	\N	\N	\N	\N
26	25	EUV202	ALARM=ОТКР		1	\N	\N	\N	2022-06-22 12:21:16.502619+03	\N	\N	\N	\N	\N	\N
27	26	EUV203	ALARM=ОТКР		1	\N	\N	\N	2022-06-22 12:21:16.503818+03	\N	\N	\N	\N	\N	\N
28	27	ПК-1	ALARM=ВЫКЛ		1	\N	\N	\N	2022-06-22 12:21:16.505009+03	\N	\N	\N	\N	\N	\N
29	28	ПК-2	ALARM=ВЫКЛ		1	\N	\N	\N	2022-06-22 12:21:16.506199+03	\N	\N	\N	\N	\N	\N
30	29	TK601	ALARM=ВЫКЛ		1	\N	\N	\N	2022-06-22 12:21:16.507395+03	\N	\N	\N	\N	\N	\N
31	30	XV1	ALARM=ЗАКР		1	\N	\N	\N	2022-06-22 12:21:16.508593+03	\N	\N	\N	\N	\N	\N
32	31	XV2	ALARM=ЗАКР		1	\N	\N	\N	2022-06-22 12:21:16.509783+03	\N	\N	\N	\N	\N	\N
33	0	UV-202	ALARM=ЗАКР		2	\N	\N	\N	2022-06-22 12:21:16.762677+03	\N	\N	\N	\N	\N	\N
34	1	UV-207	ALARM=ЗАКР		2	\N	\N	\N	2022-06-22 12:21:16.76431+03	\N	\N	\N	\N	\N	\N
35	2	UV-208	ALARM=ЗАКР		2	\N	\N	\N	2022-06-22 12:21:16.76572+03	\N	\N	\N	\N	\N	\N
36	3	UV-209	ALARM=ЗАКР		2	\N	\N	\N	2022-06-22 12:21:16.767295+03	\N	\N	\N	\N	\N	\N
37	4	UV-210	ALARM=ЗАКР		2	\N	\N	\N	2022-06-22 12:21:16.768785+03	\N	\N	\N	\N	\N	\N
38	5	UV-211	ALARM=ЗАКР		2	\N	\N	\N	2022-06-22 12:21:16.770257+03	\N	\N	\N	\N	\N	\N
39	6	UV-212	ALARM=ЗАКР		2	\N	\N	\N	2022-06-22 12:21:16.771677+03	\N	\N	\N	\N	\N	\N
40	7	UV-213	ALARM=ЗАКР		2	\N	\N	\N	2022-06-22 12:21:16.773015+03	\N	\N	\N	\N	\N	\N
41	8	UV-214	ALARM=ЗАКР		2	\N	\N	\N	2022-06-22 12:21:16.774323+03	\N	\N	\N	\N	\N	\N
42	9	UV-215	ALARM=ЗАКР		2	\N	\N	\N	2022-06-22 12:21:16.775627+03	\N	\N	\N	\N	\N	\N
43	10	UV-216	ALARM=ЗАКР		2	\N	\N	\N	2022-06-22 12:21:16.776932+03	\N	\N	\N	\N	\N	\N
44	11	H-15	ALARM=ВЫКЛ		2	\N	\N	\N	2022-06-22 12:21:16.778242+03	\N	\N	\N	\N	\N	\N
45	12	H-16	ALARM=ВЫКЛ		2	\N	\N	\N	2022-06-22 12:21:16.779555+03	\N	\N	\N	\N	\N	\N
\.


--
-- Data for Name: EngineeringUnits; Type: TABLE DATA; Schema: public; Owner: postgres
--

COPY public."EngineeringUnits" ("Id", "Eu", "Desc") FROM stdin;
1	с	Секунды
2	мин	Минуты
\.


--
-- Data for Name: Intersection; Type: TABLE DATA; Schema: public; Owner: postgres
--

COPY public."Intersection" ("Id", "CauseId", "EffectId", "CeMatrixId", "_ProposalCreateMessageId", "_ProposalCreateTimeUtc", "_CreateMessageId", "_CreateTimeUtc", "_ProposalDeleteMessageId", "_ProposalDeleteTimeUtc", "_DeleteMessageId", "_DeleteDateTimeUtc", "_RejectedMessageId", "_RejectedDateTimeUtc") FROM stdin;
1	1	1	1	\N	\N	\N	2022-06-22 12:21:16.708505+03	\N	\N	\N	\N	\N	\N
2	1	3	1	\N	\N	\N	2022-06-22 12:21:16.708654+03	\N	\N	\N	\N	\N	\N
3	1	4	1	\N	\N	\N	2022-06-22 12:21:16.708658+03	\N	\N	\N	\N	\N	\N
4	2	1	1	\N	\N	\N	2022-06-22 12:21:16.708667+03	\N	\N	\N	\N	\N	\N
5	2	3	1	\N	\N	\N	2022-06-22 12:21:16.708668+03	\N	\N	\N	\N	\N	\N
6	2	4	1	\N	\N	\N	2022-06-22 12:21:16.708668+03	\N	\N	\N	\N	\N	\N
7	2	19	1	\N	\N	\N	2022-06-22 12:21:16.708668+03	\N	\N	\N	\N	\N	\N
8	2	21	1	\N	\N	\N	2022-06-22 12:21:16.708668+03	\N	\N	\N	\N	\N	\N
9	2	22	1	\N	\N	\N	2022-06-22 12:21:16.708668+03	\N	\N	\N	\N	\N	\N
10	3	1	1	\N	\N	\N	2022-06-22 12:21:16.708669+03	\N	\N	\N	\N	\N	\N
11	3	3	1	\N	\N	\N	2022-06-22 12:21:16.708669+03	\N	\N	\N	\N	\N	\N
12	3	4	1	\N	\N	\N	2022-06-22 12:21:16.708669+03	\N	\N	\N	\N	\N	\N
13	3	19	1	\N	\N	\N	2022-06-22 12:21:16.708669+03	\N	\N	\N	\N	\N	\N
14	3	21	1	\N	\N	\N	2022-06-22 12:21:16.708669+03	\N	\N	\N	\N	\N	\N
15	3	22	1	\N	\N	\N	2022-06-22 12:21:16.708669+03	\N	\N	\N	\N	\N	\N
16	3	28	1	\N	\N	\N	2022-06-22 12:21:16.708669+03	\N	\N	\N	\N	\N	\N
17	3	29	1	\N	\N	\N	2022-06-22 12:21:16.70867+03	\N	\N	\N	\N	\N	\N
18	4	1	1	\N	\N	\N	2022-06-22 12:21:16.70867+03	\N	\N	\N	\N	\N	\N
19	4	3	1	\N	\N	\N	2022-06-22 12:21:16.70867+03	\N	\N	\N	\N	\N	\N
20	4	4	1	\N	\N	\N	2022-06-22 12:21:16.70867+03	\N	\N	\N	\N	\N	\N
21	4	19	1	\N	\N	\N	2022-06-22 12:21:16.70867+03	\N	\N	\N	\N	\N	\N
22	4	21	1	\N	\N	\N	2022-06-22 12:21:16.70867+03	\N	\N	\N	\N	\N	\N
23	4	22	1	\N	\N	\N	2022-06-22 12:21:16.70867+03	\N	\N	\N	\N	\N	\N
24	4	28	1	\N	\N	\N	2022-06-22 12:21:16.708671+03	\N	\N	\N	\N	\N	\N
25	4	29	1	\N	\N	\N	2022-06-22 12:21:16.708671+03	\N	\N	\N	\N	\N	\N
26	5	1	1	\N	\N	\N	2022-06-22 12:21:16.708671+03	\N	\N	\N	\N	\N	\N
27	5	19	1	\N	\N	\N	2022-06-22 12:21:16.708671+03	\N	\N	\N	\N	\N	\N
28	5	21	1	\N	\N	\N	2022-06-22 12:21:16.708671+03	\N	\N	\N	\N	\N	\N
29	5	22	1	\N	\N	\N	2022-06-22 12:21:16.708671+03	\N	\N	\N	\N	\N	\N
30	5	28	1	\N	\N	\N	2022-06-22 12:21:16.708671+03	\N	\N	\N	\N	\N	\N
31	5	29	1	\N	\N	\N	2022-06-22 12:21:16.708671+03	\N	\N	\N	\N	\N	\N
32	6	28	1	\N	\N	\N	2022-06-22 12:21:16.708671+03	\N	\N	\N	\N	\N	\N
33	6	29	1	\N	\N	\N	2022-06-22 12:21:16.708671+03	\N	\N	\N	\N	\N	\N
34	7	1	1	\N	\N	\N	2022-06-22 12:21:16.708672+03	\N	\N	\N	\N	\N	\N
35	7	15	1	\N	\N	\N	2022-06-22 12:21:16.708672+03	\N	\N	\N	\N	\N	\N
36	7	16	1	\N	\N	\N	2022-06-22 12:21:16.708672+03	\N	\N	\N	\N	\N	\N
37	7	17	1	\N	\N	\N	2022-06-22 12:21:16.708672+03	\N	\N	\N	\N	\N	\N
38	7	18	1	\N	\N	\N	2022-06-22 12:21:16.708672+03	\N	\N	\N	\N	\N	\N
39	7	19	1	\N	\N	\N	2022-06-22 12:21:16.708672+03	\N	\N	\N	\N	\N	\N
40	7	20	1	\N	\N	\N	2022-06-22 12:21:16.708673+03	\N	\N	\N	\N	\N	\N
41	7	21	1	\N	\N	\N	2022-06-22 12:21:16.708673+03	\N	\N	\N	\N	\N	\N
42	7	22	1	\N	\N	\N	2022-06-22 12:21:16.708673+03	\N	\N	\N	\N	\N	\N
43	8	19	1	\N	\N	\N	2022-06-22 12:21:16.708673+03	\N	\N	\N	\N	\N	\N
44	9	19	1	\N	\N	\N	2022-06-22 12:21:16.708676+03	\N	\N	\N	\N	\N	\N
45	9	21	1	\N	\N	\N	2022-06-22 12:21:16.708676+03	\N	\N	\N	\N	\N	\N
46	9	22	1	\N	\N	\N	2022-06-22 12:21:16.708676+03	\N	\N	\N	\N	\N	\N
47	10	19	1	\N	\N	\N	2022-06-22 12:21:16.708676+03	\N	\N	\N	\N	\N	\N
48	10	21	1	\N	\N	\N	2022-06-22 12:21:16.708676+03	\N	\N	\N	\N	\N	\N
49	10	22	1	\N	\N	\N	2022-06-22 12:21:16.708676+03	\N	\N	\N	\N	\N	\N
50	11	1	1	\N	\N	\N	2022-06-22 12:21:16.708676+03	\N	\N	\N	\N	\N	\N
51	11	3	1	\N	\N	\N	2022-06-22 12:21:16.708676+03	\N	\N	\N	\N	\N	\N
52	11	4	1	\N	\N	\N	2022-06-22 12:21:16.708677+03	\N	\N	\N	\N	\N	\N
53	11	19	1	\N	\N	\N	2022-06-22 12:21:16.708677+03	\N	\N	\N	\N	\N	\N
54	11	21	1	\N	\N	\N	2022-06-22 12:21:16.708677+03	\N	\N	\N	\N	\N	\N
55	11	22	1	\N	\N	\N	2022-06-22 12:21:16.708677+03	\N	\N	\N	\N	\N	\N
56	11	28	1	\N	\N	\N	2022-06-22 12:21:16.708677+03	\N	\N	\N	\N	\N	\N
57	11	29	1	\N	\N	\N	2022-06-22 12:21:16.708677+03	\N	\N	\N	\N	\N	\N
58	12	7	1	\N	\N	\N	2022-06-22 12:21:16.708677+03	\N	\N	\N	\N	\N	\N
59	12	8	1	\N	\N	\N	2022-06-22 12:21:16.708677+03	\N	\N	\N	\N	\N	\N
60	13	2	1	\N	\N	\N	2022-06-22 12:21:16.708677+03	\N	\N	\N	\N	\N	\N
61	13	5	1	\N	\N	\N	2022-06-22 12:21:16.708678+03	\N	\N	\N	\N	\N	\N
62	13	6	1	\N	\N	\N	2022-06-22 12:21:16.708678+03	\N	\N	\N	\N	\N	\N
63	13	16	1	\N	\N	\N	2022-06-22 12:21:16.708678+03	\N	\N	\N	\N	\N	\N
64	13	17	1	\N	\N	\N	2022-06-22 12:21:16.708678+03	\N	\N	\N	\N	\N	\N
65	13	18	1	\N	\N	\N	2022-06-22 12:21:16.708678+03	\N	\N	\N	\N	\N	\N
66	13	19	1	\N	\N	\N	2022-06-22 12:21:16.708678+03	\N	\N	\N	\N	\N	\N
67	13	21	1	\N	\N	\N	2022-06-22 12:21:16.708678+03	\N	\N	\N	\N	\N	\N
68	13	22	1	\N	\N	\N	2022-06-22 12:21:16.708678+03	\N	\N	\N	\N	\N	\N
69	13	30	1	\N	\N	\N	2022-06-22 12:21:16.708678+03	\N	\N	\N	\N	\N	\N
70	14	16	1	\N	\N	\N	2022-06-22 12:21:16.708679+03	\N	\N	\N	\N	\N	\N
71	15	16	1	\N	\N	\N	2022-06-22 12:21:16.708679+03	\N	\N	\N	\N	\N	\N
72	16	16	1	\N	\N	\N	2022-06-22 12:21:16.708679+03	\N	\N	\N	\N	\N	\N
73	17	16	1	\N	\N	\N	2022-06-22 12:21:16.70868+03	\N	\N	\N	\N	\N	\N
74	18	16	1	\N	\N	\N	2022-06-22 12:21:16.70868+03	\N	\N	\N	\N	\N	\N
75	19	15	1	\N	\N	\N	2022-06-22 12:21:16.70868+03	\N	\N	\N	\N	\N	\N
76	19	16	1	\N	\N	\N	2022-06-22 12:21:16.708681+03	\N	\N	\N	\N	\N	\N
77	19	17	1	\N	\N	\N	2022-06-22 12:21:16.708681+03	\N	\N	\N	\N	\N	\N
78	19	18	1	\N	\N	\N	2022-06-22 12:21:16.708681+03	\N	\N	\N	\N	\N	\N
79	19	26	1	\N	\N	\N	2022-06-22 12:21:16.708681+03	\N	\N	\N	\N	\N	\N
80	20	15	1	\N	\N	\N	2022-06-22 12:21:16.708681+03	\N	\N	\N	\N	\N	\N
81	20	16	1	\N	\N	\N	2022-06-22 12:21:16.708681+03	\N	\N	\N	\N	\N	\N
82	20	17	1	\N	\N	\N	2022-06-22 12:21:16.708681+03	\N	\N	\N	\N	\N	\N
83	20	18	1	\N	\N	\N	2022-06-22 12:21:16.708681+03	\N	\N	\N	\N	\N	\N
84	20	26	1	\N	\N	\N	2022-06-22 12:21:16.708684+03	\N	\N	\N	\N	\N	\N
85	21	15	1	\N	\N	\N	2022-06-22 12:21:16.708684+03	\N	\N	\N	\N	\N	\N
86	21	16	1	\N	\N	\N	2022-06-22 12:21:16.708684+03	\N	\N	\N	\N	\N	\N
87	21	17	1	\N	\N	\N	2022-06-22 12:21:16.708684+03	\N	\N	\N	\N	\N	\N
88	21	18	1	\N	\N	\N	2022-06-22 12:21:16.708684+03	\N	\N	\N	\N	\N	\N
89	21	26	1	\N	\N	\N	2022-06-22 12:21:16.708684+03	\N	\N	\N	\N	\N	\N
90	22	15	1	\N	\N	\N	2022-06-22 12:21:16.708684+03	\N	\N	\N	\N	\N	\N
91	22	16	1	\N	\N	\N	2022-06-22 12:21:16.708685+03	\N	\N	\N	\N	\N	\N
92	22	17	1	\N	\N	\N	2022-06-22 12:21:16.708685+03	\N	\N	\N	\N	\N	\N
93	22	18	1	\N	\N	\N	2022-06-22 12:21:16.708685+03	\N	\N	\N	\N	\N	\N
94	22	26	1	\N	\N	\N	2022-06-22 12:21:16.708685+03	\N	\N	\N	\N	\N	\N
95	23	15	1	\N	\N	\N	2022-06-22 12:21:16.708685+03	\N	\N	\N	\N	\N	\N
96	23	16	1	\N	\N	\N	2022-06-22 12:21:16.708685+03	\N	\N	\N	\N	\N	\N
97	23	17	1	\N	\N	\N	2022-06-22 12:21:16.708685+03	\N	\N	\N	\N	\N	\N
98	23	18	1	\N	\N	\N	2022-06-22 12:21:16.708685+03	\N	\N	\N	\N	\N	\N
99	23	26	1	\N	\N	\N	2022-06-22 12:21:16.708685+03	\N	\N	\N	\N	\N	\N
100	24	16	1	\N	\N	\N	2022-06-22 12:21:16.708685+03	\N	\N	\N	\N	\N	\N
101	24	17	1	\N	\N	\N	2022-06-22 12:21:16.708685+03	\N	\N	\N	\N	\N	\N
102	24	18	1	\N	\N	\N	2022-06-22 12:21:16.708686+03	\N	\N	\N	\N	\N	\N
103	25	16	1	\N	\N	\N	2022-06-22 12:21:16.708686+03	\N	\N	\N	\N	\N	\N
104	25	17	1	\N	\N	\N	2022-06-22 12:21:16.708686+03	\N	\N	\N	\N	\N	\N
105	25	18	1	\N	\N	\N	2022-06-22 12:21:16.708686+03	\N	\N	\N	\N	\N	\N
106	26	16	1	\N	\N	\N	2022-06-22 12:21:16.708686+03	\N	\N	\N	\N	\N	\N
107	26	17	1	\N	\N	\N	2022-06-22 12:21:16.708686+03	\N	\N	\N	\N	\N	\N
108	26	18	1	\N	\N	\N	2022-06-22 12:21:16.708686+03	\N	\N	\N	\N	\N	\N
109	27	31	1	\N	\N	\N	2022-06-22 12:21:16.708687+03	\N	\N	\N	\N	\N	\N
110	28	32	1	\N	\N	\N	2022-06-22 12:21:16.708687+03	\N	\N	\N	\N	\N	\N
111	29	15	1	\N	\N	\N	2022-06-22 12:21:16.708687+03	\N	\N	\N	\N	\N	\N
112	29	16	1	\N	\N	\N	2022-06-22 12:21:16.708687+03	\N	\N	\N	\N	\N	\N
113	29	17	1	\N	\N	\N	2022-06-22 12:21:16.708687+03	\N	\N	\N	\N	\N	\N
114	29	18	1	\N	\N	\N	2022-06-22 12:21:16.708687+03	\N	\N	\N	\N	\N	\N
115	29	19	1	\N	\N	\N	2022-06-22 12:21:16.708687+03	\N	\N	\N	\N	\N	\N
116	29	20	1	\N	\N	\N	2022-06-22 12:21:16.708687+03	\N	\N	\N	\N	\N	\N
117	29	21	1	\N	\N	\N	2022-06-22 12:21:16.708687+03	\N	\N	\N	\N	\N	\N
118	29	22	1	\N	\N	\N	2022-06-22 12:21:16.708687+03	\N	\N	\N	\N	\N	\N
119	30	2	1	\N	\N	\N	2022-06-22 12:21:16.708688+03	\N	\N	\N	\N	\N	\N
120	30	5	1	\N	\N	\N	2022-06-22 12:21:16.708688+03	\N	\N	\N	\N	\N	\N
121	30	6	1	\N	\N	\N	2022-06-22 12:21:16.708688+03	\N	\N	\N	\N	\N	\N
122	30	16	1	\N	\N	\N	2022-06-22 12:21:16.708688+03	\N	\N	\N	\N	\N	\N
123	30	17	1	\N	\N	\N	2022-06-22 12:21:16.708688+03	\N	\N	\N	\N	\N	\N
124	30	18	1	\N	\N	\N	2022-06-22 12:21:16.708688+03	\N	\N	\N	\N	\N	\N
125	31	9	1	\N	\N	\N	2022-06-22 12:21:16.708688+03	\N	\N	\N	\N	\N	\N
126	31	10	1	\N	\N	\N	2022-06-22 12:21:16.708688+03	\N	\N	\N	\N	\N	\N
127	31	14	1	\N	\N	\N	2022-06-22 12:21:16.708688+03	\N	\N	\N	\N	\N	\N
128	31	23	1	\N	\N	\N	2022-06-22 12:21:16.708689+03	\N	\N	\N	\N	\N	\N
129	31	24	1	\N	\N	\N	2022-06-22 12:21:16.708689+03	\N	\N	\N	\N	\N	\N
130	32	9	1	\N	\N	\N	2022-06-22 12:21:16.708692+03	\N	\N	\N	\N	\N	\N
131	32	10	1	\N	\N	\N	2022-06-22 12:21:16.708692+03	\N	\N	\N	\N	\N	\N
132	32	14	1	\N	\N	\N	2022-06-22 12:21:16.708692+03	\N	\N	\N	\N	\N	\N
133	32	23	1	\N	\N	\N	2022-06-22 12:21:16.708692+03	\N	\N	\N	\N	\N	\N
134	32	24	1	\N	\N	\N	2022-06-22 12:21:16.708692+03	\N	\N	\N	\N	\N	\N
135	33	9	1	\N	\N	\N	2022-06-22 12:21:16.708692+03	\N	\N	\N	\N	\N	\N
136	33	10	1	\N	\N	\N	2022-06-22 12:21:16.708692+03	\N	\N	\N	\N	\N	\N
137	33	14	1	\N	\N	\N	2022-06-22 12:21:16.708692+03	\N	\N	\N	\N	\N	\N
138	33	23	1	\N	\N	\N	2022-06-22 12:21:16.708692+03	\N	\N	\N	\N	\N	\N
139	33	24	1	\N	\N	\N	2022-06-22 12:21:16.708692+03	\N	\N	\N	\N	\N	\N
140	33	27	1	\N	\N	\N	2022-06-22 12:21:16.708692+03	\N	\N	\N	\N	\N	\N
141	34	9	1	\N	\N	\N	2022-06-22 12:21:16.708693+03	\N	\N	\N	\N	\N	\N
142	34	10	1	\N	\N	\N	2022-06-22 12:21:16.708693+03	\N	\N	\N	\N	\N	\N
143	34	14	1	\N	\N	\N	2022-06-22 12:21:16.708693+03	\N	\N	\N	\N	\N	\N
144	34	23	1	\N	\N	\N	2022-06-22 12:21:16.708693+03	\N	\N	\N	\N	\N	\N
145	34	24	1	\N	\N	\N	2022-06-22 12:21:16.708693+03	\N	\N	\N	\N	\N	\N
146	34	27	1	\N	\N	\N	2022-06-22 12:21:16.708693+03	\N	\N	\N	\N	\N	\N
147	35	13	1	\N	\N	\N	2022-06-22 12:21:16.708694+03	\N	\N	\N	\N	\N	\N
148	36	11	1	\N	\N	\N	2022-06-22 12:21:16.708694+03	\N	\N	\N	\N	\N	\N
149	36	12	1	\N	\N	\N	2022-06-22 12:21:16.708694+03	\N	\N	\N	\N	\N	\N
150	37	9	1	\N	\N	\N	2022-06-22 12:21:16.708694+03	\N	\N	\N	\N	\N	\N
151	37	10	1	\N	\N	\N	2022-06-22 12:21:16.708694+03	\N	\N	\N	\N	\N	\N
152	38	2	1	\N	\N	\N	2022-06-22 12:21:16.708694+03	\N	\N	\N	\N	\N	\N
153	38	5	1	\N	\N	\N	2022-06-22 12:21:16.708695+03	\N	\N	\N	\N	\N	\N
154	38	6	1	\N	\N	\N	2022-06-22 12:21:16.708695+03	\N	\N	\N	\N	\N	\N
155	39	1	1	\N	\N	\N	2022-06-22 12:21:16.708695+03	\N	\N	\N	\N	\N	\N
156	39	3	1	\N	\N	\N	2022-06-22 12:21:16.708695+03	\N	\N	\N	\N	\N	\N
157	39	4	1	\N	\N	\N	2022-06-22 12:21:16.708695+03	\N	\N	\N	\N	\N	\N
158	39	20	1	\N	\N	\N	2022-06-22 12:21:16.708695+03	\N	\N	\N	\N	\N	\N
159	39	25	1	\N	\N	\N	2022-06-22 12:21:16.708695+03	\N	\N	\N	\N	\N	\N
160	40	38	2	\N	\N	\N	2022-06-22 12:21:16.855618+03	\N	\N	\N	\N	\N	\N
161	40	39	2	\N	\N	\N	2022-06-22 12:21:16.855619+03	\N	\N	\N	\N	\N	\N
162	40	40	2	\N	\N	\N	2022-06-22 12:21:16.85562+03	\N	\N	\N	\N	\N	\N
163	40	41	2	\N	\N	\N	2022-06-22 12:21:16.85562+03	\N	\N	\N	\N	\N	\N
164	41	38	2	\N	\N	\N	2022-06-22 12:21:16.85562+03	\N	\N	\N	\N	\N	\N
165	41	39	2	\N	\N	\N	2022-06-22 12:21:16.855621+03	\N	\N	\N	\N	\N	\N
166	41	40	2	\N	\N	\N	2022-06-22 12:21:16.855621+03	\N	\N	\N	\N	\N	\N
167	41	41	2	\N	\N	\N	2022-06-22 12:21:16.855621+03	\N	\N	\N	\N	\N	\N
168	42	38	2	\N	\N	\N	2022-06-22 12:21:16.855621+03	\N	\N	\N	\N	\N	\N
169	42	39	2	\N	\N	\N	2022-06-22 12:21:16.855621+03	\N	\N	\N	\N	\N	\N
170	42	40	2	\N	\N	\N	2022-06-22 12:21:16.855622+03	\N	\N	\N	\N	\N	\N
171	42	41	2	\N	\N	\N	2022-06-22 12:21:16.855622+03	\N	\N	\N	\N	\N	\N
172	43	38	2	\N	\N	\N	2022-06-22 12:21:16.855622+03	\N	\N	\N	\N	\N	\N
173	43	39	2	\N	\N	\N	2022-06-22 12:21:16.855622+03	\N	\N	\N	\N	\N	\N
174	43	40	2	\N	\N	\N	2022-06-22 12:21:16.855622+03	\N	\N	\N	\N	\N	\N
175	43	41	2	\N	\N	\N	2022-06-22 12:21:16.855622+03	\N	\N	\N	\N	\N	\N
176	44	38	2	\N	\N	\N	2022-06-22 12:21:16.855623+03	\N	\N	\N	\N	\N	\N
177	44	39	2	\N	\N	\N	2022-06-22 12:21:16.855623+03	\N	\N	\N	\N	\N	\N
178	44	40	2	\N	\N	\N	2022-06-22 12:21:16.855623+03	\N	\N	\N	\N	\N	\N
179	44	41	2	\N	\N	\N	2022-06-22 12:21:16.855623+03	\N	\N	\N	\N	\N	\N
180	45	34	2	\N	\N	\N	2022-06-22 12:21:16.855626+03	\N	\N	\N	\N	\N	\N
181	45	35	2	\N	\N	\N	2022-06-22 12:21:16.855626+03	\N	\N	\N	\N	\N	\N
182	45	36	2	\N	\N	\N	2022-06-22 12:21:16.855626+03	\N	\N	\N	\N	\N	\N
183	45	37	2	\N	\N	\N	2022-06-22 12:21:16.855627+03	\N	\N	\N	\N	\N	\N
184	46	34	2	\N	\N	\N	2022-06-22 12:21:16.855627+03	\N	\N	\N	\N	\N	\N
185	46	35	2	\N	\N	\N	2022-06-22 12:21:16.855627+03	\N	\N	\N	\N	\N	\N
186	46	36	2	\N	\N	\N	2022-06-22 12:21:16.855627+03	\N	\N	\N	\N	\N	\N
187	46	37	2	\N	\N	\N	2022-06-22 12:21:16.855627+03	\N	\N	\N	\N	\N	\N
188	47	34	2	\N	\N	\N	2022-06-22 12:21:16.855627+03	\N	\N	\N	\N	\N	\N
189	47	35	2	\N	\N	\N	2022-06-22 12:21:16.855628+03	\N	\N	\N	\N	\N	\N
190	47	36	2	\N	\N	\N	2022-06-22 12:21:16.855628+03	\N	\N	\N	\N	\N	\N
191	47	37	2	\N	\N	\N	2022-06-22 12:21:16.855628+03	\N	\N	\N	\N	\N	\N
192	48	34	2	\N	\N	\N	2022-06-22 12:21:16.855628+03	\N	\N	\N	\N	\N	\N
193	48	35	2	\N	\N	\N	2022-06-22 12:21:16.855628+03	\N	\N	\N	\N	\N	\N
194	48	36	2	\N	\N	\N	2022-06-22 12:21:16.855628+03	\N	\N	\N	\N	\N	\N
195	48	37	2	\N	\N	\N	2022-06-22 12:21:16.855628+03	\N	\N	\N	\N	\N	\N
196	49	34	2	\N	\N	\N	2022-06-22 12:21:16.855629+03	\N	\N	\N	\N	\N	\N
197	49	35	2	\N	\N	\N	2022-06-22 12:21:16.855629+03	\N	\N	\N	\N	\N	\N
198	49	36	2	\N	\N	\N	2022-06-22 12:21:16.855629+03	\N	\N	\N	\N	\N	\N
199	49	37	2	\N	\N	\N	2022-06-22 12:21:16.855629+03	\N	\N	\N	\N	\N	\N
200	50	34	2	\N	\N	\N	2022-06-22 12:21:16.855629+03	\N	\N	\N	\N	\N	\N
201	50	35	2	\N	\N	\N	2022-06-22 12:21:16.855629+03	\N	\N	\N	\N	\N	\N
202	50	36	2	\N	\N	\N	2022-06-22 12:21:16.855629+03	\N	\N	\N	\N	\N	\N
203	50	37	2	\N	\N	\N	2022-06-22 12:21:16.855629+03	\N	\N	\N	\N	\N	\N
204	51	34	2	\N	\N	\N	2022-06-22 12:21:16.85563+03	\N	\N	\N	\N	\N	\N
205	51	35	2	\N	\N	\N	2022-06-22 12:21:16.85563+03	\N	\N	\N	\N	\N	\N
206	51	36	2	\N	\N	\N	2022-06-22 12:21:16.85563+03	\N	\N	\N	\N	\N	\N
207	51	37	2	\N	\N	\N	2022-06-22 12:21:16.85563+03	\N	\N	\N	\N	\N	\N
208	52	34	2	\N	\N	\N	2022-06-22 12:21:16.85563+03	\N	\N	\N	\N	\N	\N
209	52	35	2	\N	\N	\N	2022-06-22 12:21:16.85563+03	\N	\N	\N	\N	\N	\N
210	52	36	2	\N	\N	\N	2022-06-22 12:21:16.855631+03	\N	\N	\N	\N	\N	\N
211	52	37	2	\N	\N	\N	2022-06-22 12:21:16.855631+03	\N	\N	\N	\N	\N	\N
212	53	34	2	\N	\N	\N	2022-06-22 12:21:16.855631+03	\N	\N	\N	\N	\N	\N
213	53	35	2	\N	\N	\N	2022-06-22 12:21:16.855631+03	\N	\N	\N	\N	\N	\N
214	53	36	2	\N	\N	\N	2022-06-22 12:21:16.855631+03	\N	\N	\N	\N	\N	\N
215	53	37	2	\N	\N	\N	2022-06-22 12:21:16.855631+03	\N	\N	\N	\N	\N	\N
216	54	34	2	\N	\N	\N	2022-06-22 12:21:16.855631+03	\N	\N	\N	\N	\N	\N
217	54	35	2	\N	\N	\N	2022-06-22 12:21:16.855631+03	\N	\N	\N	\N	\N	\N
218	54	36	2	\N	\N	\N	2022-06-22 12:21:16.855631+03	\N	\N	\N	\N	\N	\N
219	54	37	2	\N	\N	\N	2022-06-22 12:21:16.855631+03	\N	\N	\N	\N	\N	\N
220	55	34	2	\N	\N	\N	2022-06-22 12:21:16.855632+03	\N	\N	\N	\N	\N	\N
221	55	35	2	\N	\N	\N	2022-06-22 12:21:16.855632+03	\N	\N	\N	\N	\N	\N
222	55	36	2	\N	\N	\N	2022-06-22 12:21:16.855632+03	\N	\N	\N	\N	\N	\N
223	55	37	2	\N	\N	\N	2022-06-22 12:21:16.855635+03	\N	\N	\N	\N	\N	\N
224	56	34	2	\N	\N	\N	2022-06-22 12:21:16.855635+03	\N	\N	\N	\N	\N	\N
225	56	35	2	\N	\N	\N	2022-06-22 12:21:16.855635+03	\N	\N	\N	\N	\N	\N
226	56	36	2	\N	\N	\N	2022-06-22 12:21:16.855635+03	\N	\N	\N	\N	\N	\N
227	56	37	2	\N	\N	\N	2022-06-22 12:21:16.855635+03	\N	\N	\N	\N	\N	\N
228	57	34	2	\N	\N	\N	2022-06-22 12:21:16.855636+03	\N	\N	\N	\N	\N	\N
229	57	35	2	\N	\N	\N	2022-06-22 12:21:16.855636+03	\N	\N	\N	\N	\N	\N
230	57	36	2	\N	\N	\N	2022-06-22 12:21:16.855636+03	\N	\N	\N	\N	\N	\N
231	57	37	2	\N	\N	\N	2022-06-22 12:21:16.855636+03	\N	\N	\N	\N	\N	\N
232	58	34	2	\N	\N	\N	2022-06-22 12:21:16.855636+03	\N	\N	\N	\N	\N	\N
233	58	35	2	\N	\N	\N	2022-06-22 12:21:16.855636+03	\N	\N	\N	\N	\N	\N
234	58	36	2	\N	\N	\N	2022-06-22 12:21:16.855636+03	\N	\N	\N	\N	\N	\N
235	58	37	2	\N	\N	\N	2022-06-22 12:21:16.855637+03	\N	\N	\N	\N	\N	\N
236	59	34	2	\N	\N	\N	2022-06-22 12:21:16.855637+03	\N	\N	\N	\N	\N	\N
237	59	35	2	\N	\N	\N	2022-06-22 12:21:16.855637+03	\N	\N	\N	\N	\N	\N
238	59	36	2	\N	\N	\N	2022-06-22 12:21:16.855637+03	\N	\N	\N	\N	\N	\N
239	59	37	2	\N	\N	\N	2022-06-22 12:21:16.855637+03	\N	\N	\N	\N	\N	\N
240	60	34	2	\N	\N	\N	2022-06-22 12:21:16.855637+03	\N	\N	\N	\N	\N	\N
241	60	35	2	\N	\N	\N	2022-06-22 12:21:16.855637+03	\N	\N	\N	\N	\N	\N
242	60	36	2	\N	\N	\N	2022-06-22 12:21:16.855637+03	\N	\N	\N	\N	\N	\N
243	60	37	2	\N	\N	\N	2022-06-22 12:21:16.855637+03	\N	\N	\N	\N	\N	\N
244	61	34	2	\N	\N	\N	2022-06-22 12:21:16.855638+03	\N	\N	\N	\N	\N	\N
245	61	35	2	\N	\N	\N	2022-06-22 12:21:16.855638+03	\N	\N	\N	\N	\N	\N
246	61	36	2	\N	\N	\N	2022-06-22 12:21:16.855638+03	\N	\N	\N	\N	\N	\N
247	61	37	2	\N	\N	\N	2022-06-22 12:21:16.855638+03	\N	\N	\N	\N	\N	\N
248	62	34	2	\N	\N	\N	2022-06-22 12:21:16.855638+03	\N	\N	\N	\N	\N	\N
249	62	35	2	\N	\N	\N	2022-06-22 12:21:16.855638+03	\N	\N	\N	\N	\N	\N
250	62	36	2	\N	\N	\N	2022-06-22 12:21:16.855638+03	\N	\N	\N	\N	\N	\N
251	62	37	2	\N	\N	\N	2022-06-22 12:21:16.855638+03	\N	\N	\N	\N	\N	\N
252	63	34	2	\N	\N	\N	2022-06-22 12:21:16.855639+03	\N	\N	\N	\N	\N	\N
253	63	35	2	\N	\N	\N	2022-06-22 12:21:16.855639+03	\N	\N	\N	\N	\N	\N
254	63	36	2	\N	\N	\N	2022-06-22 12:21:16.855639+03	\N	\N	\N	\N	\N	\N
255	63	37	2	\N	\N	\N	2022-06-22 12:21:16.855639+03	\N	\N	\N	\N	\N	\N
256	64	34	2	\N	\N	\N	2022-06-22 12:21:16.855639+03	\N	\N	\N	\N	\N	\N
257	64	35	2	\N	\N	\N	2022-06-22 12:21:16.855639+03	\N	\N	\N	\N	\N	\N
258	64	36	2	\N	\N	\N	2022-06-22 12:21:16.855639+03	\N	\N	\N	\N	\N	\N
259	64	37	2	\N	\N	\N	2022-06-22 12:21:16.855639+03	\N	\N	\N	\N	\N	\N
260	65	34	2	\N	\N	\N	2022-06-22 12:21:16.85564+03	\N	\N	\N	\N	\N	\N
261	65	35	2	\N	\N	\N	2022-06-22 12:21:16.85564+03	\N	\N	\N	\N	\N	\N
262	65	36	2	\N	\N	\N	2022-06-22 12:21:16.85564+03	\N	\N	\N	\N	\N	\N
263	65	37	2	\N	\N	\N	2022-06-22 12:21:16.85564+03	\N	\N	\N	\N	\N	\N
264	66	34	2	\N	\N	\N	2022-06-22 12:21:16.855643+03	\N	\N	\N	\N	\N	\N
265	66	35	2	\N	\N	\N	2022-06-22 12:21:16.855643+03	\N	\N	\N	\N	\N	\N
266	66	36	2	\N	\N	\N	2022-06-22 12:21:16.855643+03	\N	\N	\N	\N	\N	\N
267	66	37	2	\N	\N	\N	2022-06-22 12:21:16.855643+03	\N	\N	\N	\N	\N	\N
268	67	34	2	\N	\N	\N	2022-06-22 12:21:16.855643+03	\N	\N	\N	\N	\N	\N
269	67	35	2	\N	\N	\N	2022-06-22 12:21:16.855643+03	\N	\N	\N	\N	\N	\N
270	67	36	2	\N	\N	\N	2022-06-22 12:21:16.855643+03	\N	\N	\N	\N	\N	\N
271	67	37	2	\N	\N	\N	2022-06-22 12:21:16.855643+03	\N	\N	\N	\N	\N	\N
272	68	34	2	\N	\N	\N	2022-06-22 12:21:16.855644+03	\N	\N	\N	\N	\N	\N
273	68	35	2	\N	\N	\N	2022-06-22 12:21:16.855644+03	\N	\N	\N	\N	\N	\N
274	68	36	2	\N	\N	\N	2022-06-22 12:21:16.855644+03	\N	\N	\N	\N	\N	\N
275	68	37	2	\N	\N	\N	2022-06-22 12:21:16.855644+03	\N	\N	\N	\N	\N	\N
276	69	34	2	\N	\N	\N	2022-06-22 12:21:16.855644+03	\N	\N	\N	\N	\N	\N
277	69	35	2	\N	\N	\N	2022-06-22 12:21:16.855644+03	\N	\N	\N	\N	\N	\N
278	69	36	2	\N	\N	\N	2022-06-22 12:21:16.855644+03	\N	\N	\N	\N	\N	\N
279	69	37	2	\N	\N	\N	2022-06-22 12:21:16.855644+03	\N	\N	\N	\N	\N	\N
280	70	33	2	\N	\N	\N	2022-06-22 12:21:16.855645+03	\N	\N	\N	\N	\N	\N
281	70	42	2	\N	\N	\N	2022-06-22 12:21:16.855645+03	\N	\N	\N	\N	\N	\N
282	70	43	2	\N	\N	\N	2022-06-22 12:21:16.855645+03	\N	\N	\N	\N	\N	\N
283	70	44	2	\N	\N	\N	2022-06-22 12:21:16.855645+03	\N	\N	\N	\N	\N	\N
284	70	45	2	\N	\N	\N	2022-06-22 12:21:16.855645+03	\N	\N	\N	\N	\N	\N
285	71	33	2	\N	\N	\N	2022-06-22 12:21:16.855645+03	\N	\N	\N	\N	\N	\N
286	71	42	2	\N	\N	\N	2022-06-22 12:21:16.855645+03	\N	\N	\N	\N	\N	\N
287	71	43	2	\N	\N	\N	2022-06-22 12:21:16.855645+03	\N	\N	\N	\N	\N	\N
288	71	44	2	\N	\N	\N	2022-06-22 12:21:16.855646+03	\N	\N	\N	\N	\N	\N
289	71	45	2	\N	\N	\N	2022-06-22 12:21:16.855646+03	\N	\N	\N	\N	\N	\N
\.


--
-- Data for Name: IntersectionResult; Type: TABLE DATA; Schema: public; Owner: postgres
--

COPY public."IntersectionResult" ("Id", "CauseResultId", "EffectResultId", "TagConditionString_SymbolToDisplay", "TriggeredType", "CeMatrixResultId") FROM stdin;
1	1	1	C	2	1
2	1	3	S	4	1
3	1	4	S	4	1
4	2	1	C	2	1
5	2	3	S	4	1
6	2	4	S	4	1
7	2	19	C	2	1
8	2	21	C	2	1
9	2	22	C	2	1
10	3	1	C	0	1
11	3	3	S	0	1
12	3	4	S	0	1
13	3	19	C	0	1
14	3	21	C	0	1
15	3	22	C	0	1
16	3	28	S	0	1
17	3	29	S	0	1
18	4	1	C	2	1
19	4	3	S	4	1
20	4	4	S	4	1
21	4	19	C	2	1
22	4	21	C	2	1
23	4	22	C	2	1
24	4	28	S	1	1
25	4	29	S	4	1
26	5	1	C	0	1
27	5	19	C	0	1
28	5	21	C	0	1
29	5	22	C	0	1
30	5	28	S	0	1
31	5	29	S	0	1
32	6	28	S	0	1
33	6	29	S	0	1
34	7	1	C	0	1
35	7	15	C	0	1
36	7	16	C	0	1
37	7	17	C	0	1
38	7	18	C	0	1
39	7	19	C	0	1
40	7	20	C	0	1
41	7	21	C	0	1
42	7	22	C	0	1
43	8	19	C	0	1
44	9	19	C	1	1
45	9	21	C	1	1
46	9	22	C	1	1
47	10	19	C	0	1
48	10	21	C	0	1
49	10	22	C	0	1
50	11	1	C	0	1
51	11	3	S	0	1
52	11	4	S	0	1
53	11	19	C	0	1
54	11	21	C	0	1
55	11	22	C	0	1
56	11	28	S	0	1
57	11	29	S	0	1
58	12	7	S	0	1
59	12	8	S	0	1
60	13	2	C	0	1
61	13	5	S	0	1
62	13	6	S	0	1
63	13	16	C	0	1
64	13	17	C	0	1
65	13	18	C	0	1
66	13	19	C	0	1
67	13	21	C	0	1
68	13	22	C	0	1
69	13	30	S	0	1
70	14	16	C	0	1
71	15	16	C	0	1
72	16	16	C	0	1
73	17	16	C	0	1
74	18	16	C	0	1
75	19	15	C	0	1
76	19	16	C	0	1
77	19	17	C	0	1
78	19	18	C	0	1
79	19	26	O	0	1
80	20	15	C	0	1
81	20	16	C	0	1
82	20	17	C	0	1
83	20	18	C	0	1
84	20	26	O	0	1
85	21	15	C	0	1
86	21	16	C	0	1
87	21	17	C	0	1
88	21	18	C	0	1
89	21	26	O	0	1
90	22	15	C	0	1
91	22	16	C	0	1
92	22	17	C	0	1
93	22	18	C	0	1
94	22	26	O	0	1
95	23	15	C	0	1
96	23	16	C	0	1
97	23	17	C	0	1
98	23	18	C	0	1
99	23	26	O	0	1
100	24	16	C	0	1
101	24	17	C	0	1
102	24	18	C	0	1
103	25	16	C	0	1
104	25	17	C	0	1
105	25	18	C	0	1
106	26	16	C	3	1
107	26	17	C	3	1
108	26	18	C	3	1
109	27	31	C	0	1
110	28	32	C	0	1
111	29	15	C	0	1
112	29	16	C	0	1
113	29	17	C	0	1
114	29	18	C	0	1
115	29	19	C	0	1
116	29	20	C	0	1
117	29	21	C	0	1
118	29	22	C	0	1
119	30	2	C	0	1
120	30	5	S	0	1
121	30	6	S	0	1
122	30	16	C	0	1
123	30	17	C	0	1
124	30	18	C	0	1
125	31	9	S	0	1
126	31	10	S	0	1
127	31	14	C	0	1
128	31	23	C	0	1
129	31	24	C	0	1
130	32	9	S	0	1
131	32	10	S	0	1
132	32	14	C	0	1
133	32	23	C	0	1
134	32	24	C	0	1
135	33	9	S	0	1
136	33	10	S	0	1
137	33	14	C	0	1
138	33	23	C	0	1
139	33	24	C	0	1
140	33	27	O	0	1
141	34	9	S	0	1
142	34	10	S	0	1
143	34	14	C	0	1
144	34	23	C	0	1
145	34	24	C	0	1
146	34	27	O	0	1
147	35	13	S	0	1
148	36	11	S	0	1
149	36	12	S	0	1
150	37	9	S	0	1
151	37	10	S	0	1
152	38	2	C	3	1
153	38	5	S	3	1
154	38	6	S	4	1
155	39	1	C	1	1
156	39	3	S	4	1
157	39	4	S	4	1
158	39	20	C	1	1
159	39	25	O	1	1
160	40	38	C	2	2
161	40	39	C	2	2
162	40	40	C	2	2
163	40	41	C	2	2
164	41	38	C	2	2
165	41	39	C	2	2
166	41	40	C	2	2
167	41	41	C	2	2
168	42	38	C	2	2
169	42	39	C	2	2
170	42	40	C	2	2
171	42	41	C	2	2
172	43	38	C	2	2
173	43	39	C	2	2
174	43	40	C	2	2
175	43	41	C	2	2
176	44	38	C	2	2
177	44	39	C	2	2
178	44	40	C	2	2
179	44	41	C	2	2
180	45	34	C	2	2
181	45	35	C	2	2
182	45	36	C	2	2
183	45	37	C	2	2
184	46	34	C	2	2
185	46	35	C	2	2
186	46	36	C	2	2
187	46	37	C	2	2
188	47	34	C	2	2
189	47	35	C	2	2
190	47	36	C	2	2
191	47	37	C	2	2
192	48	34	C	2	2
193	48	35	C	2	2
194	48	36	C	2	2
195	48	37	C	2	2
196	49	34	C	2	2
197	49	35	C	2	2
198	49	36	C	2	2
199	49	37	C	2	2
200	50	34	C	2	2
201	50	35	C	2	2
202	50	36	C	2	2
203	50	37	C	2	2
204	51	34	C	2	2
205	51	35	C	2	2
206	51	36	C	2	2
207	51	37	C	2	2
208	52	34	C	2	2
209	52	35	C	2	2
210	52	36	C	2	2
211	52	37	C	2	2
212	53	34	C	2	2
213	53	35	C	2	2
214	53	36	C	2	2
215	53	37	C	2	2
216	54	34	C	2	2
217	54	35	C	2	2
218	54	36	C	2	2
219	54	37	C	2	2
220	55	34	C	2	2
221	55	35	C	2	2
222	55	36	C	2	2
223	55	37	C	2	2
224	56	34	C	2	2
225	56	35	C	2	2
226	56	36	C	2	2
227	56	37	C	2	2
228	57	34	C	2	2
229	57	35	C	2	2
230	57	36	C	2	2
231	57	37	C	2	2
232	58	34	C	2	2
233	58	35	C	2	2
234	58	36	C	2	2
235	58	37	C	2	2
236	59	34	C	2	2
237	59	35	C	2	2
238	59	36	C	2	2
239	59	37	C	2	2
240	60	34	C	2	2
241	60	35	C	2	2
242	60	36	C	2	2
243	60	37	C	2	2
244	61	34	C	2	2
245	61	35	C	2	2
246	61	36	C	2	2
247	61	37	C	2	2
248	62	34	C	2	2
249	62	35	C	2	2
250	62	36	C	2	2
251	62	37	C	2	2
252	63	34	C	2	2
253	63	35	C	2	2
254	63	36	C	2	2
255	63	37	C	2	2
256	64	34	C	2	2
257	64	35	C	2	2
258	64	36	C	2	2
259	64	37	C	2	2
260	65	34	C	2	2
261	65	35	C	2	2
262	65	36	C	2	2
263	65	37	C	2	2
264	66	34	C	2	2
265	66	35	C	2	2
266	66	36	C	2	2
267	66	37	C	2	2
268	67	34	C	2	2
269	67	35	C	2	2
270	67	36	C	2	2
271	67	37	C	2	2
272	68	34	C	0	2
273	68	35	C	0	2
274	68	36	C	0	2
275	68	37	C	0	2
276	69	34	C	2	2
277	69	35	C	2	2
278	69	36	C	2	2
279	69	37	C	2	2
280	70	33	C	0	2
281	70	42	C	0	2
282	70	43	C	0	2
283	70	44	S	0	2
284	70	45	S	0	2
285	71	33	C	0	2
286	71	42	C	0	2
287	71	43	C	0	2
288	71	44	S	0	2
289	71	45	S	0	2
\.


--
-- Data for Name: Jobs; Type: TABLE DATA; Schema: public; Owner: postgres
--

COPY public."Jobs" ("Id", "Guid", "Name", "IsSuccess", "Message", "Status") FROM stdin;
\.


--
-- Data for Name: Offices; Type: TABLE DATA; Schema: public; Owner: postgres
--

COPY public."Offices" ("Id", "Title") FROM stdin;
1	Завод
2	Отдел АСУ ТП
\.


--
-- Data for Name: Param; Type: TABLE DATA; Schema: public; Owner: postgres
--

COPY public."Param" ("Id", "ParamName", "Value", "Eu", "Type", "Desc", "Discriminator", "TagId", "BaseActuatorId", "TagParam_TagId", "_ProposalCreateMessageId", "_ProposalCreateTimeUtc", "_CreateMessageId", "_CreateTimeUtc", "_ProposalDeleteMessageId", "_ProposalDeleteTimeUtc", "_DeleteMessageId", "_DeleteDateTimeUtc", "_RejectedMessageId", "_RejectedDateTimeUtc") FROM stdin;
1	MaxSafeSpeed	30	с		Максимально допустимое время срабатывания	BaseActuatorParam	\N	2	\N	\N	\N	\N	\N	\N	\N	\N	\N	\N	\N
2	SafeSpeed	15	с		Среднее время срабатывания	BaseActuatorParam	\N	2	\N	\N	\N	\N	\N	\N	\N	\N	\N	\N	\N
3	MaxSafeSpeed	3	с		Максимально допустимое время срабатывания	BaseActuatorParam	\N	3	\N	\N	\N	\N	\N	\N	\N	\N	\N	\N	\N
\.


--
-- Data for Name: Projects; Type: TABLE DATA; Schema: public; Owner: postgres
--

COPY public."Projects" ("Id", "Guid", "Title", "Desc", "Comment", "LastChanged", "UnitId") FROM stdin;
1	f0e023a2-df8e-4373-bb8e-c5e412cbdd4b	Основной	Установка АВТ-6		2022-06-22 12:20:40.175863+03	1
2	b7f5db90-d06a-4d35-87a4-0d81a4a26d7a	Второй	Гидроочистка дизельных топлив		2022-06-22 12:20:40.176022+03	1
3	c02db02c-9bee-488c-b101-62e55041ac79	Третий	Производство элементарной серы		2022-06-22 12:20:40.176024+03	1
\.


--
-- Data for Name: ResultEvent; Type: TABLE DATA; Schema: public; Owner: postgres
--

COPY public."ResultEvent" ("Id", "Num", "TagName", "Type", "TagConditionString", "TriggeredType", "TriggeredTimeUtc", "ResultId") FROM stdin;
1	9	Э-1	1	ALARM=ЗАКР	2	2021-06-10 06:38:28.898+03	1
2	21	Э-2	1	ALARM=ЗАКР	3	2021-06-10 06:40:25.58+03	1
3	22	H-3	1	ALARM=ВЫКЛ	3	2021-06-10 06:40:25.58+03	1
4	30	UV-207	1	ALARM=ЗАКР	5	2021-06-10 06:42:19.138+03	1
5	24	UV-208	1	ALARM=ЗАКР	3	2021-06-10 06:41:50.987+03	1
6	25	UV-209	1	ALARM=ЗАКР	3	2021-06-10 06:41:50.987+03	1
7	26	UV-210	1	ALARM=ЗАКР	3	2021-06-10 06:41:50.987+03	1
8	4	UV-211	1	ALARM=ЗАКР	2	2021-06-10 06:38:28.897+03	1
9	5	UV-212	1	ALARM=ЗАКР	2	2021-06-10 06:38:28.897+03	1
10	10	UV-213	1	ALARM=ЗАКР	2	2021-06-10 06:38:28.898+03	1
11	11	UV-214	1	ALARM=ЗАКР	2	2021-06-10 06:38:28.898+03	1
12	6	EUV201	1	ALARM=ОТКР	2	2021-06-10 06:38:28.897+03	1
13	57	ПК-1	1	ALARM=ВЫКЛ	2	2021-06-10 06:43:24.41+03	1
14	14	FR301	0	PVLowLow	0	2021-06-10 06:38:29.391+03	1
15	58	FR303	0	PVLowLow	0	2021-06-10 06:43:24.608+03	1
16	56	PSL205	0	PVLowLow	0	2021-06-10 06:43:24.004+03	1
17	2	TR169	0	PVHighHigh	0	2021-06-10 06:38:28.42+03	1
18	23	TSH136	0	PVHighHigh	0	2021-06-10 06:41:48.98+03	1
19	20	FR307	0	PVLowLow	0	2021-06-10 06:40:01.51+03	1
20	3	TR169	0	PVHighHigh	0	2021-06-10 06:38:28.42+03	1
21	1	AI405	0	PVLowLow	0	2021-06-10 06:37:35.562+03	1
22	31	UV-207	1	ALARM=ЗАКР	5	2021-06-10 06:42:19.138+03	1
23	27	UV-208	1	ALARM=ЗАКР	3	2021-06-10 06:41:50.987+03	1
24	28	UV-209	1	ALARM=ЗАКР	3	2021-06-10 06:41:50.987+03	1
25	29	UV-210	1	ALARM=ЗАКР	3	2021-06-10 06:41:50.987+03	1
26	7	UV-211	1	ALARM=ЗАКР	2	2021-06-10 06:38:28.897+03	1
27	8	UV-212	1	ALARM=ЗАКР	2	2021-06-10 06:38:28.897+03	1
28	12	UV-213	1	ALARM=ЗАКР	2	2021-06-10 06:38:28.898+03	1
29	13	UV-214	1	ALARM=ЗАКР	2	2021-06-10 06:38:28.898+03	1
30	15	BS-226	0	ALARM=Не горит	0	2021-06-10 06:38:29.391+03	1
31	16	BS-227	0	ALARM=Не горит	0	2021-06-10 06:38:29.391+03	1
32	17	BS-228	0	ALARM=Не горит	0	2021-06-10 06:38:29.391+03	1
33	18	BS-229	0	ALARM=Не горит	0	2021-06-10 06:38:29.391+03	1
34	19	BS-230	0	ALARM=Не горит	0	2021-06-10 06:38:29.391+03	1
35	32	BS-201	0	ALARM=Не горит	0	2021-06-10 06:42:22.134+03	1
36	33	BS-202	0	ALARM=Не горит	0	2021-06-10 06:42:22.134+03	1
37	34	BS-203	0	ALARM=Не горит	0	2021-06-10 06:42:22.134+03	1
38	35	BS-204	0	ALARM=Не горит	0	2021-06-10 06:42:22.134+03	1
39	36	BS-205	0	ALARM=Не горит	0	2021-06-10 06:42:22.134+03	1
40	37	BS-206	0	ALARM=Не горит	0	2021-06-10 06:42:22.134+03	1
41	38	BS-207	0	ALARM=Не горит	0	2021-06-10 06:42:22.134+03	1
42	39	BS-208	0	ALARM=Не горит	0	2021-06-10 06:42:22.134+03	1
43	40	BS-209	0	ALARM=Не горит	0	2021-06-10 06:42:22.134+03	1
44	41	BS-210	0	ALARM=Не горит	0	2021-06-10 06:42:22.134+03	1
45	42	BS-211	0	ALARM=Не горит	0	2021-06-10 06:42:22.134+03	1
46	43	BS-212	0	ALARM=Не горит	0	2021-06-10 06:42:22.134+03	1
47	44	BS-213	0	ALARM=Не горит	0	2021-06-10 06:42:22.134+03	1
48	45	BS-214	0	ALARM=Не горит	0	2021-06-10 06:42:22.134+03	1
49	46	BS-215	0	ALARM=Не горит	0	2021-06-10 06:42:22.134+03	1
50	47	BS-216	0	ALARM=Не горит	0	2021-06-10 06:42:22.134+03	1
51	48	BS-217	0	ALARM=Не горит	0	2021-06-10 06:42:22.134+03	1
52	49	BS-218	0	ALARM=Не горит	0	2021-06-10 06:42:22.134+03	1
53	50	BS-219	0	ALARM=Не горит	0	2021-06-10 06:42:22.134+03	1
54	51	BS-220	0	ALARM=Не горит	0	2021-06-10 06:42:22.134+03	1
55	52	BS-221	0	ALARM=Не горит	0	2021-06-10 06:42:22.134+03	1
56	53	BS-222	0	ALARM=Не горит	0	2021-06-10 06:42:22.134+03	1
57	54	BS-223	0	ALARM=Не горит	0	2021-06-10 06:42:22.134+03	1
58	55	BS-225	0	ALARM=Не горит	0	2021-06-10 06:42:22.134+03	1
\.


--
-- Data for Name: Results; Type: TABLE DATA; Schema: public; Owner: postgres
--

COPY public."Results" ("Id", "Title", "Desc", "Comment", "AlalyzeTimeUtc", "StartTimeUtc", "EndTimeUtc", "UnitId") FROM stdin;
1	Example1 DeltaSim Logs.csv	Example1 DeltaSim Logs.csv		2022-06-22 12:21:16.949527+03	2021-06-10 06:37:35.562+03	2021-06-10 06:43:24.608+03	1
\.


--
-- Data for Name: Section; Type: TABLE DATA; Schema: public; Owner: postgres
--

COPY public."Section" ("Id", "Title", "Level", "Calculation", "ParentSectionId", "AlarmLevel", "AlarmOpacity", "K", "UnitId") FROM stdin;
\.


--
-- Data for Name: SimUsers; Type: TABLE DATA; Schema: public; Owner: postgres
--

COPY public."SimUsers" ("Id", "User", "Password", "ProviderName", "ProviderSubjectId", "IsActive", "FirstName", "LastName", "MiddleName", "PersonnelNumber", "OfficeId", "Role") FROM stdin;
1	mngr	mngr1			t	Александр	Пушкин	Сергеевич	27	1	RoleAdmin
\.


--
-- Data for Name: StandardParam; Type: TABLE DATA; Schema: public; Owner: postgres
--

COPY public."StandardParam" ("Id", "ParamName", "Type", "Desc", "BaseActuatorTypeId") FROM stdin;
1	MaxSafeSpeed		Максимально допустимое время срабатывания	2
2	MaxSafeSpeed		Максимально допустимое время срабатывания	3
\.


--
-- Data for Name: SubCause; Type: TABLE DATA; Schema: public; Owner: postgres
--

COPY public."SubCause" ("Id", "Num", "TagName", "TagConditionString", "CustomFieldValues", "CauseId", "_ProposalCreateMessageId", "_ProposalCreateTimeUtc", "_CreateMessageId", "_CreateTimeUtc", "_ProposalDeleteMessageId", "_ProposalDeleteTimeUtc", "_DeleteMessageId", "_DeleteDateTimeUtc", "_RejectedMessageId", "_RejectedDateTimeUtc") FROM stdin;
1	0	FR301	PVLowLow	""	1	\N	\N	\N	2022-06-22 12:21:16.511392+03	\N	\N	\N	\N	\N	\N
2	0	FR303	PVLowLow	""	2	\N	\N	\N	2022-06-22 12:21:16.514953+03	\N	\N	\N	\N	\N	\N
3	0	PR207	PVHighHigh	""	3	\N	\N	\N	2022-06-22 12:21:16.515946+03	\N	\N	\N	\N	\N	\N
4	0	PSL205	PVLowLow	""	4	\N	\N	\N	2022-06-22 12:21:16.516916+03	\N	\N	\N	\N	\N	\N
5	0	PDAL206	PVHighHigh	""	5	\N	\N	\N	2022-06-22 12:21:16.518053+03	\N	\N	\N	\N	\N	\N
6	0	TS117	PVHighHigh	""	6	\N	\N	\N	2022-06-22 12:21:16.519284+03	\N	\N	\N	\N	\N	\N
7	0	PSL233	PVLowLow	""	7	\N	\N	\N	2022-06-22 12:21:16.520314+03	\N	\N	\N	\N	\N	\N
8	0	PSL235	PVLowLow	""	8	\N	\N	\N	2022-06-22 12:21:16.521344+03	\N	\N	\N	\N	\N	\N
9	0	TR169	PVHighHigh	""	9	\N	\N	\N	2022-06-22 12:21:16.522295+03	\N	\N	\N	\N	\N	\N
10	0	TIA111	PVHighHigh	""	10	\N	\N	\N	2022-06-22 12:21:16.523227+03	\N	\N	\N	\N	\N	\N
11	0	LRA402	PVHighHigh	""	11	\N	\N	\N	2022-06-22 12:21:16.524158+03	\N	\N	\N	\N	\N	\N
12	0	LRA406	PVLowLow	""	12	\N	\N	\N	2022-06-22 12:21:16.525129+03	\N	\N	\N	\N	\N	\N
13	0	FR331	PVLowLow	""	13	\N	\N	\N	2022-06-22 12:21:16.526097+03	\N	\N	\N	\N	\N	\N
14	0	PSL238	PVLowLow	""	14	\N	\N	\N	2022-06-22 12:21:16.527022+03	\N	\N	\N	\N	\N	\N
15	0	PSL240	PVLowLow	""	15	\N	\N	\N	2022-06-22 12:21:16.527911+03	\N	\N	\N	\N	\N	\N
16	0	PSL242	PVLowLow	""	16	\N	\N	\N	2022-06-22 12:21:16.528793+03	\N	\N	\N	\N	\N	\N
17	0	PSL244	PVLowLow	""	17	\N	\N	\N	2022-06-22 12:21:16.529677+03	\N	\N	\N	\N	\N	\N
18	0	PSL246	PVLowLow	""	18	\N	\N	\N	2022-06-22 12:21:16.530562+03	\N	\N	\N	\N	\N	\N
19	0	TR172	PVHighHigh	""	19	\N	\N	\N	2022-06-22 12:21:16.531454+03	\N	\N	\N	\N	\N	\N
20	0	TR173	PVHighHigh	""	20	\N	\N	\N	2022-06-22 12:21:16.532404+03	\N	\N	\N	\N	\N	\N
21	0	TR174	PVHighHigh	""	21	\N	\N	\N	2022-06-22 12:21:16.533339+03	\N	\N	\N	\N	\N	\N
22	0	TR175	PVHighHigh	""	22	\N	\N	\N	2022-06-22 12:21:16.534379+03	\N	\N	\N	\N	\N	\N
23	0	TR176	PVHighHigh	""	23	\N	\N	\N	2022-06-22 12:21:16.53534+03	\N	\N	\N	\N	\N	\N
24	0	TSH129	PVHighHigh	""	24	\N	\N	\N	2022-06-22 12:21:16.536302+03	\N	\N	\N	\N	\N	\N
25	0	TSH133	PVHighHigh	""	25	\N	\N	\N	2022-06-22 12:21:16.537264+03	\N	\N	\N	\N	\N	\N
26	0	TSH136	PVHighHigh	""	26	\N	\N	\N	2022-06-22 12:21:16.538229+03	\N	\N	\N	\N	\N	\N
27	0	LS414	PVHighHigh	""	27	\N	\N	\N	2022-06-22 12:21:16.539204+03	\N	\N	\N	\N	\N	\N
28	0	LS414	PVLowLow	""	28	\N	\N	\N	2022-06-22 12:21:16.540266+03	\N	\N	\N	\N	\N	\N
29	0	PR269	PVHighHigh	""	29	\N	\N	\N	2022-06-22 12:21:16.542539+03	\N	\N	\N	\N	\N	\N
30	0	LRA417	PVHighHigh	""	30	\N	\N	\N	2022-06-22 12:21:16.543507+03	\N	\N	\N	\N	\N	\N
31	0	FR316	PVLowLow	""	31	\N	\N	\N	2022-06-22 12:21:16.54447+03	\N	\N	\N	\N	\N	\N
32	0	FR317	PVLowLow	""	32	\N	\N	\N	2022-06-22 12:21:16.545435+03	\N	\N	\N	\N	\N	\N
33	0	TR178	PVHighHigh	""	33	\N	\N	\N	2022-06-22 12:21:16.546399+03	\N	\N	\N	\N	\N	\N
34	0	TR179	PVHighHigh	""	34	\N	\N	\N	2022-06-22 12:21:16.547359+03	\N	\N	\N	\N	\N	\N
35	0	LR415	PVLowLow	""	35	\N	\N	\N	2022-06-22 12:21:16.548323+03	\N	\N	\N	\N	\N	\N
36	0	LRA409	PVLowLow	""	36	\N	\N	\N	2022-06-22 12:21:16.549334+03	\N	\N	\N	\N	\N	\N
37	0	LRA411	PVLowLow	""	37	\N	\N	\N	2022-06-22 12:21:16.55072+03	\N	\N	\N	\N	\N	\N
38	0	FR307	PVLowLow	""	38	\N	\N	\N	2022-06-22 12:21:16.552129+03	\N	\N	\N	\N	\N	\N
39	1	TR169	PVHighHigh	2oo2	39	\N	\N	\N	2022-06-22 12:21:16.553382+03	\N	\N	\N	\N	\N	\N
40	2	AI405	PVLowLow	2oo2	39	\N	\N	\N	2022-06-22 12:21:16.554613+03	\N	\N	\N	\N	\N	\N
41	0	BS-226	ALARM=Не горит		40	\N	\N	\N	2022-06-22 12:21:16.780866+03	\N	\N	\N	\N	\N	\N
42	0	BS-227	ALARM=Не горит		41	\N	\N	\N	2022-06-22 12:21:16.782289+03	\N	\N	\N	\N	\N	\N
43	0	BS-228	ALARM=Не горит		42	\N	\N	\N	2022-06-22 12:21:16.783594+03	\N	\N	\N	\N	\N	\N
44	0	BS-229	ALARM=Не горит		43	\N	\N	\N	2022-06-22 12:21:16.784913+03	\N	\N	\N	\N	\N	\N
45	0	BS-230	ALARM=Не горит		44	\N	\N	\N	2022-06-22 12:21:16.786251+03	\N	\N	\N	\N	\N	\N
46	0	BS-201	ALARM=Не горит		45	\N	\N	\N	2022-06-22 12:21:16.787578+03	\N	\N	\N	\N	\N	\N
47	0	BS-202	ALARM=Не горит		46	\N	\N	\N	2022-06-22 12:21:16.788919+03	\N	\N	\N	\N	\N	\N
48	0	BS-203	ALARM=Не горит		47	\N	\N	\N	2022-06-22 12:21:16.790255+03	\N	\N	\N	\N	\N	\N
49	0	BS-204	ALARM=Не горит		48	\N	\N	\N	2022-06-22 12:21:16.791579+03	\N	\N	\N	\N	\N	\N
50	0	BS-205	ALARM=Не горит		49	\N	\N	\N	2022-06-22 12:21:16.792906+03	\N	\N	\N	\N	\N	\N
51	0	BS-206	ALARM=Не горит		50	\N	\N	\N	2022-06-22 12:21:16.794233+03	\N	\N	\N	\N	\N	\N
52	0	BS-207	ALARM=Не горит		51	\N	\N	\N	2022-06-22 12:21:16.795564+03	\N	\N	\N	\N	\N	\N
53	0	BS-208	ALARM=Не горит		52	\N	\N	\N	2022-06-22 12:21:16.796902+03	\N	\N	\N	\N	\N	\N
54	0	BS-209	ALARM=Не горит		53	\N	\N	\N	2022-06-22 12:21:16.798483+03	\N	\N	\N	\N	\N	\N
55	0	BS-210	ALARM=Не горит		54	\N	\N	\N	2022-06-22 12:21:16.799845+03	\N	\N	\N	\N	\N	\N
56	0	BS-211	ALARM=Не горит		55	\N	\N	\N	2022-06-22 12:21:16.801315+03	\N	\N	\N	\N	\N	\N
57	0	BS-212	ALARM=Не горит		56	\N	\N	\N	2022-06-22 12:21:16.802682+03	\N	\N	\N	\N	\N	\N
58	0	BS-213	ALARM=Не горит		57	\N	\N	\N	2022-06-22 12:21:16.804016+03	\N	\N	\N	\N	\N	\N
59	0	BS-214	ALARM=Не горит		58	\N	\N	\N	2022-06-22 12:21:16.805361+03	\N	\N	\N	\N	\N	\N
60	0	BS-215	ALARM=Не горит		59	\N	\N	\N	2022-06-22 12:21:16.806787+03	\N	\N	\N	\N	\N	\N
61	0	BS-216	ALARM=Не горит		60	\N	\N	\N	2022-06-22 12:21:16.808274+03	\N	\N	\N	\N	\N	\N
62	0	BS-217	ALARM=Не горит		61	\N	\N	\N	2022-06-22 12:21:16.809739+03	\N	\N	\N	\N	\N	\N
63	0	BS-218	ALARM=Не горит		62	\N	\N	\N	2022-06-22 12:21:16.811217+03	\N	\N	\N	\N	\N	\N
64	0	BS-219	ALARM=Не горит		63	\N	\N	\N	2022-06-22 12:21:16.812704+03	\N	\N	\N	\N	\N	\N
65	0	BS-220	ALARM=Не горит		64	\N	\N	\N	2022-06-22 12:21:16.814271+03	\N	\N	\N	\N	\N	\N
66	0	BS-221	ALARM=Не горит		65	\N	\N	\N	2022-06-22 12:21:16.815592+03	\N	\N	\N	\N	\N	\N
67	0	BS-222	ALARM=Не горит		66	\N	\N	\N	2022-06-22 12:21:16.816924+03	\N	\N	\N	\N	\N	\N
68	0	BS-223	ALARM=Не горит		67	\N	\N	\N	2022-06-22 12:21:16.818319+03	\N	\N	\N	\N	\N	\N
69	0	BS-224	ALARM=Не горит		68	\N	\N	\N	2022-06-22 12:21:16.819681+03	\N	\N	\N	\N	\N	\N
70	0	BS-225	ALARM=Не горит		69	\N	\N	\N	2022-06-22 12:21:16.821055+03	\N	\N	\N	\N	\N	\N
71	0	2SB-1	ALARM=Не горит		70	\N	\N	\N	2022-06-22 12:21:16.82244+03	\N	\N	\N	\N	\N	\N
72	0	2SB-2	ALARM=Не горит		71	\N	\N	\N	2022-06-22 12:21:16.823811+03	\N	\N	\N	\N	\N	\N
\.


--
-- Data for Name: SubCauseResult; Type: TABLE DATA; Schema: public; Owner: postgres
--

COPY public."SubCauseResult" ("Id", "Num", "TagName", "TagConditionString", "CustomFieldValues", "TriggeredTimeUtc", "CauseResultId") FROM stdin;
1	0	FR301	PVLowLow	""	2021-06-10 06:38:29.391+03	1
2	0	FR303	PVLowLow	""	2021-06-10 06:43:24.608+03	2
3	0	PR207	PVHighHigh	""	\N	3
4	0	PSL205	PVLowLow	""	2021-06-10 06:43:24.004+03	4
5	0	PDAL206	PVHighHigh	""	\N	5
6	0	TS117	PVHighHigh	""	\N	6
7	0	PSL233	PVLowLow	""	\N	7
8	0	PSL235	PVLowLow	""	\N	8
9	0	TR169	PVHighHigh	""	2021-06-10 06:38:28.42+03	9
10	0	TIA111	PVHighHigh	""	\N	10
11	0	LRA402	PVHighHigh	""	\N	11
12	0	LRA406	PVLowLow	""	\N	12
13	0	FR331	PVLowLow	""	\N	13
14	0	PSL238	PVLowLow	""	\N	14
15	0	PSL240	PVLowLow	""	\N	15
16	0	PSL242	PVLowLow	""	\N	16
17	0	PSL244	PVLowLow	""	\N	17
18	0	PSL246	PVLowLow	""	\N	18
19	0	TR172	PVHighHigh	""	\N	19
20	0	TR173	PVHighHigh	""	\N	20
21	0	TR174	PVHighHigh	""	\N	21
22	0	TR175	PVHighHigh	""	\N	22
23	0	TR176	PVHighHigh	""	\N	23
24	0	TSH129	PVHighHigh	""	\N	24
25	0	TSH133	PVHighHigh	""	\N	25
26	0	TSH136	PVHighHigh	""	2021-06-10 06:41:48.98+03	26
27	0	LS414	PVHighHigh	""	\N	27
28	0	LS414	PVLowLow	""	\N	28
29	0	PR269	PVHighHigh	""	\N	29
30	0	LRA417	PVHighHigh	""	\N	30
31	0	FR316	PVLowLow	""	\N	31
32	0	FR317	PVLowLow	""	\N	32
33	0	TR178	PVHighHigh	""	\N	33
34	0	TR179	PVHighHigh	""	\N	34
35	0	LR415	PVLowLow	""	\N	35
36	0	LRA409	PVLowLow	""	\N	36
37	0	LRA411	PVLowLow	""	\N	37
38	0	FR307	PVLowLow	""	2021-06-10 06:40:01.51+03	38
39	1	TR169	PVHighHigh	2oo2	2021-06-10 06:38:28.42+03	39
40	2	AI405	PVLowLow	2oo2	2021-06-10 06:37:35.562+03	39
41	0	BS-226	ALARM=Не горит		2021-06-10 06:38:29.391+03	40
42	0	BS-227	ALARM=Не горит		2021-06-10 06:38:29.391+03	41
43	0	BS-228	ALARM=Не горит		2021-06-10 06:38:29.391+03	42
44	0	BS-229	ALARM=Не горит		2021-06-10 06:38:29.391+03	43
45	0	BS-230	ALARM=Не горит		2021-06-10 06:38:29.391+03	44
46	0	BS-201	ALARM=Не горит		2021-06-10 06:42:22.134+03	45
47	0	BS-202	ALARM=Не горит		2021-06-10 06:42:22.134+03	46
48	0	BS-203	ALARM=Не горит		2021-06-10 06:42:22.134+03	47
49	0	BS-204	ALARM=Не горит		2021-06-10 06:42:22.134+03	48
50	0	BS-205	ALARM=Не горит		2021-06-10 06:42:22.134+03	49
51	0	BS-206	ALARM=Не горит		2021-06-10 06:42:22.134+03	50
52	0	BS-207	ALARM=Не горит		2021-06-10 06:42:22.134+03	51
53	0	BS-208	ALARM=Не горит		2021-06-10 06:42:22.134+03	52
54	0	BS-209	ALARM=Не горит		2021-06-10 06:42:22.134+03	53
55	0	BS-210	ALARM=Не горит		2021-06-10 06:42:22.134+03	54
56	0	BS-211	ALARM=Не горит		2021-06-10 06:42:22.134+03	55
57	0	BS-212	ALARM=Не горит		2021-06-10 06:42:22.134+03	56
58	0	BS-213	ALARM=Не горит		2021-06-10 06:42:22.134+03	57
59	0	BS-214	ALARM=Не горит		2021-06-10 06:42:22.134+03	58
60	0	BS-215	ALARM=Не горит		2021-06-10 06:42:22.134+03	59
61	0	BS-216	ALARM=Не горит		2021-06-10 06:42:22.134+03	60
62	0	BS-217	ALARM=Не горит		2021-06-10 06:42:22.134+03	61
63	0	BS-218	ALARM=Не горит		2021-06-10 06:42:22.134+03	62
64	0	BS-219	ALARM=Не горит		2021-06-10 06:42:22.134+03	63
65	0	BS-220	ALARM=Не горит		2021-06-10 06:42:22.134+03	64
66	0	BS-221	ALARM=Не горит		2021-06-10 06:42:22.134+03	65
67	0	BS-222	ALARM=Не горит		2021-06-10 06:42:22.134+03	66
68	0	BS-223	ALARM=Не горит		2021-06-10 06:42:22.134+03	67
69	0	BS-224	ALARM=Не горит		\N	68
70	0	BS-225	ALARM=Не горит		2021-06-10 06:42:22.134+03	69
71	0	2SB-1	ALARM=Не горит		\N	70
72	0	2SB-2	ALARM=Не горит		\N	71
\.


--
-- Data for Name: TagCondition; Type: TABLE DATA; Schema: public; Owner: postgres
--

COPY public."TagCondition" ("Id", "Identifier", "MathOperator", "Value", "SymbolToDisplay", "TagId", "_ProposalCreateMessageId", "_ProposalCreateTimeUtc", "_CreateMessageId", "_CreateTimeUtc", "_ProposalDeleteMessageId", "_ProposalDeleteTimeUtc", "_DeleteMessageId", "_DeleteDateTimeUtc", "_RejectedMessageId", "_RejectedDateTimeUtc") FROM stdin;
1	ALARM		ВЫКЛ		1	\N	\N	\N	2022-06-22 12:20:40.774897+03	\N	\N	\N	\N	\N	\N
2	ALARM		ВЫКЛ		2	\N	\N	\N	2022-06-22 12:20:40.824077+03	\N	\N	\N	\N	\N	\N
67	PVHigh				67	\N	\N	\N	2022-06-22 12:21:13.100755+03	\N	\N	\N	\N	\N	\N
68	PVHighHigh				67	\N	\N	\N	2022-06-22 12:21:13.101236+03	\N	\N	\N	\N	\N	\N
70	PVLow				68	\N	\N	\N	2022-06-22 12:21:16.094941+03	\N	\N	\N	\N	\N	\N
72	PVLow				69	\N	\N	\N	2022-06-22 12:21:16.095143+03	\N	\N	\N	\N	\N	\N
74	PVLow				70	\N	\N	\N	2022-06-22 12:21:16.095273+03	\N	\N	\N	\N	\N	\N
76	PVLow				71	\N	\N	\N	2022-06-22 12:21:16.095421+03	\N	\N	\N	\N	\N	\N
78	PVLow				72	\N	\N	\N	2022-06-22 12:21:16.095531+03	\N	\N	\N	\N	\N	\N
80	PVLow				73	\N	\N	\N	2022-06-22 12:21:16.095679+03	\N	\N	\N	\N	\N	\N
81	PVLow				74	\N	\N	\N	2022-06-22 12:21:16.095843+03	\N	\N	\N	\N	\N	\N
82	PVHigh				74	\N	\N	\N	2022-06-22 12:21:16.095843+03	\N	\N	\N	\N	\N	\N
83	PVLow				75	\N	\N	\N	2022-06-22 12:21:16.095964+03	\N	\N	\N	\N	\N	\N
84	PVHigh				75	\N	\N	\N	2022-06-22 12:21:16.095964+03	\N	\N	\N	\N	\N	\N
86	PVLow				76	\N	\N	\N	2022-06-22 12:21:16.096068+03	\N	\N	\N	\N	\N	\N
87	PVHigh				76	\N	\N	\N	2022-06-22 12:21:16.096068+03	\N	\N	\N	\N	\N	\N
88	PVHigh				77	\N	\N	\N	2022-06-22 12:21:16.096193+03	\N	\N	\N	\N	\N	\N
89	PVHighHigh				77	\N	\N	\N	2022-06-22 12:21:16.096193+03	\N	\N	\N	\N	\N	\N
90	PVLow				78	\N	\N	\N	2022-06-22 12:21:16.096298+03	\N	\N	\N	\N	\N	\N
91	PVHigh				78	\N	\N	\N	2022-06-22 12:21:16.096298+03	\N	\N	\N	\N	\N	\N
93	PVLow				79	\N	\N	\N	2022-06-22 12:21:16.096429+03	\N	\N	\N	\N	\N	\N
94	PVHigh				79	\N	\N	\N	2022-06-22 12:21:16.09643+03	\N	\N	\N	\N	\N	\N
95	PVLow				80	\N	\N	\N	2022-06-22 12:21:16.096531+03	\N	\N	\N	\N	\N	\N
96	PVHigh				80	\N	\N	\N	2022-06-22 12:21:16.096532+03	\N	\N	\N	\N	\N	\N
98	PVLow				81	\N	\N	\N	2022-06-22 12:21:16.096636+03	\N	\N	\N	\N	\N	\N
99	PVHigh				81	\N	\N	\N	2022-06-22 12:21:16.096637+03	\N	\N	\N	\N	\N	\N
100	PVLow				82	\N	\N	\N	2022-06-22 12:21:16.096789+03	\N	\N	\N	\N	\N	\N
3	ALARM		Не горит	H	3	\N	\N	\N	2022-06-22 12:20:40.824231+03	\N	\N	\N	\N	\N	\N
4	ALARM		Не горит	H	4	\N	\N	\N	2022-06-22 12:20:40.824318+03	\N	\N	\N	\N	\N	\N
5	ALARM		Не горит	H	5	\N	\N	\N	2022-06-22 12:20:40.824413+03	\N	\N	\N	\N	\N	\N
6	ALARM		Не горит	H	6	\N	\N	\N	2022-06-22 12:20:40.824499+03	\N	\N	\N	\N	\N	\N
7	ALARM		Не горит	H	7	\N	\N	\N	2022-06-22 12:20:40.824579+03	\N	\N	\N	\N	\N	\N
8	ALARM		Не горит	H	8	\N	\N	\N	2022-06-22 12:20:40.824659+03	\N	\N	\N	\N	\N	\N
9	ALARM		Не горит	H	9	\N	\N	\N	2022-06-22 12:20:40.82476+03	\N	\N	\N	\N	\N	\N
10	ALARM		Не горит	H	10	\N	\N	\N	2022-06-22 12:20:40.824842+03	\N	\N	\N	\N	\N	\N
11	ALARM		Не горит	H	11	\N	\N	\N	2022-06-22 12:20:40.82492+03	\N	\N	\N	\N	\N	\N
12	ALARM		Не горит	H	12	\N	\N	\N	2022-06-22 12:20:40.825005+03	\N	\N	\N	\N	\N	\N
13	ALARM		Не горит	H	13	\N	\N	\N	2022-06-22 12:20:40.825116+03	\N	\N	\N	\N	\N	\N
14	ALARM		Не горит	H	14	\N	\N	\N	2022-06-22 12:20:40.825217+03	\N	\N	\N	\N	\N	\N
15	ALARM		Не горит	H	15	\N	\N	\N	2022-06-22 12:20:40.825301+03	\N	\N	\N	\N	\N	\N
16	ALARM		Не горит	H	16	\N	\N	\N	2022-06-22 12:20:40.825414+03	\N	\N	\N	\N	\N	\N
17	ALARM		Не горит	H	17	\N	\N	\N	2022-06-22 12:20:40.825539+03	\N	\N	\N	\N	\N	\N
18	ALARM		Не горит	H	18	\N	\N	\N	2022-06-22 12:20:40.825665+03	\N	\N	\N	\N	\N	\N
19	ALARM		Не горит	H	19	\N	\N	\N	2022-06-22 12:20:40.825754+03	\N	\N	\N	\N	\N	\N
20	ALARM		Не горит	H	20	\N	\N	\N	2022-06-22 12:20:40.82586+03	\N	\N	\N	\N	\N	\N
21	ALARM		Не горит	H	21	\N	\N	\N	2022-06-22 12:20:40.825958+03	\N	\N	\N	\N	\N	\N
22	ALARM		Не горит	H	22	\N	\N	\N	2022-06-22 12:20:40.826036+03	\N	\N	\N	\N	\N	\N
23	ALARM		Не горит	H	23	\N	\N	\N	2022-06-22 12:20:40.826112+03	\N	\N	\N	\N	\N	\N
24	ALARM		Не горит	H	24	\N	\N	\N	2022-06-22 12:20:40.826193+03	\N	\N	\N	\N	\N	\N
25	ALARM		Не горит	H	25	\N	\N	\N	2022-06-22 12:20:40.826267+03	\N	\N	\N	\N	\N	\N
26	ALARM		Не горит	H	26	\N	\N	\N	2022-06-22 12:20:40.826345+03	\N	\N	\N	\N	\N	\N
27	ALARM		Не горит	H	27	\N	\N	\N	2022-06-22 12:20:40.826432+03	\N	\N	\N	\N	\N	\N
28	ALARM		Не горит	H	28	\N	\N	\N	2022-06-22 12:20:40.826515+03	\N	\N	\N	\N	\N	\N
29	ALARM		Не горит	H	29	\N	\N	\N	2022-06-22 12:20:40.826594+03	\N	\N	\N	\N	\N	\N
30	ALARM		Не горит	H	30	\N	\N	\N	2022-06-22 12:20:40.82667+03	\N	\N	\N	\N	\N	\N
31	ALARM		Не горит	H	31	\N	\N	\N	2022-06-22 12:20:40.826748+03	\N	\N	\N	\N	\N	\N
32	ALARM		Не горит	H	32	\N	\N	\N	2022-06-22 12:20:40.826956+03	\N	\N	\N	\N	\N	\N
33	ALARM		Не горит	H	33	\N	\N	\N	2022-06-22 12:20:40.827058+03	\N	\N	\N	\N	\N	\N
34	ALARM		Не горит	H	34	\N	\N	\N	2022-06-22 12:20:40.827148+03	\N	\N	\N	\N	\N	\N
101	PVHigh				82	\N	\N	\N	2022-06-22 12:21:16.09679+03	\N	\N	\N	\N	\N	\N
102	PVLow				83	\N	\N	\N	2022-06-22 12:21:16.096915+03	\N	\N	\N	\N	\N	\N
103	PVHigh				83	\N	\N	\N	2022-06-22 12:21:16.096915+03	\N	\N	\N	\N	\N	\N
105	PVLow				84	\N	\N	\N	2022-06-22 12:21:16.097025+03	\N	\N	\N	\N	\N	\N
106	PVHigh				84	\N	\N	\N	2022-06-22 12:21:16.097025+03	\N	\N	\N	\N	\N	\N
107	PVLow				85	\N	\N	\N	2022-06-22 12:21:16.097157+03	\N	\N	\N	\N	\N	\N
108	PVHigh				85	\N	\N	\N	2022-06-22 12:21:16.097163+03	\N	\N	\N	\N	\N	\N
110	PVLow				86	\N	\N	\N	2022-06-22 12:21:16.097264+03	\N	\N	\N	\N	\N	\N
111	PVHigh				86	\N	\N	\N	2022-06-22 12:21:16.097264+03	\N	\N	\N	\N	\N	\N
112	PVLow				87	\N	\N	\N	2022-06-22 12:21:16.097396+03	\N	\N	\N	\N	\N	\N
113	PVHigh				88	\N	\N	\N	2022-06-22 12:21:16.097482+03	\N	\N	\N	\N	\N	\N
116	PVLow				89	\N	\N	\N	2022-06-22 12:21:16.097585+03	\N	\N	\N	\N	\N	\N
117	PVHigh				89	\N	\N	\N	2022-06-22 12:21:16.097585+03	\N	\N	\N	\N	\N	\N
119	PVHigh				90	\N	\N	\N	2022-06-22 12:21:16.097743+03	\N	\N	\N	\N	\N	\N
121	PVHigh				91	\N	\N	\N	2022-06-22 12:21:16.097853+03	\N	\N	\N	\N	\N	\N
122	PVHigh				92	\N	\N	\N	2022-06-22 12:21:16.097929+03	\N	\N	\N	\N	\N	\N
123	PVHigh				93	\N	\N	\N	2022-06-22 12:21:16.098004+03	\N	\N	\N	\N	\N	\N
124	PVHigh				94	\N	\N	\N	2022-06-22 12:21:16.098079+03	\N	\N	\N	\N	\N	\N
125	PVHigh				95	\N	\N	\N	2022-06-22 12:21:16.098154+03	\N	\N	\N	\N	\N	\N
126	PVHigh				96	\N	\N	\N	2022-06-22 12:21:16.098262+03	\N	\N	\N	\N	\N	\N
127	PVHigh				97	\N	\N	\N	2022-06-22 12:21:16.098342+03	\N	\N	\N	\N	\N	\N
129	PVHigh				98	\N	\N	\N	2022-06-22 12:21:16.098447+03	\N	\N	\N	\N	\N	\N
130	PVHigh				99	\N	\N	\N	2022-06-22 12:21:16.098565+03	\N	\N	\N	\N	\N	\N
131	PVHigh				100	\N	\N	\N	2022-06-22 12:21:16.098647+03	\N	\N	\N	\N	\N	\N
132	PVLow				101	\N	\N	\N	2022-06-22 12:21:16.098728+03	\N	\N	\N	\N	\N	\N
133	PVLow				102	\N	\N	\N	2022-06-22 12:21:16.098807+03	\N	\N	\N	\N	\N	\N
134	PVLow				103	\N	\N	\N	2022-06-22 12:21:16.09889+03	\N	\N	\N	\N	\N	\N
135	PVLow				104	\N	\N	\N	2022-06-22 12:21:16.098968+03	\N	\N	\N	\N	\N	\N
136	PVLow				105	\N	\N	\N	2022-06-22 12:21:16.099043+03	\N	\N	\N	\N	\N	\N
137	PVHigh				105	\N	\N	\N	2022-06-22 12:21:16.099043+03	\N	\N	\N	\N	\N	\N
138	PVLow				106	\N	\N	\N	2022-06-22 12:21:16.099141+03	\N	\N	\N	\N	\N	\N
139	PVLow				107	\N	\N	\N	2022-06-22 12:21:16.099208+03	\N	\N	\N	\N	\N	\N
140	PVLow				108	\N	\N	\N	2022-06-22 12:21:16.099275+03	\N	\N	\N	\N	\N	\N
141	PVLow				109	\N	\N	\N	2022-06-22 12:21:16.099343+03	\N	\N	\N	\N	\N	\N
142	PVLow				110	\N	\N	\N	2022-06-22 12:21:16.09941+03	\N	\N	\N	\N	\N	\N
143	PVLow				111	\N	\N	\N	2022-06-22 12:21:16.099477+03	\N	\N	\N	\N	\N	\N
144	PVLow				112	\N	\N	\N	2022-06-22 12:21:16.099547+03	\N	\N	\N	\N	\N	\N
145	PVLow				113	\N	\N	\N	2022-06-22 12:21:16.099614+03	\N	\N	\N	\N	\N	\N
146	PVLow				114	\N	\N	\N	2022-06-22 12:21:16.099734+03	\N	\N	\N	\N	\N	\N
147	PVLowLow				115	\N	\N	\N	2022-06-22 12:21:16.099807+03	\N	\N	\N	\N	\N	\N
148	PVLow				115	\N	\N	\N	2022-06-22 12:21:16.099807+03	\N	\N	\N	\N	\N	\N
149	PVHigh				116	\N	\N	\N	2022-06-22 12:21:16.099897+03	\N	\N	\N	\N	\N	\N
152	PVLow				117	\N	\N	\N	2022-06-22 12:21:16.099988+03	\N	\N	\N	\N	\N	\N
154	PVLow				118	\N	\N	\N	2022-06-22 12:21:16.10009+03	\N	\N	\N	\N	\N	\N
156	PVLow				119	\N	\N	\N	2022-06-22 12:21:16.100185+03	\N	\N	\N	\N	\N	\N
162	PVHigh				125	\N	\N	\N	2022-06-22 12:21:16.100691+03	\N	\N	\N	\N	\N	\N
164	PVHigh				126	\N	\N	\N	2022-06-22 12:21:16.100868+03	\N	\N	\N	\N	\N	\N
165	PVHigh				127	\N	\N	\N	2022-06-22 12:21:16.10094+03	\N	\N	\N	\N	\N	\N
166	PVHigh				128	\N	\N	\N	2022-06-22 12:21:16.101012+03	\N	\N	\N	\N	\N	\N
167	PVHigh				129	\N	\N	\N	2022-06-22 12:21:16.101085+03	\N	\N	\N	\N	\N	\N
168	PVHigh				130	\N	\N	\N	2022-06-22 12:21:16.101153+03	\N	\N	\N	\N	\N	\N
170	PVHigh				131	\N	\N	\N	2022-06-22 12:21:16.101251+03	\N	\N	\N	\N	\N	\N
172	PVHigh				132	\N	\N	\N	2022-06-22 12:21:16.101343+03	\N	\N	\N	\N	\N	\N
174	PVHigh				133	\N	\N	\N	2022-06-22 12:21:16.101433+03	\N	\N	\N	\N	\N	\N
176	PVHigh				134	\N	\N	\N	2022-06-22 12:21:16.101523+03	\N	\N	\N	\N	\N	\N
178	PVHigh				135	\N	\N	\N	2022-06-22 12:21:16.101614+03	\N	\N	\N	\N	\N	\N
180	PVHigh				136	\N	\N	\N	2022-06-22 12:21:16.101707+03	\N	\N	\N	\N	\N	\N
182	PVHigh				137	\N	\N	\N	2022-06-22 12:21:16.101801+03	\N	\N	\N	\N	\N	\N
184	PVHigh				138	\N	\N	\N	2022-06-22 12:21:16.101907+03	\N	\N	\N	\N	\N	\N
185	PVHigh				139	\N	\N	\N	2022-06-22 12:21:16.101981+03	\N	\N	\N	\N	\N	\N
186	PVHighHigh				139	\N	\N	\N	2022-06-22 12:21:16.101981+03	\N	\N	\N	\N	\N	\N
187	PVHigh				140	\N	\N	\N	2022-06-22 12:21:16.102082+03	\N	\N	\N	\N	\N	\N
189	PVHigh				141	\N	\N	\N	2022-06-22 12:21:16.102174+03	\N	\N	\N	\N	\N	\N
191	PVHigh				142	\N	\N	\N	2022-06-22 12:21:16.102266+03	\N	\N	\N	\N	\N	\N
193	PVHigh				143	\N	\N	\N	2022-06-22 12:21:16.102357+03	\N	\N	\N	\N	\N	\N
196	PVLow				144	\N	\N	\N	2022-06-22 12:21:16.102448+03	\N	\N	\N	\N	\N	\N
35	ALARM		ОТКР	O	35	\N	\N	\N	2022-06-22 12:20:40.827234+03	\N	\N	\N	\N	\N	\N
36	ALARM		ОТКР	O	36	\N	\N	\N	2022-06-22 12:20:40.827315+03	\N	\N	\N	\N	\N	\N
37	ALARM		ОТКР	O	37	\N	\N	\N	2022-06-22 12:20:40.827393+03	\N	\N	\N	\N	\N	\N
38	ALARM		ВЫКЛ	S	38	\N	\N	\N	2022-06-22 12:20:40.827477+03	\N	\N	\N	\N	\N	\N
39	ALARM		ВЫКЛ	S	39	\N	\N	\N	2022-06-22 12:20:40.827578+03	\N	\N	\N	\N	\N	\N
40	ALARM		ВЫКЛ	S	40	\N	\N	\N	2022-06-22 12:20:40.827657+03	\N	\N	\N	\N	\N	\N
41	ALARM		ВЫКЛ	S	41	\N	\N	\N	2022-06-22 12:20:40.827736+03	\N	\N	\N	\N	\N	\N
42	ALARM		ВЫКЛ	S	42	\N	\N	\N	2022-06-22 12:20:40.827816+03	\N	\N	\N	\N	\N	\N
43	ALARM		ВЫКЛ	S	43	\N	\N	\N	2022-06-22 12:20:40.827897+03	\N	\N	\N	\N	\N	\N
44	ALARM		ВЫКЛ	S	44	\N	\N	\N	2022-06-22 12:20:40.827974+03	\N	\N	\N	\N	\N	\N
45	ALARM		ВЫКЛ	S	45	\N	\N	\N	2022-06-22 12:20:40.828051+03	\N	\N	\N	\N	\N	\N
46	ALARM		ВЫКЛ	S	46	\N	\N	\N	2022-06-22 12:20:40.82818+03	\N	\N	\N	\N	\N	\N
47	ALARM		ВЫКЛ	S	47	\N	\N	\N	2022-06-22 12:20:40.828317+03	\N	\N	\N	\N	\N	\N
48	ALARM		ВЫКЛ	S	48	\N	\N	\N	2022-06-22 12:20:40.828409+03	\N	\N	\N	\N	\N	\N
49	ALARM		ВЫКЛ	S	49	\N	\N	\N	2022-06-22 12:20:40.828784+03	\N	\N	\N	\N	\N	\N
50	ALARM		ВЫКЛ	S	50	\N	\N	\N	2022-06-22 12:20:40.828865+03	\N	\N	\N	\N	\N	\N
51	ALARM		ВЫКЛ	S	51	\N	\N	\N	2022-06-22 12:20:40.828936+03	\N	\N	\N	\N	\N	\N
52	ALARM		ЗАКР	C	52	\N	\N	\N	2022-06-22 12:20:40.829009+03	\N	\N	\N	\N	\N	\N
53	ALARM		ЗАКР	C	53	\N	\N	\N	2022-06-22 12:20:40.829091+03	\N	\N	\N	\N	\N	\N
54	ALARM		ЗАКР	C	54	\N	\N	\N	2022-06-22 12:20:40.829162+03	\N	\N	\N	\N	\N	\N
55	ALARM		ЗАКР	C	55	\N	\N	\N	2022-06-22 12:20:40.829232+03	\N	\N	\N	\N	\N	\N
56	ALARM		ЗАКР	C	56	\N	\N	\N	2022-06-22 12:20:40.829304+03	\N	\N	\N	\N	\N	\N
57	ALARM		ЗАКР	C	57	\N	\N	\N	2022-06-22 12:20:40.829374+03	\N	\N	\N	\N	\N	\N
58	ALARM		ЗАКР	C	58	\N	\N	\N	2022-06-22 12:20:40.829451+03	\N	\N	\N	\N	\N	\N
59	ALARM		ЗАКР	C	59	\N	\N	\N	2022-06-22 12:20:40.829533+03	\N	\N	\N	\N	\N	\N
60	ALARM		ЗАКР	C	60	\N	\N	\N	2022-06-22 12:20:40.829633+03	\N	\N	\N	\N	\N	\N
61	ALARM		ЗАКР	C	61	\N	\N	\N	2022-06-22 12:20:40.829753+03	\N	\N	\N	\N	\N	\N
62	ALARM		ЗАКР	C	62	\N	\N	\N	2022-06-22 12:20:40.829831+03	\N	\N	\N	\N	\N	\N
63	ALARM		ЗАКР	C	63	\N	\N	\N	2022-06-22 12:20:40.829927+03	\N	\N	\N	\N	\N	\N
64	ALARM		ЗАКР	C	64	\N	\N	\N	2022-06-22 12:20:40.829999+03	\N	\N	\N	\N	\N	\N
65	ALARM		ЗАКР	C	65	\N	\N	\N	2022-06-22 12:20:40.830068+03	\N	\N	\N	\N	\N	\N
66	ALARM		ЗАКР	C	66	\N	\N	\N	2022-06-22 12:20:40.830137+03	\N	\N	\N	\N	\N	\N
69	PVLowLow			LL	68	\N	\N	\N	2022-06-22 12:21:16.09494+03	\N	\N	\N	\N	\N	\N
71	PVLowLow			LL	69	\N	\N	\N	2022-06-22 12:21:16.095143+03	\N	\N	\N	\N	\N	\N
73	PVLowLow			LL	70	\N	\N	\N	2022-06-22 12:21:16.095273+03	\N	\N	\N	\N	\N	\N
75	PVLowLow			LL	71	\N	\N	\N	2022-06-22 12:21:16.09542+03	\N	\N	\N	\N	\N	\N
77	PVLowLow			LL	72	\N	\N	\N	2022-06-22 12:21:16.095531+03	\N	\N	\N	\N	\N	\N
79	PVLowLow			LL	73	\N	\N	\N	2022-06-22 12:21:16.095679+03	\N	\N	\N	\N	\N	\N
85	PVLowLow			LL	76	\N	\N	\N	2022-06-22 12:21:16.096068+03	\N	\N	\N	\N	\N	\N
92	PVHighHigh			HH	78	\N	\N	\N	2022-06-22 12:21:16.096298+03	\N	\N	\N	\N	\N	\N
97	PVLowLow			LL	81	\N	\N	\N	2022-06-22 12:21:16.096636+03	\N	\N	\N	\N	\N	\N
104	PVLowLow			LL	84	\N	\N	\N	2022-06-22 12:21:16.097024+03	\N	\N	\N	\N	\N	\N
109	PVLowLow			LL	86	\N	\N	\N	2022-06-22 12:21:16.097264+03	\N	\N	\N	\N	\N	\N
114	PVHighHigh			HH	88	\N	\N	\N	2022-06-22 12:21:16.097483+03	\N	\N	\N	\N	\N	\N
115	PVLowLow			LL	89	\N	\N	\N	2022-06-22 12:21:16.097585+03	\N	\N	\N	\N	\N	\N
118	PVHighHigh			HH	89	\N	\N	\N	2022-06-22 12:21:16.097586+03	\N	\N	\N	\N	\N	\N
120	PVHighHigh			HH	90	\N	\N	\N	2022-06-22 12:21:16.097743+03	\N	\N	\N	\N	\N	\N
128	PVHighHigh			HH	97	\N	\N	\N	2022-06-22 12:21:16.098345+03	\N	\N	\N	\N	\N	\N
150	PVHighHigh			HH	116	\N	\N	\N	2022-06-22 12:21:16.099898+03	\N	\N	\N	\N	\N	\N
151	PVLowLow			LL	117	\N	\N	\N	2022-06-22 12:21:16.099987+03	\N	\N	\N	\N	\N	\N
153	PVLowLow			LL	118	\N	\N	\N	2022-06-22 12:21:16.10009+03	\N	\N	\N	\N	\N	\N
155	PVLowLow			LL	119	\N	\N	\N	2022-06-22 12:21:16.100184+03	\N	\N	\N	\N	\N	\N
157	PVLowLow			LL	120	\N	\N	\N	2022-06-22 12:21:16.100289+03	\N	\N	\N	\N	\N	\N
158	PVLowLow			LL	121	\N	\N	\N	2022-06-22 12:21:16.100357+03	\N	\N	\N	\N	\N	\N
159	PVLowLow			LL	122	\N	\N	\N	2022-06-22 12:21:16.100424+03	\N	\N	\N	\N	\N	\N
160	PVLowLow			LL	123	\N	\N	\N	2022-06-22 12:21:16.10049+03	\N	\N	\N	\N	\N	\N
161	PVLowLow			LL	124	\N	\N	\N	2022-06-22 12:21:16.100557+03	\N	\N	\N	\N	\N	\N
163	PVHighHigh			HH	125	\N	\N	\N	2022-06-22 12:21:16.100691+03	\N	\N	\N	\N	\N	\N
169	PVHighHigh			HH	130	\N	\N	\N	2022-06-22 12:21:16.101153+03	\N	\N	\N	\N	\N	\N
171	PVHighHigh			HH	131	\N	\N	\N	2022-06-22 12:21:16.101251+03	\N	\N	\N	\N	\N	\N
173	PVHighHigh			HH	132	\N	\N	\N	2022-06-22 12:21:16.101343+03	\N	\N	\N	\N	\N	\N
175	PVHighHigh			HH	133	\N	\N	\N	2022-06-22 12:21:16.101434+03	\N	\N	\N	\N	\N	\N
177	PVHighHigh			HH	134	\N	\N	\N	2022-06-22 12:21:16.101524+03	\N	\N	\N	\N	\N	\N
179	PVHighHigh			HH	135	\N	\N	\N	2022-06-22 12:21:16.101615+03	\N	\N	\N	\N	\N	\N
181	PVHighHigh			HH	136	\N	\N	\N	2022-06-22 12:21:16.101708+03	\N	\N	\N	\N	\N	\N
183	PVHighHigh			HH	137	\N	\N	\N	2022-06-22 12:21:16.101801+03	\N	\N	\N	\N	\N	\N
188	PVHighHigh			HH	140	\N	\N	\N	2022-06-22 12:21:16.102083+03	\N	\N	\N	\N	\N	\N
190	PVHighHigh			HH	141	\N	\N	\N	2022-06-22 12:21:16.102174+03	\N	\N	\N	\N	\N	\N
192	PVHighHigh			HH	142	\N	\N	\N	2022-06-22 12:21:16.102266+03	\N	\N	\N	\N	\N	\N
194	PVHighHigh			HH	143	\N	\N	\N	2022-06-22 12:21:16.102357+03	\N	\N	\N	\N	\N	\N
195	PVLowLow			LL	144	\N	\N	\N	2022-06-22 12:21:16.102448+03	\N	\N	\N	\N	\N	\N
\.


--
-- Data for Name: TagConditionElementNames; Type: TABLE DATA; Schema: public; Owner: postgres
--

COPY public."TagConditionElementNames" ("Id", "Identifier", "Type", "Desc") FROM stdin;
1	PVHighHigh	Alarm	Параметр: PV, сигнализация: High High
2	PVHigh	Alarm	Параметр: PV, сигнализация: High
3	PVLow	Alarm	Параметр: PV, сигнализация: Low
4	PVLowLow	Alarm	Параметр: PV, сигнализация: Low Low
5	ALARM	Alarm	Сигнализация дискретного параметра
\.


--
-- Data for Name: TagEvent; Type: TABLE DATA; Schema: public; Owner: postgres
--

COPY public."TagEvent" ("Id", "EventTimeUtc", "Value", "TagId") FROM stdin;
1	2021-06-10 06:38:28.897+03	SuccessTriggered	35
2	2021-06-10 06:40:25.58+03	LateTriggered	44
3	2021-06-10 06:43:24.41+03	SuccessTriggered	49
4	2021-06-10 06:42:19.138+03	FaultTriggered	53
5	2021-06-10 06:42:19.138+03	FaultTriggered	53
6	2021-06-10 06:41:50.987+03	LateTriggered	54
7	2021-06-10 06:41:50.987+03	LateTriggered	54
8	2021-06-10 06:41:50.987+03	LateTriggered	55
9	2021-06-10 06:41:50.987+03	LateTriggered	55
10	2021-06-10 06:41:50.987+03	LateTriggered	56
11	2021-06-10 06:41:50.987+03	LateTriggered	56
12	2021-06-10 06:38:28.897+03	SuccessTriggered	57
13	2021-06-10 06:38:28.897+03	SuccessTriggered	57
14	2021-06-10 06:38:28.897+03	SuccessTriggered	58
15	2021-06-10 06:38:28.897+03	SuccessTriggered	58
16	2021-06-10 06:38:28.898+03	SuccessTriggered	59
17	2021-06-10 06:38:28.898+03	SuccessTriggered	59
18	2021-06-10 06:38:28.898+03	SuccessTriggered	60
19	2021-06-10 06:38:28.898+03	SuccessTriggered	60
20	2021-06-10 06:38:28.898+03	SuccessTriggered	65
21	2021-06-10 06:40:25.58+03	LateTriggered	66
\.


--
-- Data for Name: Tags; Type: TABLE DATA; Schema: public; Owner: postgres
--

COPY public."Tags" ("Id", "TagName", "Desc", "BaseActuatorId", "ProjectId", "_ProposalCreateMessageId", "_ProposalCreateTimeUtc", "_CreateMessageId", "_CreateTimeUtc", "_ProposalDeleteMessageId", "_ProposalDeleteTimeUtc", "_DeleteMessageId", "_DeleteDateTimeUtc", "_RejectedMessageId", "_RejectedDateTimeUtc") FROM stdin;
1	E_EP1_PumpState	Состояние насоса	1	1	\N	\N	\N	2022-06-22 12:20:40.74224+03	\N	\N	\N	\N	\N	\N
2	E_EP2_PumpState	Состояние насоса	1	1	\N	\N	\N	2022-06-22 12:20:40.824062+03	\N	\N	\N	\N	\N	\N
3	2SB-1	Датчик погас пламени  П-2	1	1	\N	\N	\N	2022-06-22 12:20:40.824225+03	\N	\N	\N	\N	\N	\N
4	2SB-2	Датчик погас пламени  П-2	1	1	\N	\N	\N	2022-06-22 12:20:40.824314+03	\N	\N	\N	\N	\N	\N
5	BS-201	Датчик погас пламени  П-1/1	1	1	\N	\N	\N	2022-06-22 12:20:40.824411+03	\N	\N	\N	\N	\N	\N
6	BS-202	Датчик погас пламени  П-1/1	1	1	\N	\N	\N	2022-06-22 12:20:40.824495+03	\N	\N	\N	\N	\N	\N
7	BS-203	Датчик погас пламени  П-1/1	1	1	\N	\N	\N	2022-06-22 12:20:40.824576+03	\N	\N	\N	\N	\N	\N
8	BS-204	Датчик погас пламени  П-1/1	1	1	\N	\N	\N	2022-06-22 12:20:40.824655+03	\N	\N	\N	\N	\N	\N
9	BS-205	Датчик погас пламени  П-1/1	1	1	\N	\N	\N	2022-06-22 12:20:40.824757+03	\N	\N	\N	\N	\N	\N
10	BS-206	Датчик погас пламени  П-1/2	1	1	\N	\N	\N	2022-06-22 12:20:40.824839+03	\N	\N	\N	\N	\N	\N
11	BS-207	Датчик погас пламени  П-1/2	1	1	\N	\N	\N	2022-06-22 12:20:40.824917+03	\N	\N	\N	\N	\N	\N
12	BS-208	Датчик погас пламени  П-1/2	1	1	\N	\N	\N	2022-06-22 12:20:40.825001+03	\N	\N	\N	\N	\N	\N
13	BS-209	Датчик погас пламени  П-1/2	1	1	\N	\N	\N	2022-06-22 12:20:40.82511+03	\N	\N	\N	\N	\N	\N
14	BS-210	Датчик погас пламени  П-1/2	1	1	\N	\N	\N	2022-06-22 12:20:40.825213+03	\N	\N	\N	\N	\N	\N
15	BS-211	Датчик погас пламени  П-1/3	1	1	\N	\N	\N	2022-06-22 12:20:40.825297+03	\N	\N	\N	\N	\N	\N
16	BS-212	Датчик погас пламени  П-1/3	1	1	\N	\N	\N	2022-06-22 12:20:40.825408+03	\N	\N	\N	\N	\N	\N
17	BS-213	Датчик погас пламени  П-1/3	1	1	\N	\N	\N	2022-06-22 12:20:40.825534+03	\N	\N	\N	\N	\N	\N
18	BS-214	Датчик погас пламени  П-1/3	1	1	\N	\N	\N	2022-06-22 12:20:40.82566+03	\N	\N	\N	\N	\N	\N
19	BS-215	Датчик погас пламени  П-1/3	1	1	\N	\N	\N	2022-06-22 12:20:40.82575+03	\N	\N	\N	\N	\N	\N
20	BS-216	Датчик погас пламени  П-1/4	1	1	\N	\N	\N	2022-06-22 12:20:40.825856+03	\N	\N	\N	\N	\N	\N
21	BS-217	Датчик погас пламени  П-1/4	1	1	\N	\N	\N	2022-06-22 12:20:40.82595+03	\N	\N	\N	\N	\N	\N
22	BS-218	Датчик погас пламени  П-1/4	1	1	\N	\N	\N	2022-06-22 12:20:40.826029+03	\N	\N	\N	\N	\N	\N
23	BS-219	Датчик погас пламени  П-1/4	1	1	\N	\N	\N	2022-06-22 12:20:40.826105+03	\N	\N	\N	\N	\N	\N
24	BS-220	Датчик погас пламени  П-1/4	1	1	\N	\N	\N	2022-06-22 12:20:40.826183+03	\N	\N	\N	\N	\N	\N
25	BS-221	Датчик погас пламени  П-1/5	1	1	\N	\N	\N	2022-06-22 12:20:40.826263+03	\N	\N	\N	\N	\N	\N
26	BS-222	Датчик погас пламени  П-1/5	1	1	\N	\N	\N	2022-06-22 12:20:40.826341+03	\N	\N	\N	\N	\N	\N
27	BS-223	Датчик погас пламени  П-1/5	1	1	\N	\N	\N	2022-06-22 12:20:40.826428+03	\N	\N	\N	\N	\N	\N
28	BS-224	Датчик погас пламени  П-1/5	1	1	\N	\N	\N	2022-06-22 12:20:40.826511+03	\N	\N	\N	\N	\N	\N
29	BS-225	Датчик погас пламени  П-1/5	1	1	\N	\N	\N	2022-06-22 12:20:40.82659+03	\N	\N	\N	\N	\N	\N
30	BS-226	Датчик погас пламени  П-201	1	1	\N	\N	\N	2022-06-22 12:20:40.826667+03	\N	\N	\N	\N	\N	\N
31	BS-227	Датчик погас пламени  П-201	1	1	\N	\N	\N	2022-06-22 12:20:40.826745+03	\N	\N	\N	\N	\N	\N
32	BS-228	Датчик погас пламени  П-201	1	1	\N	\N	\N	2022-06-22 12:20:40.826952+03	\N	\N	\N	\N	\N	\N
33	BS-229	Датчик погас пламени  П-201	1	1	\N	\N	\N	2022-06-22 12:20:40.827054+03	\N	\N	\N	\N	\N	\N
34	BS-230	Датчик погас пламени  П-201	1	1	\N	\N	\N	2022-06-22 12:20:40.827145+03	\N	\N	\N	\N	\N	\N
35	EUV201	Пар в камеру П-201	1	1	\N	\N	\N	2022-06-22 12:20:40.827232+03	\N	\N	\N	\N	\N	\N
36	EUV202	Пар в камеру  П-1	1	1	\N	\N	\N	2022-06-22 12:20:40.827311+03	\N	\N	\N	\N	\N	\N
37	EUV203	Пар в камеру  П-2	1	1	\N	\N	\N	2022-06-22 12:20:40.82739+03	\N	\N	\N	\N	\N	\N
38	H-1	Центробежный насос подачи сырья	1	1	\N	\N	\N	2022-06-22 12:20:40.827473+03	\N	\N	\N	\N	\N	\N
39	H-15	Насос циркулирующего продукта К-7	1	1	\N	\N	\N	2022-06-22 12:20:40.827576+03	\N	\N	\N	\N	\N	\N
40	H-16	Насос циркулирующего продукта К-7	1	1	\N	\N	\N	2022-06-22 12:20:40.827653+03	\N	\N	\N	\N	\N	\N
41	H-18	Центробежный насос подачи флегмы К-7	1	1	\N	\N	\N	2022-06-22 12:20:40.827734+03	\N	\N	\N	\N	\N	\N
42	H-19	Центробежный насос подачи флегмы К-7	1	1	\N	\N	\N	2022-06-22 12:20:40.827812+03	\N	\N	\N	\N	\N	\N
43	H-2	Центробежный насос подачи сырья	1	1	\N	\N	\N	2022-06-22 12:20:40.827893+03	\N	\N	\N	\N	\N	\N
44	H-3	Центробежный насос подачи гидрогенизата	1	1	\N	\N	\N	2022-06-22 12:20:40.82797+03	\N	\N	\N	\N	\N	\N
45	H-34	Насос дренирования из Е-8	1	1	\N	\N	\N	2022-06-22 12:20:40.828047+03	\N	\N	\N	\N	\N	\N
46	H-4	Центробежный насос подачи гидрогенизата	1	1	\N	\N	\N	2022-06-22 12:20:40.828167+03	\N	\N	\N	\N	\N	\N
47	H-8	Центробежный насос подачи флегмы К-1	1	1	\N	\N	\N	2022-06-22 12:20:40.828315+03	\N	\N	\N	\N	\N	\N
48	H-9	Центробежный насос подачи флегмы К-1	1	1	\N	\N	\N	2022-06-22 12:20:40.828405+03	\N	\N	\N	\N	\N	\N
49	ПК-1	Циркуляционный газовый компрессор гидроочистки	1	1	\N	\N	\N	2022-06-22 12:20:40.828782+03	\N	\N	\N	\N	\N	\N
50	ПК-2	Циркуляционный газовый компрессор гидроочистки	1	1	\N	\N	\N	2022-06-22 12:20:40.828861+03	\N	\N	\N	\N	\N	\N
51	TK601	Компрессор ТК601	1	1	\N	\N	\N	2022-06-22 12:20:40.828933+03	\N	\N	\N	\N	\N	\N
52	UV-202	Топ газ к П-2	1	1	\N	\N	\N	2022-06-22 12:20:40.829004+03	\N	\N	\N	\N	\N	\N
53	UV-207	Топ  газ к П-1	1	1	\N	\N	\N	2022-06-22 12:20:40.829087+03	\N	\N	\N	\N	\N	\N
54	UV-208	Топ  газ	1	1	\N	\N	\N	2022-06-22 12:20:40.829158+03	\N	\N	\N	\N	\N	\N
55	UV-209	Прямой мазут П-1	1	1	\N	\N	\N	2022-06-22 12:20:40.829228+03	\N	\N	\N	\N	\N	\N
56	UV-210	Обратный  мазут с  П-1	1	1	\N	\N	\N	2022-06-22 12:20:40.8293+03	\N	\N	\N	\N	\N	\N
57	UV-211	Топ газ к  П-201	1	1	\N	\N	\N	2022-06-22 12:20:40.82937+03	\N	\N	\N	\N	\N	\N
58	UV-212	Пилот топ  газ к П-201	1	1	\N	\N	\N	2022-06-22 12:20:40.829448+03	\N	\N	\N	\N	\N	\N
59	UV-213	Обратный  мазут с  П-201	1	1	\N	\N	\N	2022-06-22 12:20:40.829529+03	\N	\N	\N	\N	\N	\N
60	UV-214	Прямой мазут П-201	1	1	\N	\N	\N	2022-06-22 12:20:40.829626+03	\N	\N	\N	\N	\N	\N
61	UV-215	Прямой мазут П-2	1	1	\N	\N	\N	2022-06-22 12:20:40.829749+03	\N	\N	\N	\N	\N	\N
62	UV-216	Обратный  мазут от П-2	1	1	\N	\N	\N	2022-06-22 12:20:40.829827+03	\N	\N	\N	\N	\N	\N
63	XV1	Мазут в Е-10	1	1	\N	\N	\N	2022-06-22 12:20:40.829925+03	\N	\N	\N	\N	\N	\N
64	XV2	Мазут из Е-10	1	1	\N	\N	\N	2022-06-22 12:20:40.829995+03	\N	\N	\N	\N	\N	\N
65	Э-1	Электрозадвижка на нагнетании сырьевых насосов Н-1	1	1	\N	\N	\N	2022-06-22 12:20:40.830064+03	\N	\N	\N	\N	\N	\N
66	Э-2	Электрозадвижка на нагнетании сырьевых насосов Н-3	1	1	\N	\N	\N	2022-06-22 12:20:40.830134+03	\N	\N	\N	\N	\N	\N
67	PI_D1	Плотность продукта в Р-1	1	1	\N	\N	\N	2022-06-22 12:20:40.830254+03	\N	\N	\N	\N	\N	\N
68	FR301	Расход сырья на гидроочистку	1	1	\N	\N	\N	2022-06-22 12:21:16.094938+03	\N	\N	\N	\N	\N	\N
69	FR303	Расход ВСГ на гидроочистку	1	1	\N	\N	\N	2022-06-22 12:21:16.095141+03	\N	\N	\N	\N	\N	\N
70	FR307	Расход стаб гидрогенизата на риформинг	1	1	\N	\N	\N	2022-06-22 12:21:16.095266+03	\N	\N	\N	\N	\N	\N
71	FR316	Циркуляция стабильного гидрогенизата через П-2 (восток)	1	1	\N	\N	\N	2022-06-22 12:21:16.095419+03	\N	\N	\N	\N	\N	\N
72	FR317	Циркуляция стабильного гидрогенизата через П-2 (запад)	1	1	\N	\N	\N	2022-06-22 12:21:16.095525+03	\N	\N	\N	\N	\N	\N
73	FR331	Расход ВСГ на риформинг	1	1	\N	\N	\N	2022-06-22 12:21:16.095677+03	\N	\N	\N	\N	\N	\N
74	LR401	Уровень в С-1	1	1	\N	\N	\N	2022-06-22 12:21:16.095842+03	\N	\N	\N	\N	\N	\N
75	LR413	Уровень мазута в Е-10	1	1	\N	\N	\N	2022-06-22 12:21:16.095962+03	\N	\N	\N	\N	\N	\N
76	LR415	Уровень в Е-8	1	1	\N	\N	\N	2022-06-22 12:21:16.096065+03	\N	\N	\N	\N	\N	\N
77	LR416	Уровень в Е-5	1	1	\N	\N	\N	2022-06-22 12:21:16.09619+03	\N	\N	\N	\N	\N	\N
78	LRA402	Уровень ВСГ в С-10	1	1	\N	\N	\N	2022-06-22 12:21:16.096296+03	\N	\N	\N	\N	\N	\N
79	LRA403	Уровень ГПС в Т-3	1	1	\N	\N	\N	2022-06-22 12:21:16.096427+03	\N	\N	\N	\N	\N	\N
80	LRA404	Уровень ГПС в Т-3А	1	1	\N	\N	\N	2022-06-22 12:21:16.096529+03	\N	\N	\N	\N	\N	\N
81	LRA406	Уровень рефлюкса в С-2	1	1	\N	\N	\N	2022-06-22 12:21:16.096635+03	\N	\N	\N	\N	\N	\N
82	LRA407	Уровень в С-7	1	1	\N	\N	\N	2022-06-22 12:21:16.09678+03	\N	\N	\N	\N	\N	\N
83	LRA408	Уровень в С-8	1	1	\N	\N	\N	2022-06-22 12:21:16.096912+03	\N	\N	\N	\N	\N	\N
84	LRA409	Уровень рефлюкса в Е-7	1	1	\N	\N	\N	2022-06-22 12:21:16.097022+03	\N	\N	\N	\N	\N	\N
85	LRA410	Уровень конденсата в Е-7	1	1	\N	\N	\N	2022-06-22 12:21:16.097154+03	\N	\N	\N	\N	\N	\N
86	LRA411	Уровень стаб катализата в К-7	1	1	\N	\N	\N	2022-06-22 12:21:16.097261+03	\N	\N	\N	\N	\N	\N
87	LRA412	Уровень хлорорганики в Е-1	1	1	\N	\N	\N	2022-06-22 12:21:16.097389+03	\N	\N	\N	\N	\N	\N
88	LRA417	Уровень в С-9	1	1	\N	\N	\N	2022-06-22 12:21:16.097479+03	\N	\N	\N	\N	\N	\N
89	LS414	Уровень мазута в Е-10	1	1	\N	\N	\N	2022-06-22 12:21:16.097577+03	\N	\N	\N	\N	\N	\N
90	PDAL206	Перепад давления приема и выкида компрессора ПК-1,2	1	1	\N	\N	\N	2022-06-22 12:21:16.09774+03	\N	\N	\N	\N	\N	\N
91	PDR203	Перепад  газопродуктовой смеси в Р-1	1	1	\N	\N	\N	2022-06-22 12:21:16.09785+03	\N	\N	\N	\N	\N	\N
92	PDR212	Перепад  газопродуктовой смеси в Р-2	1	1	\N	\N	\N	2022-06-22 12:21:16.097926+03	\N	\N	\N	\N	\N	\N
93	PDR213	Перепад  газопродуктовой смеси в Р-3	1	1	\N	\N	\N	2022-06-22 12:21:16.098001+03	\N	\N	\N	\N	\N	\N
94	PDR214	Перепад  газопродуктовой смеси в Р-4/1	1	1	\N	\N	\N	2022-06-22 12:21:16.098076+03	\N	\N	\N	\N	\N	\N
95	PDR215	Перепад  газопродуктовой смеси в Р-4/2	1	1	\N	\N	\N	2022-06-22 12:21:16.098151+03	\N	\N	\N	\N	\N	\N
96	PR201	Давление сырья на ГО	1	1	\N	\N	\N	2022-06-22 12:21:16.09826+03	\N	\N	\N	\N	\N	\N
97	PR207	Давление на выкиде ПК-1,2	1	1	\N	\N	\N	2022-06-22 12:21:16.09834+03	\N	\N	\N	\N	\N	\N
98	PR209	Давление в К-1	1	1	\N	\N	\N	2022-06-22 12:21:16.098445+03	\N	\N	\N	\N	\N	\N
99	PR223	Давление в С-8	1	1	\N	\N	\N	2022-06-22 12:21:16.098563+03	\N	\N	\N	\N	\N	\N
100	PR225	Давление в К-7	1	1	\N	\N	\N	2022-06-22 12:21:16.098646+03	\N	\N	\N	\N	\N	\N
101	PR226	Давление циркуляции  П-2 западная сторона	1	1	\N	\N	\N	2022-06-22 12:21:16.098725+03	\N	\N	\N	\N	\N	\N
102	PR227	Давление циркуляции  П-2 восточная сторона	1	1	\N	\N	\N	2022-06-22 12:21:16.098804+03	\N	\N	\N	\N	\N	\N
103	PR230	Давление топливного газа на установку	1	1	\N	\N	\N	2022-06-22 12:21:16.098889+03	\N	\N	\N	\N	\N	\N
104	PR232	Давление  пилотного газа на П-1	1	1	\N	\N	\N	2022-06-22 12:21:16.098967+03	\N	\N	\N	\N	\N	\N
105	PR234	Давление топливный газ основной на П-201	1	1	\N	\N	\N	2022-06-22 12:21:16.09904+03	\N	\N	\N	\N	\N	\N
106	PR236	Давление топливный газ основной на П-1	1	1	\N	\N	\N	2022-06-22 12:21:16.099139+03	\N	\N	\N	\N	\N	\N
107	PR237	Давление топливный газ основной на П-1/1	1	1	\N	\N	\N	2022-06-22 12:21:16.099206+03	\N	\N	\N	\N	\N	\N
108	PR239	Давление топливный газ на П-1/2	1	1	\N	\N	\N	2022-06-22 12:21:16.099273+03	\N	\N	\N	\N	\N	\N
109	PR241	Давление топливного газа на П-1/3	1	1	\N	\N	\N	2022-06-22 12:21:16.09934+03	\N	\N	\N	\N	\N	\N
110	PR243	Давление топливный газ основной на П-1/4	1	1	\N	\N	\N	2022-06-22 12:21:16.099408+03	\N	\N	\N	\N	\N	\N
111	PR245	Давление топливный газ основной на П-1/5	1	1	\N	\N	\N	2022-06-22 12:21:16.099475+03	\N	\N	\N	\N	\N	\N
112	PR247	Давление топ, газа на П-2 западная сторона	1	1	\N	\N	\N	2022-06-22 12:21:16.099546+03	\N	\N	\N	\N	\N	\N
113	PR248	Давление  топ, газа на П-2 восточная сторона	1	1	\N	\N	\N	2022-06-22 12:21:16.099612+03	\N	\N	\N	\N	\N	\N
114	PR282	Давление прямого мазута из Е-10	1	1	\N	\N	\N	2022-06-22 12:21:16.099733+03	\N	\N	\N	\N	\N	\N
115	PRA245	Давление мазута	1	1	\N	\N	\N	2022-06-22 12:21:16.099805+03	\N	\N	\N	\N	\N	\N
116	PR269	Давление перед Д-1,2	1	1	\N	\N	\N	2022-06-22 12:21:16.099894+03	\N	\N	\N	\N	\N	\N
117	PSL205	 Давление ВСГ на приеме ПК-1,2	1	1	\N	\N	\N	2022-06-22 12:21:16.099985+03	\N	\N	\N	\N	\N	\N
118	PSL233	Давление  пилотного газа на П-1, П-201	1	1	\N	\N	\N	2022-06-22 12:21:16.100087+03	\N	\N	\N	\N	\N	\N
119	PSL235	Давление топливного газа на основные горелки П-201	1	1	\N	\N	\N	2022-06-22 12:21:16.100182+03	\N	\N	\N	\N	\N	\N
120	PSL238	Давление топливный газ основной на П-1/1	1	1	\N	\N	\N	2022-06-22 12:21:16.100287+03	\N	\N	\N	\N	\N	\N
121	PSL240	Давление топливный газ основной наП-1/2	1	1	\N	\N	\N	2022-06-22 12:21:16.100355+03	\N	\N	\N	\N	\N	\N
122	PSL242	Давление топливный газ основной на П-1/3	1	1	\N	\N	\N	2022-06-22 12:21:16.100422+03	\N	\N	\N	\N	\N	\N
123	PSL244	Давление топливный газ основной на П-1/4	1	1	\N	\N	\N	2022-06-22 12:21:16.100488+03	\N	\N	\N	\N	\N	\N
124	PSL246	Давление топливный газ основной на П-1/5	1	1	\N	\N	\N	2022-06-22 12:21:16.100555+03	\N	\N	\N	\N	\N	\N
125	TIA111	Температура ГПС из П-201 в Р-1	1	1	\N	\N	\N	2022-06-22 12:21:16.100689+03	\N	\N	\N	\N	\N	\N
126	TR158	Металл рекуператора	1	1	\N	\N	\N	2022-06-22 12:21:16.100866+03	\N	\N	\N	\N	\N	\N
127	TR159	Металл рекуператора	1	1	\N	\N	\N	2022-06-22 12:21:16.100938+03	\N	\N	\N	\N	\N	\N
128	TR160	Температура горячего воздуха к печи П-1	1	1	\N	\N	\N	2022-06-22 12:21:16.101009+03	\N	\N	\N	\N	\N	\N
129	TR168	Температура дымовых газов на всасе Д-2	1	1	\N	\N	\N	2022-06-22 12:21:16.101083+03	\N	\N	\N	\N	\N	\N
130	TR169	Температура перевала П-201	1	1	\N	\N	\N	2022-06-22 12:21:16.10115+03	\N	\N	\N	\N	\N	\N
131	TR172	Температура продуктов сгорания П-1/5	1	1	\N	\N	\N	2022-06-22 12:21:16.101249+03	\N	\N	\N	\N	\N	\N
132	TR173	Температура продуктов сгорания П-1/4	1	1	\N	\N	\N	2022-06-22 12:21:16.10134+03	\N	\N	\N	\N	\N	\N
133	TR174	Температура продуктов сгорания П-1/3	1	1	\N	\N	\N	2022-06-22 12:21:16.101431+03	\N	\N	\N	\N	\N	\N
134	TR175	Температура продуктов сгорания П-1/2	1	1	\N	\N	\N	2022-06-22 12:21:16.101521+03	\N	\N	\N	\N	\N	\N
135	TR176	Температура продуктов сгорания  П-1/1	1	1	\N	\N	\N	2022-06-22 12:21:16.101612+03	\N	\N	\N	\N	\N	\N
136	TR178	Температура перевалов П-2 (вост сторона)	1	1	\N	\N	\N	2022-06-22 12:21:16.101706+03	\N	\N	\N	\N	\N	\N
137	TR179	Температура перевалов П-2 (запад  сторона)	1	1	\N	\N	\N	2022-06-22 12:21:16.101798+03	\N	\N	\N	\N	\N	\N
138	TR186	Температура из П-2 в К-7	1	1	\N	\N	\N	2022-06-22 12:21:16.101906+03	\N	\N	\N	\N	\N	\N
139	TR190	Температура в Е-8	1	1	\N	\N	\N	2022-06-22 12:21:16.101979+03	\N	\N	\N	\N	\N	\N
140	TS117	Температура цирк-го газа на выкиде ПК-1,2	1	1	\N	\N	\N	2022-06-22 12:21:16.102081+03	\N	\N	\N	\N	\N	\N
141	TSH129	Температура на входе в Р-2	1	1	\N	\N	\N	2022-06-22 12:21:16.102171+03	\N	\N	\N	\N	\N	\N
142	TSH133	Температура на входе в Р-3	1	1	\N	\N	\N	2022-06-22 12:21:16.102263+03	\N	\N	\N	\N	\N	\N
143	TSH136	Температура на входе в Р-4/1,2	1	1	\N	\N	\N	2022-06-22 12:21:16.102354+03	\N	\N	\N	\N	\N	\N
144	AI405	Содержание О2 в дымовых газах печей П-201	1	1	\N	\N	\N	2022-06-22 12:21:16.102445+03	\N	\N	\N	\N	\N	\N
\.


--
-- Data for Name: UnitEvents; Type: TABLE DATA; Schema: public; Owner: postgres
--

COPY public."UnitEvents" ("Id", "EventTimeUtc", "TagName", "TagConditionString", "ConditionIsActive", "EventSource", "OriginalEvent", "UnitEventsIntervalId") FROM stdin;
1	2021-06-10 06:37:35.562+03		AI405.Low	t			1
2	2021-06-10 06:37:35.562+03		AI405.PVLowLow	t			1
3	2021-06-10 06:38:22.52+03		TR169.High	t			1
4	2021-06-10 06:38:28.42+03		TR169.PVHighHigh	t			1
5	2021-06-10 06:38:28.897+03		EUV201.ALARM=ОТКР	t			1
6	2021-06-10 06:38:28.897+03		UV-211.ALARM=ЗАКР	t			1
7	2021-06-10 06:38:28.897+03		UV-212.ALARM=ЗАКР	t			1
8	2021-06-10 06:38:28.898+03		UV-213.ALARM=ЗАКР	t			1
9	2021-06-10 06:38:28.898+03		UV-214.ALARM=ЗАКР	t			1
10	2021-06-10 06:38:28.898+03		Э-1.ALARM=ЗАКР	t			1
11	2021-06-10 06:38:29.146+03		FR301.Low	t			1
12	2021-06-10 06:38:29.146+03		PR201.High	t			1
13	2021-06-10 06:38:29.391+03		FR301.PVLowLow	t			1
14	2021-06-10 06:38:29.391+03		PSL235.Low	t			1
15	2021-06-10 06:38:29.391+03		TR169.PVHighHigh	f			1
16	2021-06-10 06:38:29.391+03		TR169.High	f			1
17	2021-06-10 06:38:29.391+03		BS-230.ALARM=Не горит	t			1
18	2021-06-10 06:38:29.391+03		BS-229.ALARM=Не горит	t			1
19	2021-06-10 06:38:29.391+03		BS-228.ALARM=Не горит	t			1
20	2021-06-10 06:38:29.391+03		BS-227.ALARM=Не горит	t			1
21	2021-06-10 06:38:29.391+03		BS-226.ALARM=Не горит	t			1
22	2021-06-10 06:38:29.607+03		AI405.PVLowLow	f			1
23	2021-06-10 06:38:29.607+03		AI405.Low	f			1
24	2021-06-10 06:39:03.853+03		PSL205.Low	t			1
25	2021-06-10 06:39:19.297+03		LRA403.Low	t			1
26	2021-06-10 06:39:19.297+03		LRA404.Low	t			1
27	2021-06-10 06:40:01.188+03		FR307.Low	t			1
28	2021-06-10 06:40:01.51+03		FR307.PVLowLow	t			1
29	2021-06-10 06:40:25.58+03		H-3.ALARM=ВЫКЛ	t			1
30	2021-06-10 06:40:25.58+03		Э-2.ALARM=ЗАКР	t			1
31	2021-06-10 06:41:02.589+03		TSH136.High	t			1
32	2021-06-10 06:41:17.643+03		TSH133.High	t			1
33	2021-06-10 06:41:43.094+03		TSH129.High	t			1
34	2021-06-10 06:41:48.98+03		TSH136.PVHighHigh	t			1
35	2021-06-10 06:41:50.987+03		UV-208.ALARM=ЗАКР	t			1
36	2021-06-10 06:41:50.987+03		UV-209.ALARM=ЗАКР	t			1
37	2021-06-10 06:41:50.987+03		UV-210.ALARM=ЗАКР	t			1
38	2021-06-10 06:42:03.008+03		PR236.Low	t			1
39	2021-06-10 06:42:03.008+03		PR237.Low	t			1
40	2021-06-10 06:42:03.008+03		PR239.Low	t			1
41	2021-06-10 06:42:03.008+03		PR241.Low	t			1
42	2021-06-10 06:42:03.008+03		PR243.Low	t			1
43	2021-06-10 06:42:03.008+03		PR245.Low	t			1
44	2021-06-10 06:42:03.009+03		TR158.High	t			1
45	2021-06-10 06:42:03.009+03		TR159.High	t			1
46	2021-06-10 06:42:19.138+03		UV-207.ALARM=ЗАКР	t			1
47	2021-06-10 06:42:22.134+03		TR158.High	f			1
48	2021-06-10 06:42:22.134+03		TR159.High	f			1
49	2021-06-10 06:42:22.134+03		BS-225.ALARM=Не горит	t			1
50	2021-06-10 06:42:22.134+03		BS-223.ALARM=Не горит	t			1
51	2021-06-10 06:42:22.134+03		BS-222.ALARM=Не горит	t			1
52	2021-06-10 06:42:22.134+03		BS-221.ALARM=Не горит	t			1
53	2021-06-10 06:42:22.134+03		BS-220.ALARM=Не горит	t			1
54	2021-06-10 06:42:22.134+03		BS-219.ALARM=Не горит	t			1
55	2021-06-10 06:42:22.134+03		BS-218.ALARM=Не горит	t			1
56	2021-06-10 06:42:22.134+03		BS-217.ALARM=Не горит	t			1
57	2021-06-10 06:42:22.134+03		BS-216.ALARM=Не горит	t			1
58	2021-06-10 06:42:22.134+03		BS-215.ALARM=Не горит	t			1
59	2021-06-10 06:42:22.134+03		BS-214.ALARM=Не горит	t			1
60	2021-06-10 06:42:22.134+03		BS-213.ALARM=Не горит	t			1
61	2021-06-10 06:42:22.134+03		BS-212.ALARM=Не горит	t			1
62	2021-06-10 06:42:22.134+03		BS-211.ALARM=Не горит	t			1
63	2021-06-10 06:42:22.134+03		BS-210.ALARM=Не горит	t			1
64	2021-06-10 06:42:22.134+03		BS-209.ALARM=Не горит	t			1
65	2021-06-10 06:42:22.134+03		BS-208.ALARM=Не горит	t			1
66	2021-06-10 06:42:22.134+03		BS-207.ALARM=Не горит	t			1
67	2021-06-10 06:42:22.134+03		BS-206.ALARM=Не горит	t			1
68	2021-06-10 06:42:22.134+03		BS-205.ALARM=Не горит	t			1
69	2021-06-10 06:42:22.134+03		BS-204.ALARM=Не горит	t			1
70	2021-06-10 06:42:22.134+03		BS-202.ALARM=Не горит	t			1
71	2021-06-10 06:42:22.134+03		BS-201.ALARM=Не горит	t			1
72	2021-06-10 06:42:22.134+03		BS-203.ALARM=Не горит	t			1
73	2021-06-10 06:42:24.126+03		TR160.High	t			1
74	2021-06-10 06:42:33.17+03		TSH129.High	f			1
75	2021-06-10 06:42:33.17+03		TSH136.PVHighHigh	f			1
76	2021-06-10 06:42:48.293+03		TSH133.High	f			1
77	2021-06-10 06:42:55.324+03		TSH136.High	f			1
78	2021-06-10 06:43:06.427+03		TR160.High	f			1
79	2021-06-10 06:43:24.004+03		PSL205.PVLowLow	t			1
80	2021-06-10 06:43:24.41+03		ПК-1.ALARM=ВЫКЛ	t			1
81	2021-06-10 06:43:24.608+03		FR303.Low	t			1
82	2021-06-10 06:43:24.608+03		FR303.PVLowLow	t			1
83	2021-06-10 06:43:24.608+03		PSL205.PVLowLow	f			1
\.


--
-- Data for Name: UnitEventsIntervals; Type: TABLE DATA; Schema: public; Owner: postgres
--

COPY public."UnitEventsIntervals" ("Id", "Title", "StartTimeUtc", "EndTimeUtc", "UnitId") FROM stdin;
1	Example1 DeltaSim Logs.csv	2021-06-10 06:37:35.562+03	2021-06-10 06:43:24.608+03	1
\.


--
-- Data for Name: Units; Type: TABLE DATA; Schema: public; Owner: postgres
--

COPY public."Units" ("Id", "Title", "Desc", "ActiveProjectId") FROM stdin;
2	Гидроочистка	Гидроочистка дизельных топлив	\N
1	АВТ-6	Установка АВТ-6	1
\.


--
-- Data for Name: VersionMessage; Type: TABLE DATA; Schema: public; Owner: postgres
--

COPY public."VersionMessage" ("Id", "User", "Message") FROM stdin;
\.


--
-- Name: BaseActuatorTypes_Id_seq; Type: SEQUENCE SET; Schema: public; Owner: postgres
--

SELECT pg_catalog.setval('public."BaseActuatorTypes_Id_seq"', 3, true);


--
-- Name: BaseActuators_Id_seq; Type: SEQUENCE SET; Schema: public; Owner: postgres
--

SELECT pg_catalog.setval('public."BaseActuators_Id_seq"', 3, true);


--
-- Name: CauseResults_Id_seq; Type: SEQUENCE SET; Schema: public; Owner: postgres
--

SELECT pg_catalog.setval('public."CauseResults_Id_seq"', 71, true);


--
-- Name: Causes_Id_seq; Type: SEQUENCE SET; Schema: public; Owner: postgres
--

SELECT pg_catalog.setval('public."Causes_Id_seq"', 71, true);


--
-- Name: CeMatrices_Id_seq; Type: SEQUENCE SET; Schema: public; Owner: postgres
--

SELECT pg_catalog.setval('public."CeMatrices_Id_seq"', 2, true);


--
-- Name: CeMatrixResuls_Id_seq; Type: SEQUENCE SET; Schema: public; Owner: postgres
--

SELECT pg_catalog.setval('public."CeMatrixResuls_Id_seq"', 2, true);


--
-- Name: DbFile_Id_seq; Type: SEQUENCE SET; Schema: public; Owner: postgres
--

SELECT pg_catalog.setval('public."DbFile_Id_seq"', 1, false);


--
-- Name: EffectResults_Id_seq; Type: SEQUENCE SET; Schema: public; Owner: postgres
--

SELECT pg_catalog.setval('public."EffectResults_Id_seq"', 45, true);


--
-- Name: Effects_Id_seq; Type: SEQUENCE SET; Schema: public; Owner: postgres
--

SELECT pg_catalog.setval('public."Effects_Id_seq"', 45, true);


--
-- Name: EngineeringUnits_Id_seq; Type: SEQUENCE SET; Schema: public; Owner: postgres
--

SELECT pg_catalog.setval('public."EngineeringUnits_Id_seq"', 2, true);


--
-- Name: IntersectionResult_Id_seq; Type: SEQUENCE SET; Schema: public; Owner: postgres
--

SELECT pg_catalog.setval('public."IntersectionResult_Id_seq"', 289, true);


--
-- Name: Intersection_Id_seq; Type: SEQUENCE SET; Schema: public; Owner: postgres
--

SELECT pg_catalog.setval('public."Intersection_Id_seq"', 289, true);


--
-- Name: Jobs_Id_seq; Type: SEQUENCE SET; Schema: public; Owner: postgres
--

SELECT pg_catalog.setval('public."Jobs_Id_seq"', 1, false);


--
-- Name: Offices_Id_seq; Type: SEQUENCE SET; Schema: public; Owner: postgres
--

SELECT pg_catalog.setval('public."Offices_Id_seq"', 2, true);


--
-- Name: Param_Id_seq; Type: SEQUENCE SET; Schema: public; Owner: postgres
--

SELECT pg_catalog.setval('public."Param_Id_seq"', 3, true);


--
-- Name: Projects_Id_seq; Type: SEQUENCE SET; Schema: public; Owner: postgres
--

SELECT pg_catalog.setval('public."Projects_Id_seq"', 3, true);


--
-- Name: ResultEvent_Id_seq; Type: SEQUENCE SET; Schema: public; Owner: postgres
--

SELECT pg_catalog.setval('public."ResultEvent_Id_seq"', 58, true);


--
-- Name: Results_Id_seq; Type: SEQUENCE SET; Schema: public; Owner: postgres
--

SELECT pg_catalog.setval('public."Results_Id_seq"', 1, true);


--
-- Name: Section_Id_seq; Type: SEQUENCE SET; Schema: public; Owner: postgres
--

SELECT pg_catalog.setval('public."Section_Id_seq"', 1, false);


--
-- Name: SimUsers_Id_seq; Type: SEQUENCE SET; Schema: public; Owner: postgres
--

SELECT pg_catalog.setval('public."SimUsers_Id_seq"', 1, true);


--
-- Name: StandardParam_Id_seq; Type: SEQUENCE SET; Schema: public; Owner: postgres
--

SELECT pg_catalog.setval('public."StandardParam_Id_seq"', 2, true);


--
-- Name: SubCauseResult_Id_seq; Type: SEQUENCE SET; Schema: public; Owner: postgres
--

SELECT pg_catalog.setval('public."SubCauseResult_Id_seq"', 72, true);


--
-- Name: SubCause_Id_seq; Type: SEQUENCE SET; Schema: public; Owner: postgres
--

SELECT pg_catalog.setval('public."SubCause_Id_seq"', 72, true);


--
-- Name: TagConditionElementNames_Id_seq; Type: SEQUENCE SET; Schema: public; Owner: postgres
--

SELECT pg_catalog.setval('public."TagConditionElementNames_Id_seq"', 5, true);


--
-- Name: TagCondition_Id_seq; Type: SEQUENCE SET; Schema: public; Owner: postgres
--

SELECT pg_catalog.setval('public."TagCondition_Id_seq"', 196, true);


--
-- Name: TagEvent_Id_seq; Type: SEQUENCE SET; Schema: public; Owner: postgres
--

SELECT pg_catalog.setval('public."TagEvent_Id_seq"', 21, true);


--
-- Name: Tags_Id_seq; Type: SEQUENCE SET; Schema: public; Owner: postgres
--

SELECT pg_catalog.setval('public."Tags_Id_seq"', 144, true);


--
-- Name: UnitEventsIntervals_Id_seq; Type: SEQUENCE SET; Schema: public; Owner: postgres
--

SELECT pg_catalog.setval('public."UnitEventsIntervals_Id_seq"', 1, true);


--
-- Name: UnitEvents_Id_seq; Type: SEQUENCE SET; Schema: public; Owner: postgres
--

SELECT pg_catalog.setval('public."UnitEvents_Id_seq"', 83, true);


--
-- Name: Units_Id_seq; Type: SEQUENCE SET; Schema: public; Owner: postgres
--

SELECT pg_catalog.setval('public."Units_Id_seq"', 2, true);


--
-- Name: VersionMessage_Id_seq; Type: SEQUENCE SET; Schema: public; Owner: postgres
--

SELECT pg_catalog.setval('public."VersionMessage_Id_seq"', 1, false);


--
-- Name: BaseActuatorTypes PK_BaseActuatorTypes; Type: CONSTRAINT; Schema: public; Owner: postgres
--

ALTER TABLE ONLY public."BaseActuatorTypes"
    ADD CONSTRAINT "PK_BaseActuatorTypes" PRIMARY KEY ("Id");


--
-- Name: BaseActuators PK_BaseActuators; Type: CONSTRAINT; Schema: public; Owner: postgres
--

ALTER TABLE ONLY public."BaseActuators"
    ADD CONSTRAINT "PK_BaseActuators" PRIMARY KEY ("Id");


--
-- Name: CauseResults PK_CauseResults; Type: CONSTRAINT; Schema: public; Owner: postgres
--

ALTER TABLE ONLY public."CauseResults"
    ADD CONSTRAINT "PK_CauseResults" PRIMARY KEY ("Id");


--
-- Name: Causes PK_Causes; Type: CONSTRAINT; Schema: public; Owner: postgres
--

ALTER TABLE ONLY public."Causes"
    ADD CONSTRAINT "PK_Causes" PRIMARY KEY ("Id");


--
-- Name: CeMatrices PK_CeMatrices; Type: CONSTRAINT; Schema: public; Owner: postgres
--

ALTER TABLE ONLY public."CeMatrices"
    ADD CONSTRAINT "PK_CeMatrices" PRIMARY KEY ("Id");


--
-- Name: CeMatrixResuls PK_CeMatrixResuls; Type: CONSTRAINT; Schema: public; Owner: postgres
--

ALTER TABLE ONLY public."CeMatrixResuls"
    ADD CONSTRAINT "PK_CeMatrixResuls" PRIMARY KEY ("Id");


--
-- Name: DbFile PK_DbFile; Type: CONSTRAINT; Schema: public; Owner: postgres
--

ALTER TABLE ONLY public."DbFile"
    ADD CONSTRAINT "PK_DbFile" PRIMARY KEY ("Id");


--
-- Name: EffectResults PK_EffectResults; Type: CONSTRAINT; Schema: public; Owner: postgres
--

ALTER TABLE ONLY public."EffectResults"
    ADD CONSTRAINT "PK_EffectResults" PRIMARY KEY ("Id");


--
-- Name: Effects PK_Effects; Type: CONSTRAINT; Schema: public; Owner: postgres
--

ALTER TABLE ONLY public."Effects"
    ADD CONSTRAINT "PK_Effects" PRIMARY KEY ("Id");


--
-- Name: EngineeringUnits PK_EngineeringUnits; Type: CONSTRAINT; Schema: public; Owner: postgres
--

ALTER TABLE ONLY public."EngineeringUnits"
    ADD CONSTRAINT "PK_EngineeringUnits" PRIMARY KEY ("Id");


--
-- Name: Intersection PK_Intersection; Type: CONSTRAINT; Schema: public; Owner: postgres
--

ALTER TABLE ONLY public."Intersection"
    ADD CONSTRAINT "PK_Intersection" PRIMARY KEY ("Id");


--
-- Name: IntersectionResult PK_IntersectionResult; Type: CONSTRAINT; Schema: public; Owner: postgres
--

ALTER TABLE ONLY public."IntersectionResult"
    ADD CONSTRAINT "PK_IntersectionResult" PRIMARY KEY ("Id");


--
-- Name: Jobs PK_Jobs; Type: CONSTRAINT; Schema: public; Owner: postgres
--

ALTER TABLE ONLY public."Jobs"
    ADD CONSTRAINT "PK_Jobs" PRIMARY KEY ("Id");


--
-- Name: Offices PK_Offices; Type: CONSTRAINT; Schema: public; Owner: postgres
--

ALTER TABLE ONLY public."Offices"
    ADD CONSTRAINT "PK_Offices" PRIMARY KEY ("Id");


--
-- Name: Param PK_Param; Type: CONSTRAINT; Schema: public; Owner: postgres
--

ALTER TABLE ONLY public."Param"
    ADD CONSTRAINT "PK_Param" PRIMARY KEY ("Id");


--
-- Name: Projects PK_Projects; Type: CONSTRAINT; Schema: public; Owner: postgres
--

ALTER TABLE ONLY public."Projects"
    ADD CONSTRAINT "PK_Projects" PRIMARY KEY ("Id");


--
-- Name: ResultEvent PK_ResultEvent; Type: CONSTRAINT; Schema: public; Owner: postgres
--

ALTER TABLE ONLY public."ResultEvent"
    ADD CONSTRAINT "PK_ResultEvent" PRIMARY KEY ("Id");


--
-- Name: Results PK_Results; Type: CONSTRAINT; Schema: public; Owner: postgres
--

ALTER TABLE ONLY public."Results"
    ADD CONSTRAINT "PK_Results" PRIMARY KEY ("Id");


--
-- Name: Section PK_Section; Type: CONSTRAINT; Schema: public; Owner: postgres
--

ALTER TABLE ONLY public."Section"
    ADD CONSTRAINT "PK_Section" PRIMARY KEY ("Id");


--
-- Name: SimUsers PK_SimUsers; Type: CONSTRAINT; Schema: public; Owner: postgres
--

ALTER TABLE ONLY public."SimUsers"
    ADD CONSTRAINT "PK_SimUsers" PRIMARY KEY ("Id");


--
-- Name: StandardParam PK_StandardParam; Type: CONSTRAINT; Schema: public; Owner: postgres
--

ALTER TABLE ONLY public."StandardParam"
    ADD CONSTRAINT "PK_StandardParam" PRIMARY KEY ("Id");


--
-- Name: SubCause PK_SubCause; Type: CONSTRAINT; Schema: public; Owner: postgres
--

ALTER TABLE ONLY public."SubCause"
    ADD CONSTRAINT "PK_SubCause" PRIMARY KEY ("Id");


--
-- Name: SubCauseResult PK_SubCauseResult; Type: CONSTRAINT; Schema: public; Owner: postgres
--

ALTER TABLE ONLY public."SubCauseResult"
    ADD CONSTRAINT "PK_SubCauseResult" PRIMARY KEY ("Id");


--
-- Name: TagCondition PK_TagCondition; Type: CONSTRAINT; Schema: public; Owner: postgres
--

ALTER TABLE ONLY public."TagCondition"
    ADD CONSTRAINT "PK_TagCondition" PRIMARY KEY ("Id");


--
-- Name: TagConditionElementNames PK_TagConditionElementNames; Type: CONSTRAINT; Schema: public; Owner: postgres
--

ALTER TABLE ONLY public."TagConditionElementNames"
    ADD CONSTRAINT "PK_TagConditionElementNames" PRIMARY KEY ("Id");


--
-- Name: TagEvent PK_TagEvent; Type: CONSTRAINT; Schema: public; Owner: postgres
--

ALTER TABLE ONLY public."TagEvent"
    ADD CONSTRAINT "PK_TagEvent" PRIMARY KEY ("Id");


--
-- Name: Tags PK_Tags; Type: CONSTRAINT; Schema: public; Owner: postgres
--

ALTER TABLE ONLY public."Tags"
    ADD CONSTRAINT "PK_Tags" PRIMARY KEY ("Id");


--
-- Name: UnitEvents PK_UnitEvents; Type: CONSTRAINT; Schema: public; Owner: postgres
--

ALTER TABLE ONLY public."UnitEvents"
    ADD CONSTRAINT "PK_UnitEvents" PRIMARY KEY ("Id");


--
-- Name: UnitEventsIntervals PK_UnitEventsIntervals; Type: CONSTRAINT; Schema: public; Owner: postgres
--

ALTER TABLE ONLY public."UnitEventsIntervals"
    ADD CONSTRAINT "PK_UnitEventsIntervals" PRIMARY KEY ("Id");


--
-- Name: Units PK_Units; Type: CONSTRAINT; Schema: public; Owner: postgres
--

ALTER TABLE ONLY public."Units"
    ADD CONSTRAINT "PK_Units" PRIMARY KEY ("Id");


--
-- Name: VersionMessage PK_VersionMessage; Type: CONSTRAINT; Schema: public; Owner: postgres
--

ALTER TABLE ONLY public."VersionMessage"
    ADD CONSTRAINT "PK_VersionMessage" PRIMARY KEY ("Id");


--
-- Name: IX_BaseActuators_BaseActuatorTypeId; Type: INDEX; Schema: public; Owner: postgres
--

CREATE INDEX "IX_BaseActuators_BaseActuatorTypeId" ON public."BaseActuators" USING btree ("BaseActuatorTypeId");


--
-- Name: IX_BaseActuators_ProjectId; Type: INDEX; Schema: public; Owner: postgres
--

CREATE INDEX "IX_BaseActuators_ProjectId" ON public."BaseActuators" USING btree ("ProjectId");


--
-- Name: IX_CauseResults_CeMatrixResultId; Type: INDEX; Schema: public; Owner: postgres
--

CREATE INDEX "IX_CauseResults_CeMatrixResultId" ON public."CauseResults" USING btree ("CeMatrixResultId");


--
-- Name: IX_Causes_CeMatrixId; Type: INDEX; Schema: public; Owner: postgres
--

CREATE INDEX "IX_Causes_CeMatrixId" ON public."Causes" USING btree ("CeMatrixId");


--
-- Name: IX_Causes__CreateMessageId; Type: INDEX; Schema: public; Owner: postgres
--

CREATE INDEX "IX_Causes__CreateMessageId" ON public."Causes" USING btree ("_CreateMessageId");


--
-- Name: IX_Causes__DeleteMessageId; Type: INDEX; Schema: public; Owner: postgres
--

CREATE INDEX "IX_Causes__DeleteMessageId" ON public."Causes" USING btree ("_DeleteMessageId");


--
-- Name: IX_Causes__ProposalCreateMessageId; Type: INDEX; Schema: public; Owner: postgres
--

CREATE INDEX "IX_Causes__ProposalCreateMessageId" ON public."Causes" USING btree ("_ProposalCreateMessageId");


--
-- Name: IX_Causes__ProposalDeleteMessageId; Type: INDEX; Schema: public; Owner: postgres
--

CREATE INDEX "IX_Causes__ProposalDeleteMessageId" ON public."Causes" USING btree ("_ProposalDeleteMessageId");


--
-- Name: IX_Causes__RejectedMessageId; Type: INDEX; Schema: public; Owner: postgres
--

CREATE INDEX "IX_Causes__RejectedMessageId" ON public."Causes" USING btree ("_RejectedMessageId");


--
-- Name: IX_CeMatrices_ProjectId; Type: INDEX; Schema: public; Owner: postgres
--

CREATE INDEX "IX_CeMatrices_ProjectId" ON public."CeMatrices" USING btree ("ProjectId");


--
-- Name: IX_CeMatrices__CreateMessageId; Type: INDEX; Schema: public; Owner: postgres
--

CREATE INDEX "IX_CeMatrices__CreateMessageId" ON public."CeMatrices" USING btree ("_CreateMessageId");


--
-- Name: IX_CeMatrices__DeleteMessageId; Type: INDEX; Schema: public; Owner: postgres
--

CREATE INDEX "IX_CeMatrices__DeleteMessageId" ON public."CeMatrices" USING btree ("_DeleteMessageId");


--
-- Name: IX_CeMatrices__ProposalCreateMessageId; Type: INDEX; Schema: public; Owner: postgres
--

CREATE INDEX "IX_CeMatrices__ProposalCreateMessageId" ON public."CeMatrices" USING btree ("_ProposalCreateMessageId");


--
-- Name: IX_CeMatrices__ProposalDeleteMessageId; Type: INDEX; Schema: public; Owner: postgres
--

CREATE INDEX "IX_CeMatrices__ProposalDeleteMessageId" ON public."CeMatrices" USING btree ("_ProposalDeleteMessageId");


--
-- Name: IX_CeMatrices__RejectedMessageId; Type: INDEX; Schema: public; Owner: postgres
--

CREATE INDEX "IX_CeMatrices__RejectedMessageId" ON public."CeMatrices" USING btree ("_RejectedMessageId");


--
-- Name: IX_CeMatrixResuls_ResultId; Type: INDEX; Schema: public; Owner: postgres
--

CREATE INDEX "IX_CeMatrixResuls_ResultId" ON public."CeMatrixResuls" USING btree ("ResultId");


--
-- Name: IX_DbFile_VersionMessageId; Type: INDEX; Schema: public; Owner: postgres
--

CREATE INDEX "IX_DbFile_VersionMessageId" ON public."DbFile" USING btree ("VersionMessageId");


--
-- Name: IX_EffectResults_CeMatrixResultId; Type: INDEX; Schema: public; Owner: postgres
--

CREATE INDEX "IX_EffectResults_CeMatrixResultId" ON public."EffectResults" USING btree ("CeMatrixResultId");


--
-- Name: IX_Effects_CeMatrixId; Type: INDEX; Schema: public; Owner: postgres
--

CREATE INDEX "IX_Effects_CeMatrixId" ON public."Effects" USING btree ("CeMatrixId");


--
-- Name: IX_Effects__CreateMessageId; Type: INDEX; Schema: public; Owner: postgres
--

CREATE INDEX "IX_Effects__CreateMessageId" ON public."Effects" USING btree ("_CreateMessageId");


--
-- Name: IX_Effects__DeleteMessageId; Type: INDEX; Schema: public; Owner: postgres
--

CREATE INDEX "IX_Effects__DeleteMessageId" ON public."Effects" USING btree ("_DeleteMessageId");


--
-- Name: IX_Effects__ProposalCreateMessageId; Type: INDEX; Schema: public; Owner: postgres
--

CREATE INDEX "IX_Effects__ProposalCreateMessageId" ON public."Effects" USING btree ("_ProposalCreateMessageId");


--
-- Name: IX_Effects__ProposalDeleteMessageId; Type: INDEX; Schema: public; Owner: postgres
--

CREATE INDEX "IX_Effects__ProposalDeleteMessageId" ON public."Effects" USING btree ("_ProposalDeleteMessageId");


--
-- Name: IX_Effects__RejectedMessageId; Type: INDEX; Schema: public; Owner: postgres
--

CREATE INDEX "IX_Effects__RejectedMessageId" ON public."Effects" USING btree ("_RejectedMessageId");


--
-- Name: IX_IntersectionResult_CauseResultId; Type: INDEX; Schema: public; Owner: postgres
--

CREATE INDEX "IX_IntersectionResult_CauseResultId" ON public."IntersectionResult" USING btree ("CauseResultId");


--
-- Name: IX_IntersectionResult_CeMatrixResultId; Type: INDEX; Schema: public; Owner: postgres
--

CREATE INDEX "IX_IntersectionResult_CeMatrixResultId" ON public."IntersectionResult" USING btree ("CeMatrixResultId");


--
-- Name: IX_IntersectionResult_EffectResultId; Type: INDEX; Schema: public; Owner: postgres
--

CREATE INDEX "IX_IntersectionResult_EffectResultId" ON public."IntersectionResult" USING btree ("EffectResultId");


--
-- Name: IX_Intersection_CauseId; Type: INDEX; Schema: public; Owner: postgres
--

CREATE INDEX "IX_Intersection_CauseId" ON public."Intersection" USING btree ("CauseId");


--
-- Name: IX_Intersection_CeMatrixId; Type: INDEX; Schema: public; Owner: postgres
--

CREATE INDEX "IX_Intersection_CeMatrixId" ON public."Intersection" USING btree ("CeMatrixId");


--
-- Name: IX_Intersection_EffectId; Type: INDEX; Schema: public; Owner: postgres
--

CREATE INDEX "IX_Intersection_EffectId" ON public."Intersection" USING btree ("EffectId");


--
-- Name: IX_Intersection__CreateMessageId; Type: INDEX; Schema: public; Owner: postgres
--

CREATE INDEX "IX_Intersection__CreateMessageId" ON public."Intersection" USING btree ("_CreateMessageId");


--
-- Name: IX_Intersection__DeleteMessageId; Type: INDEX; Schema: public; Owner: postgres
--

CREATE INDEX "IX_Intersection__DeleteMessageId" ON public."Intersection" USING btree ("_DeleteMessageId");


--
-- Name: IX_Intersection__ProposalCreateMessageId; Type: INDEX; Schema: public; Owner: postgres
--

CREATE INDEX "IX_Intersection__ProposalCreateMessageId" ON public."Intersection" USING btree ("_ProposalCreateMessageId");


--
-- Name: IX_Intersection__ProposalDeleteMessageId; Type: INDEX; Schema: public; Owner: postgres
--

CREATE INDEX "IX_Intersection__ProposalDeleteMessageId" ON public."Intersection" USING btree ("_ProposalDeleteMessageId");


--
-- Name: IX_Intersection__RejectedMessageId; Type: INDEX; Schema: public; Owner: postgres
--

CREATE INDEX "IX_Intersection__RejectedMessageId" ON public."Intersection" USING btree ("_RejectedMessageId");


--
-- Name: IX_Param_BaseActuatorId; Type: INDEX; Schema: public; Owner: postgres
--

CREATE INDEX "IX_Param_BaseActuatorId" ON public."Param" USING btree ("BaseActuatorId");


--
-- Name: IX_Param_TagId; Type: INDEX; Schema: public; Owner: postgres
--

CREATE INDEX "IX_Param_TagId" ON public."Param" USING btree ("TagId");


--
-- Name: IX_Param_TagParam_TagId; Type: INDEX; Schema: public; Owner: postgres
--

CREATE INDEX "IX_Param_TagParam_TagId" ON public."Param" USING btree ("TagParam_TagId");


--
-- Name: IX_Param__CreateMessageId; Type: INDEX; Schema: public; Owner: postgres
--

CREATE INDEX "IX_Param__CreateMessageId" ON public."Param" USING btree ("_CreateMessageId");


--
-- Name: IX_Param__DeleteMessageId; Type: INDEX; Schema: public; Owner: postgres
--

CREATE INDEX "IX_Param__DeleteMessageId" ON public."Param" USING btree ("_DeleteMessageId");


--
-- Name: IX_Param__ProposalCreateMessageId; Type: INDEX; Schema: public; Owner: postgres
--

CREATE INDEX "IX_Param__ProposalCreateMessageId" ON public."Param" USING btree ("_ProposalCreateMessageId");


--
-- Name: IX_Param__ProposalDeleteMessageId; Type: INDEX; Schema: public; Owner: postgres
--

CREATE INDEX "IX_Param__ProposalDeleteMessageId" ON public."Param" USING btree ("_ProposalDeleteMessageId");


--
-- Name: IX_Param__RejectedMessageId; Type: INDEX; Schema: public; Owner: postgres
--

CREATE INDEX "IX_Param__RejectedMessageId" ON public."Param" USING btree ("_RejectedMessageId");


--
-- Name: IX_Projects_UnitId; Type: INDEX; Schema: public; Owner: postgres
--

CREATE INDEX "IX_Projects_UnitId" ON public."Projects" USING btree ("UnitId");


--
-- Name: IX_ResultEvent_ResultId; Type: INDEX; Schema: public; Owner: postgres
--

CREATE INDEX "IX_ResultEvent_ResultId" ON public."ResultEvent" USING btree ("ResultId");


--
-- Name: IX_Results_UnitId; Type: INDEX; Schema: public; Owner: postgres
--

CREATE INDEX "IX_Results_UnitId" ON public."Results" USING btree ("UnitId");


--
-- Name: IX_Section_ParentSectionId; Type: INDEX; Schema: public; Owner: postgres
--

CREATE INDEX "IX_Section_ParentSectionId" ON public."Section" USING btree ("ParentSectionId");


--
-- Name: IX_Section_UnitId; Type: INDEX; Schema: public; Owner: postgres
--

CREATE INDEX "IX_Section_UnitId" ON public."Section" USING btree ("UnitId");


--
-- Name: IX_SimUsers_OfficeId; Type: INDEX; Schema: public; Owner: postgres
--

CREATE INDEX "IX_SimUsers_OfficeId" ON public."SimUsers" USING btree ("OfficeId");


--
-- Name: IX_StandardParam_BaseActuatorTypeId; Type: INDEX; Schema: public; Owner: postgres
--

CREATE INDEX "IX_StandardParam_BaseActuatorTypeId" ON public."StandardParam" USING btree ("BaseActuatorTypeId");


--
-- Name: IX_SubCauseResult_CauseResultId; Type: INDEX; Schema: public; Owner: postgres
--

CREATE INDEX "IX_SubCauseResult_CauseResultId" ON public."SubCauseResult" USING btree ("CauseResultId");


--
-- Name: IX_SubCause_CauseId; Type: INDEX; Schema: public; Owner: postgres
--

CREATE INDEX "IX_SubCause_CauseId" ON public."SubCause" USING btree ("CauseId");


--
-- Name: IX_SubCause__CreateMessageId; Type: INDEX; Schema: public; Owner: postgres
--

CREATE INDEX "IX_SubCause__CreateMessageId" ON public."SubCause" USING btree ("_CreateMessageId");


--
-- Name: IX_SubCause__DeleteMessageId; Type: INDEX; Schema: public; Owner: postgres
--

CREATE INDEX "IX_SubCause__DeleteMessageId" ON public."SubCause" USING btree ("_DeleteMessageId");


--
-- Name: IX_SubCause__ProposalCreateMessageId; Type: INDEX; Schema: public; Owner: postgres
--

CREATE INDEX "IX_SubCause__ProposalCreateMessageId" ON public."SubCause" USING btree ("_ProposalCreateMessageId");


--
-- Name: IX_SubCause__ProposalDeleteMessageId; Type: INDEX; Schema: public; Owner: postgres
--

CREATE INDEX "IX_SubCause__ProposalDeleteMessageId" ON public."SubCause" USING btree ("_ProposalDeleteMessageId");


--
-- Name: IX_SubCause__RejectedMessageId; Type: INDEX; Schema: public; Owner: postgres
--

CREATE INDEX "IX_SubCause__RejectedMessageId" ON public."SubCause" USING btree ("_RejectedMessageId");


--
-- Name: IX_TagCondition_TagId; Type: INDEX; Schema: public; Owner: postgres
--

CREATE INDEX "IX_TagCondition_TagId" ON public."TagCondition" USING btree ("TagId");


--
-- Name: IX_TagCondition__CreateMessageId; Type: INDEX; Schema: public; Owner: postgres
--

CREATE INDEX "IX_TagCondition__CreateMessageId" ON public."TagCondition" USING btree ("_CreateMessageId");


--
-- Name: IX_TagCondition__DeleteMessageId; Type: INDEX; Schema: public; Owner: postgres
--

CREATE INDEX "IX_TagCondition__DeleteMessageId" ON public."TagCondition" USING btree ("_DeleteMessageId");


--
-- Name: IX_TagCondition__ProposalCreateMessageId; Type: INDEX; Schema: public; Owner: postgres
--

CREATE INDEX "IX_TagCondition__ProposalCreateMessageId" ON public."TagCondition" USING btree ("_ProposalCreateMessageId");


--
-- Name: IX_TagCondition__ProposalDeleteMessageId; Type: INDEX; Schema: public; Owner: postgres
--

CREATE INDEX "IX_TagCondition__ProposalDeleteMessageId" ON public."TagCondition" USING btree ("_ProposalDeleteMessageId");


--
-- Name: IX_TagCondition__RejectedMessageId; Type: INDEX; Schema: public; Owner: postgres
--

CREATE INDEX "IX_TagCondition__RejectedMessageId" ON public."TagCondition" USING btree ("_RejectedMessageId");


--
-- Name: IX_TagEvent_TagId; Type: INDEX; Schema: public; Owner: postgres
--

CREATE INDEX "IX_TagEvent_TagId" ON public."TagEvent" USING btree ("TagId");


--
-- Name: IX_Tags_BaseActuatorId; Type: INDEX; Schema: public; Owner: postgres
--

CREATE INDEX "IX_Tags_BaseActuatorId" ON public."Tags" USING btree ("BaseActuatorId");


--
-- Name: IX_Tags_IsActive_TagName; Type: INDEX; Schema: public; Owner: postgres
--

CREATE INDEX "IX_Tags_IsActive_TagName" ON public."Tags" USING btree ("IsActive", "TagName");


--
-- Name: IX_Tags_ProjectId; Type: INDEX; Schema: public; Owner: postgres
--

CREATE INDEX "IX_Tags_ProjectId" ON public."Tags" USING btree ("ProjectId");


--
-- Name: IX_Tags__CreateMessageId; Type: INDEX; Schema: public; Owner: postgres
--

CREATE INDEX "IX_Tags__CreateMessageId" ON public."Tags" USING btree ("_CreateMessageId");


--
-- Name: IX_Tags__DeleteMessageId; Type: INDEX; Schema: public; Owner: postgres
--

CREATE INDEX "IX_Tags__DeleteMessageId" ON public."Tags" USING btree ("_DeleteMessageId");


--
-- Name: IX_Tags__ProposalCreateMessageId; Type: INDEX; Schema: public; Owner: postgres
--

CREATE INDEX "IX_Tags__ProposalCreateMessageId" ON public."Tags" USING btree ("_ProposalCreateMessageId");


--
-- Name: IX_Tags__ProposalDeleteMessageId; Type: INDEX; Schema: public; Owner: postgres
--

CREATE INDEX "IX_Tags__ProposalDeleteMessageId" ON public."Tags" USING btree ("_ProposalDeleteMessageId");


--
-- Name: IX_Tags__RejectedMessageId; Type: INDEX; Schema: public; Owner: postgres
--

CREATE INDEX "IX_Tags__RejectedMessageId" ON public."Tags" USING btree ("_RejectedMessageId");


--
-- Name: IX_UnitEventsIntervals_UnitId; Type: INDEX; Schema: public; Owner: postgres
--

CREATE INDEX "IX_UnitEventsIntervals_UnitId" ON public."UnitEventsIntervals" USING btree ("UnitId");


--
-- Name: IX_UnitEvents_UnitEventsIntervalId; Type: INDEX; Schema: public; Owner: postgres
--

CREATE INDEX "IX_UnitEvents_UnitEventsIntervalId" ON public."UnitEvents" USING btree ("UnitEventsIntervalId");


--
-- Name: IX_Units_ActiveProjectId; Type: INDEX; Schema: public; Owner: postgres
--

CREATE INDEX "IX_Units_ActiveProjectId" ON public."Units" USING btree ("ActiveProjectId");


--
-- Name: BaseActuators FK_BaseActuators_BaseActuatorTypes_BaseActuatorTypeId; Type: FK CONSTRAINT; Schema: public; Owner: postgres
--

ALTER TABLE ONLY public."BaseActuators"
    ADD CONSTRAINT "FK_BaseActuators_BaseActuatorTypes_BaseActuatorTypeId" FOREIGN KEY ("BaseActuatorTypeId") REFERENCES public."BaseActuatorTypes"("Id") ON DELETE CASCADE;


--
-- Name: BaseActuators FK_BaseActuators_Projects_ProjectId; Type: FK CONSTRAINT; Schema: public; Owner: postgres
--

ALTER TABLE ONLY public."BaseActuators"
    ADD CONSTRAINT "FK_BaseActuators_Projects_ProjectId" FOREIGN KEY ("ProjectId") REFERENCES public."Projects"("Id") ON DELETE CASCADE;


--
-- Name: CauseResults FK_CauseResults_CeMatrixResuls_CeMatrixResultId; Type: FK CONSTRAINT; Schema: public; Owner: postgres
--

ALTER TABLE ONLY public."CauseResults"
    ADD CONSTRAINT "FK_CauseResults_CeMatrixResuls_CeMatrixResultId" FOREIGN KEY ("CeMatrixResultId") REFERENCES public."CeMatrixResuls"("Id") ON DELETE CASCADE;


--
-- Name: Causes FK_Causes_CeMatrices_CeMatrixId; Type: FK CONSTRAINT; Schema: public; Owner: postgres
--

ALTER TABLE ONLY public."Causes"
    ADD CONSTRAINT "FK_Causes_CeMatrices_CeMatrixId" FOREIGN KEY ("CeMatrixId") REFERENCES public."CeMatrices"("Id") ON DELETE CASCADE;


--
-- Name: Causes FK_Causes_VersionMessage__CreateMessageId; Type: FK CONSTRAINT; Schema: public; Owner: postgres
--

ALTER TABLE ONLY public."Causes"
    ADD CONSTRAINT "FK_Causes_VersionMessage__CreateMessageId" FOREIGN KEY ("_CreateMessageId") REFERENCES public."VersionMessage"("Id");


--
-- Name: Causes FK_Causes_VersionMessage__DeleteMessageId; Type: FK CONSTRAINT; Schema: public; Owner: postgres
--

ALTER TABLE ONLY public."Causes"
    ADD CONSTRAINT "FK_Causes_VersionMessage__DeleteMessageId" FOREIGN KEY ("_DeleteMessageId") REFERENCES public."VersionMessage"("Id");


--
-- Name: Causes FK_Causes_VersionMessage__ProposalCreateMessageId; Type: FK CONSTRAINT; Schema: public; Owner: postgres
--

ALTER TABLE ONLY public."Causes"
    ADD CONSTRAINT "FK_Causes_VersionMessage__ProposalCreateMessageId" FOREIGN KEY ("_ProposalCreateMessageId") REFERENCES public."VersionMessage"("Id");


--
-- Name: Causes FK_Causes_VersionMessage__ProposalDeleteMessageId; Type: FK CONSTRAINT; Schema: public; Owner: postgres
--

ALTER TABLE ONLY public."Causes"
    ADD CONSTRAINT "FK_Causes_VersionMessage__ProposalDeleteMessageId" FOREIGN KEY ("_ProposalDeleteMessageId") REFERENCES public."VersionMessage"("Id");


--
-- Name: Causes FK_Causes_VersionMessage__RejectedMessageId; Type: FK CONSTRAINT; Schema: public; Owner: postgres
--

ALTER TABLE ONLY public."Causes"
    ADD CONSTRAINT "FK_Causes_VersionMessage__RejectedMessageId" FOREIGN KEY ("_RejectedMessageId") REFERENCES public."VersionMessage"("Id");


--
-- Name: CeMatrices FK_CeMatrices_Projects_ProjectId; Type: FK CONSTRAINT; Schema: public; Owner: postgres
--

ALTER TABLE ONLY public."CeMatrices"
    ADD CONSTRAINT "FK_CeMatrices_Projects_ProjectId" FOREIGN KEY ("ProjectId") REFERENCES public."Projects"("Id") ON DELETE CASCADE;


--
-- Name: CeMatrices FK_CeMatrices_VersionMessage__CreateMessageId; Type: FK CONSTRAINT; Schema: public; Owner: postgres
--

ALTER TABLE ONLY public."CeMatrices"
    ADD CONSTRAINT "FK_CeMatrices_VersionMessage__CreateMessageId" FOREIGN KEY ("_CreateMessageId") REFERENCES public."VersionMessage"("Id");


--
-- Name: CeMatrices FK_CeMatrices_VersionMessage__DeleteMessageId; Type: FK CONSTRAINT; Schema: public; Owner: postgres
--

ALTER TABLE ONLY public."CeMatrices"
    ADD CONSTRAINT "FK_CeMatrices_VersionMessage__DeleteMessageId" FOREIGN KEY ("_DeleteMessageId") REFERENCES public."VersionMessage"("Id");


--
-- Name: CeMatrices FK_CeMatrices_VersionMessage__ProposalCreateMessageId; Type: FK CONSTRAINT; Schema: public; Owner: postgres
--

ALTER TABLE ONLY public."CeMatrices"
    ADD CONSTRAINT "FK_CeMatrices_VersionMessage__ProposalCreateMessageId" FOREIGN KEY ("_ProposalCreateMessageId") REFERENCES public."VersionMessage"("Id");


--
-- Name: CeMatrices FK_CeMatrices_VersionMessage__ProposalDeleteMessageId; Type: FK CONSTRAINT; Schema: public; Owner: postgres
--

ALTER TABLE ONLY public."CeMatrices"
    ADD CONSTRAINT "FK_CeMatrices_VersionMessage__ProposalDeleteMessageId" FOREIGN KEY ("_ProposalDeleteMessageId") REFERENCES public."VersionMessage"("Id");


--
-- Name: CeMatrices FK_CeMatrices_VersionMessage__RejectedMessageId; Type: FK CONSTRAINT; Schema: public; Owner: postgres
--

ALTER TABLE ONLY public."CeMatrices"
    ADD CONSTRAINT "FK_CeMatrices_VersionMessage__RejectedMessageId" FOREIGN KEY ("_RejectedMessageId") REFERENCES public."VersionMessage"("Id");


--
-- Name: CeMatrixResuls FK_CeMatrixResuls_Results_ResultId; Type: FK CONSTRAINT; Schema: public; Owner: postgres
--

ALTER TABLE ONLY public."CeMatrixResuls"
    ADD CONSTRAINT "FK_CeMatrixResuls_Results_ResultId" FOREIGN KEY ("ResultId") REFERENCES public."Results"("Id") ON DELETE CASCADE;


--
-- Name: DbFile FK_DbFile_VersionMessage_VersionMessageId; Type: FK CONSTRAINT; Schema: public; Owner: postgres
--

ALTER TABLE ONLY public."DbFile"
    ADD CONSTRAINT "FK_DbFile_VersionMessage_VersionMessageId" FOREIGN KEY ("VersionMessageId") REFERENCES public."VersionMessage"("Id");


--
-- Name: EffectResults FK_EffectResults_CeMatrixResuls_CeMatrixResultId; Type: FK CONSTRAINT; Schema: public; Owner: postgres
--

ALTER TABLE ONLY public."EffectResults"
    ADD CONSTRAINT "FK_EffectResults_CeMatrixResuls_CeMatrixResultId" FOREIGN KEY ("CeMatrixResultId") REFERENCES public."CeMatrixResuls"("Id") ON DELETE CASCADE;


--
-- Name: Effects FK_Effects_CeMatrices_CeMatrixId; Type: FK CONSTRAINT; Schema: public; Owner: postgres
--

ALTER TABLE ONLY public."Effects"
    ADD CONSTRAINT "FK_Effects_CeMatrices_CeMatrixId" FOREIGN KEY ("CeMatrixId") REFERENCES public."CeMatrices"("Id") ON DELETE CASCADE;


--
-- Name: Effects FK_Effects_VersionMessage__CreateMessageId; Type: FK CONSTRAINT; Schema: public; Owner: postgres
--

ALTER TABLE ONLY public."Effects"
    ADD CONSTRAINT "FK_Effects_VersionMessage__CreateMessageId" FOREIGN KEY ("_CreateMessageId") REFERENCES public."VersionMessage"("Id");


--
-- Name: Effects FK_Effects_VersionMessage__DeleteMessageId; Type: FK CONSTRAINT; Schema: public; Owner: postgres
--

ALTER TABLE ONLY public."Effects"
    ADD CONSTRAINT "FK_Effects_VersionMessage__DeleteMessageId" FOREIGN KEY ("_DeleteMessageId") REFERENCES public."VersionMessage"("Id");


--
-- Name: Effects FK_Effects_VersionMessage__ProposalCreateMessageId; Type: FK CONSTRAINT; Schema: public; Owner: postgres
--

ALTER TABLE ONLY public."Effects"
    ADD CONSTRAINT "FK_Effects_VersionMessage__ProposalCreateMessageId" FOREIGN KEY ("_ProposalCreateMessageId") REFERENCES public."VersionMessage"("Id");


--
-- Name: Effects FK_Effects_VersionMessage__ProposalDeleteMessageId; Type: FK CONSTRAINT; Schema: public; Owner: postgres
--

ALTER TABLE ONLY public."Effects"
    ADD CONSTRAINT "FK_Effects_VersionMessage__ProposalDeleteMessageId" FOREIGN KEY ("_ProposalDeleteMessageId") REFERENCES public."VersionMessage"("Id");


--
-- Name: Effects FK_Effects_VersionMessage__RejectedMessageId; Type: FK CONSTRAINT; Schema: public; Owner: postgres
--

ALTER TABLE ONLY public."Effects"
    ADD CONSTRAINT "FK_Effects_VersionMessage__RejectedMessageId" FOREIGN KEY ("_RejectedMessageId") REFERENCES public."VersionMessage"("Id");


--
-- Name: IntersectionResult FK_IntersectionResult_CauseResults_CauseResultId; Type: FK CONSTRAINT; Schema: public; Owner: postgres
--

ALTER TABLE ONLY public."IntersectionResult"
    ADD CONSTRAINT "FK_IntersectionResult_CauseResults_CauseResultId" FOREIGN KEY ("CauseResultId") REFERENCES public."CauseResults"("Id") ON DELETE CASCADE;


--
-- Name: IntersectionResult FK_IntersectionResult_CeMatrixResuls_CeMatrixResultId; Type: FK CONSTRAINT; Schema: public; Owner: postgres
--

ALTER TABLE ONLY public."IntersectionResult"
    ADD CONSTRAINT "FK_IntersectionResult_CeMatrixResuls_CeMatrixResultId" FOREIGN KEY ("CeMatrixResultId") REFERENCES public."CeMatrixResuls"("Id") ON DELETE CASCADE;


--
-- Name: IntersectionResult FK_IntersectionResult_EffectResults_EffectResultId; Type: FK CONSTRAINT; Schema: public; Owner: postgres
--

ALTER TABLE ONLY public."IntersectionResult"
    ADD CONSTRAINT "FK_IntersectionResult_EffectResults_EffectResultId" FOREIGN KEY ("EffectResultId") REFERENCES public."EffectResults"("Id") ON DELETE CASCADE;


--
-- Name: Intersection FK_Intersection_Causes_CauseId; Type: FK CONSTRAINT; Schema: public; Owner: postgres
--

ALTER TABLE ONLY public."Intersection"
    ADD CONSTRAINT "FK_Intersection_Causes_CauseId" FOREIGN KEY ("CauseId") REFERENCES public."Causes"("Id") ON DELETE CASCADE;


--
-- Name: Intersection FK_Intersection_CeMatrices_CeMatrixId; Type: FK CONSTRAINT; Schema: public; Owner: postgres
--

ALTER TABLE ONLY public."Intersection"
    ADD CONSTRAINT "FK_Intersection_CeMatrices_CeMatrixId" FOREIGN KEY ("CeMatrixId") REFERENCES public."CeMatrices"("Id") ON DELETE CASCADE;


--
-- Name: Intersection FK_Intersection_Effects_EffectId; Type: FK CONSTRAINT; Schema: public; Owner: postgres
--

ALTER TABLE ONLY public."Intersection"
    ADD CONSTRAINT "FK_Intersection_Effects_EffectId" FOREIGN KEY ("EffectId") REFERENCES public."Effects"("Id") ON DELETE CASCADE;


--
-- Name: Intersection FK_Intersection_VersionMessage__CreateMessageId; Type: FK CONSTRAINT; Schema: public; Owner: postgres
--

ALTER TABLE ONLY public."Intersection"
    ADD CONSTRAINT "FK_Intersection_VersionMessage__CreateMessageId" FOREIGN KEY ("_CreateMessageId") REFERENCES public."VersionMessage"("Id");


--
-- Name: Intersection FK_Intersection_VersionMessage__DeleteMessageId; Type: FK CONSTRAINT; Schema: public; Owner: postgres
--

ALTER TABLE ONLY public."Intersection"
    ADD CONSTRAINT "FK_Intersection_VersionMessage__DeleteMessageId" FOREIGN KEY ("_DeleteMessageId") REFERENCES public."VersionMessage"("Id");


--
-- Name: Intersection FK_Intersection_VersionMessage__ProposalCreateMessageId; Type: FK CONSTRAINT; Schema: public; Owner: postgres
--

ALTER TABLE ONLY public."Intersection"
    ADD CONSTRAINT "FK_Intersection_VersionMessage__ProposalCreateMessageId" FOREIGN KEY ("_ProposalCreateMessageId") REFERENCES public."VersionMessage"("Id");


--
-- Name: Intersection FK_Intersection_VersionMessage__ProposalDeleteMessageId; Type: FK CONSTRAINT; Schema: public; Owner: postgres
--

ALTER TABLE ONLY public."Intersection"
    ADD CONSTRAINT "FK_Intersection_VersionMessage__ProposalDeleteMessageId" FOREIGN KEY ("_ProposalDeleteMessageId") REFERENCES public."VersionMessage"("Id");


--
-- Name: Intersection FK_Intersection_VersionMessage__RejectedMessageId; Type: FK CONSTRAINT; Schema: public; Owner: postgres
--

ALTER TABLE ONLY public."Intersection"
    ADD CONSTRAINT "FK_Intersection_VersionMessage__RejectedMessageId" FOREIGN KEY ("_RejectedMessageId") REFERENCES public."VersionMessage"("Id");


--
-- Name: Param FK_Param_BaseActuators_BaseActuatorId; Type: FK CONSTRAINT; Schema: public; Owner: postgres
--

ALTER TABLE ONLY public."Param"
    ADD CONSTRAINT "FK_Param_BaseActuators_BaseActuatorId" FOREIGN KEY ("BaseActuatorId") REFERENCES public."BaseActuators"("Id") ON DELETE CASCADE;


--
-- Name: Param FK_Param_Tags_TagId; Type: FK CONSTRAINT; Schema: public; Owner: postgres
--

ALTER TABLE ONLY public."Param"
    ADD CONSTRAINT "FK_Param_Tags_TagId" FOREIGN KEY ("TagId") REFERENCES public."Tags"("Id") ON DELETE CASCADE;


--
-- Name: Param FK_Param_Tags_TagParam_TagId; Type: FK CONSTRAINT; Schema: public; Owner: postgres
--

ALTER TABLE ONLY public."Param"
    ADD CONSTRAINT "FK_Param_Tags_TagParam_TagId" FOREIGN KEY ("TagParam_TagId") REFERENCES public."Tags"("Id") ON DELETE CASCADE;


--
-- Name: Param FK_Param_VersionMessage__CreateMessageId; Type: FK CONSTRAINT; Schema: public; Owner: postgres
--

ALTER TABLE ONLY public."Param"
    ADD CONSTRAINT "FK_Param_VersionMessage__CreateMessageId" FOREIGN KEY ("_CreateMessageId") REFERENCES public."VersionMessage"("Id");


--
-- Name: Param FK_Param_VersionMessage__DeleteMessageId; Type: FK CONSTRAINT; Schema: public; Owner: postgres
--

ALTER TABLE ONLY public."Param"
    ADD CONSTRAINT "FK_Param_VersionMessage__DeleteMessageId" FOREIGN KEY ("_DeleteMessageId") REFERENCES public."VersionMessage"("Id");


--
-- Name: Param FK_Param_VersionMessage__ProposalCreateMessageId; Type: FK CONSTRAINT; Schema: public; Owner: postgres
--

ALTER TABLE ONLY public."Param"
    ADD CONSTRAINT "FK_Param_VersionMessage__ProposalCreateMessageId" FOREIGN KEY ("_ProposalCreateMessageId") REFERENCES public."VersionMessage"("Id");


--
-- Name: Param FK_Param_VersionMessage__ProposalDeleteMessageId; Type: FK CONSTRAINT; Schema: public; Owner: postgres
--

ALTER TABLE ONLY public."Param"
    ADD CONSTRAINT "FK_Param_VersionMessage__ProposalDeleteMessageId" FOREIGN KEY ("_ProposalDeleteMessageId") REFERENCES public."VersionMessage"("Id");


--
-- Name: Param FK_Param_VersionMessage__RejectedMessageId; Type: FK CONSTRAINT; Schema: public; Owner: postgres
--

ALTER TABLE ONLY public."Param"
    ADD CONSTRAINT "FK_Param_VersionMessage__RejectedMessageId" FOREIGN KEY ("_RejectedMessageId") REFERENCES public."VersionMessage"("Id");


--
-- Name: Projects FK_Projects_Units_UnitId; Type: FK CONSTRAINT; Schema: public; Owner: postgres
--

ALTER TABLE ONLY public."Projects"
    ADD CONSTRAINT "FK_Projects_Units_UnitId" FOREIGN KEY ("UnitId") REFERENCES public."Units"("Id") ON DELETE CASCADE;


--
-- Name: ResultEvent FK_ResultEvent_Results_ResultId; Type: FK CONSTRAINT; Schema: public; Owner: postgres
--

ALTER TABLE ONLY public."ResultEvent"
    ADD CONSTRAINT "FK_ResultEvent_Results_ResultId" FOREIGN KEY ("ResultId") REFERENCES public."Results"("Id") ON DELETE CASCADE;


--
-- Name: Results FK_Results_Units_UnitId; Type: FK CONSTRAINT; Schema: public; Owner: postgres
--

ALTER TABLE ONLY public."Results"
    ADD CONSTRAINT "FK_Results_Units_UnitId" FOREIGN KEY ("UnitId") REFERENCES public."Units"("Id") ON DELETE CASCADE;


--
-- Name: Section FK_Section_Section_ParentSectionId; Type: FK CONSTRAINT; Schema: public; Owner: postgres
--

ALTER TABLE ONLY public."Section"
    ADD CONSTRAINT "FK_Section_Section_ParentSectionId" FOREIGN KEY ("ParentSectionId") REFERENCES public."Section"("Id");


--
-- Name: Section FK_Section_Units_UnitId; Type: FK CONSTRAINT; Schema: public; Owner: postgres
--

ALTER TABLE ONLY public."Section"
    ADD CONSTRAINT "FK_Section_Units_UnitId" FOREIGN KEY ("UnitId") REFERENCES public."Units"("Id") ON DELETE CASCADE;


--
-- Name: SimUsers FK_SimUsers_Offices_OfficeId; Type: FK CONSTRAINT; Schema: public; Owner: postgres
--

ALTER TABLE ONLY public."SimUsers"
    ADD CONSTRAINT "FK_SimUsers_Offices_OfficeId" FOREIGN KEY ("OfficeId") REFERENCES public."Offices"("Id") ON DELETE CASCADE;


--
-- Name: StandardParam FK_StandardParam_BaseActuatorTypes_BaseActuatorTypeId; Type: FK CONSTRAINT; Schema: public; Owner: postgres
--

ALTER TABLE ONLY public."StandardParam"
    ADD CONSTRAINT "FK_StandardParam_BaseActuatorTypes_BaseActuatorTypeId" FOREIGN KEY ("BaseActuatorTypeId") REFERENCES public."BaseActuatorTypes"("Id");


--
-- Name: SubCauseResult FK_SubCauseResult_CauseResults_CauseResultId; Type: FK CONSTRAINT; Schema: public; Owner: postgres
--

ALTER TABLE ONLY public."SubCauseResult"
    ADD CONSTRAINT "FK_SubCauseResult_CauseResults_CauseResultId" FOREIGN KEY ("CauseResultId") REFERENCES public."CauseResults"("Id") ON DELETE CASCADE;


--
-- Name: SubCause FK_SubCause_Causes_CauseId; Type: FK CONSTRAINT; Schema: public; Owner: postgres
--

ALTER TABLE ONLY public."SubCause"
    ADD CONSTRAINT "FK_SubCause_Causes_CauseId" FOREIGN KEY ("CauseId") REFERENCES public."Causes"("Id") ON DELETE CASCADE;


--
-- Name: SubCause FK_SubCause_VersionMessage__CreateMessageId; Type: FK CONSTRAINT; Schema: public; Owner: postgres
--

ALTER TABLE ONLY public."SubCause"
    ADD CONSTRAINT "FK_SubCause_VersionMessage__CreateMessageId" FOREIGN KEY ("_CreateMessageId") REFERENCES public."VersionMessage"("Id");


--
-- Name: SubCause FK_SubCause_VersionMessage__DeleteMessageId; Type: FK CONSTRAINT; Schema: public; Owner: postgres
--

ALTER TABLE ONLY public."SubCause"
    ADD CONSTRAINT "FK_SubCause_VersionMessage__DeleteMessageId" FOREIGN KEY ("_DeleteMessageId") REFERENCES public."VersionMessage"("Id");


--
-- Name: SubCause FK_SubCause_VersionMessage__ProposalCreateMessageId; Type: FK CONSTRAINT; Schema: public; Owner: postgres
--

ALTER TABLE ONLY public."SubCause"
    ADD CONSTRAINT "FK_SubCause_VersionMessage__ProposalCreateMessageId" FOREIGN KEY ("_ProposalCreateMessageId") REFERENCES public."VersionMessage"("Id");


--
-- Name: SubCause FK_SubCause_VersionMessage__ProposalDeleteMessageId; Type: FK CONSTRAINT; Schema: public; Owner: postgres
--

ALTER TABLE ONLY public."SubCause"
    ADD CONSTRAINT "FK_SubCause_VersionMessage__ProposalDeleteMessageId" FOREIGN KEY ("_ProposalDeleteMessageId") REFERENCES public."VersionMessage"("Id");


--
-- Name: SubCause FK_SubCause_VersionMessage__RejectedMessageId; Type: FK CONSTRAINT; Schema: public; Owner: postgres
--

ALTER TABLE ONLY public."SubCause"
    ADD CONSTRAINT "FK_SubCause_VersionMessage__RejectedMessageId" FOREIGN KEY ("_RejectedMessageId") REFERENCES public."VersionMessage"("Id");


--
-- Name: TagCondition FK_TagCondition_Tags_TagId; Type: FK CONSTRAINT; Schema: public; Owner: postgres
--

ALTER TABLE ONLY public."TagCondition"
    ADD CONSTRAINT "FK_TagCondition_Tags_TagId" FOREIGN KEY ("TagId") REFERENCES public."Tags"("Id") ON DELETE CASCADE;


--
-- Name: TagCondition FK_TagCondition_VersionMessage__CreateMessageId; Type: FK CONSTRAINT; Schema: public; Owner: postgres
--

ALTER TABLE ONLY public."TagCondition"
    ADD CONSTRAINT "FK_TagCondition_VersionMessage__CreateMessageId" FOREIGN KEY ("_CreateMessageId") REFERENCES public."VersionMessage"("Id");


--
-- Name: TagCondition FK_TagCondition_VersionMessage__DeleteMessageId; Type: FK CONSTRAINT; Schema: public; Owner: postgres
--

ALTER TABLE ONLY public."TagCondition"
    ADD CONSTRAINT "FK_TagCondition_VersionMessage__DeleteMessageId" FOREIGN KEY ("_DeleteMessageId") REFERENCES public."VersionMessage"("Id");


--
-- Name: TagCondition FK_TagCondition_VersionMessage__ProposalCreateMessageId; Type: FK CONSTRAINT; Schema: public; Owner: postgres
--

ALTER TABLE ONLY public."TagCondition"
    ADD CONSTRAINT "FK_TagCondition_VersionMessage__ProposalCreateMessageId" FOREIGN KEY ("_ProposalCreateMessageId") REFERENCES public."VersionMessage"("Id");


--
-- Name: TagCondition FK_TagCondition_VersionMessage__ProposalDeleteMessageId; Type: FK CONSTRAINT; Schema: public; Owner: postgres
--

ALTER TABLE ONLY public."TagCondition"
    ADD CONSTRAINT "FK_TagCondition_VersionMessage__ProposalDeleteMessageId" FOREIGN KEY ("_ProposalDeleteMessageId") REFERENCES public."VersionMessage"("Id");


--
-- Name: TagCondition FK_TagCondition_VersionMessage__RejectedMessageId; Type: FK CONSTRAINT; Schema: public; Owner: postgres
--

ALTER TABLE ONLY public."TagCondition"
    ADD CONSTRAINT "FK_TagCondition_VersionMessage__RejectedMessageId" FOREIGN KEY ("_RejectedMessageId") REFERENCES public."VersionMessage"("Id");


--
-- Name: TagEvent FK_TagEvent_Tags_TagId; Type: FK CONSTRAINT; Schema: public; Owner: postgres
--

ALTER TABLE ONLY public."TagEvent"
    ADD CONSTRAINT "FK_TagEvent_Tags_TagId" FOREIGN KEY ("TagId") REFERENCES public."Tags"("Id");


--
-- Name: Tags FK_Tags_BaseActuators_BaseActuatorId; Type: FK CONSTRAINT; Schema: public; Owner: postgres
--

ALTER TABLE ONLY public."Tags"
    ADD CONSTRAINT "FK_Tags_BaseActuators_BaseActuatorId" FOREIGN KEY ("BaseActuatorId") REFERENCES public."BaseActuators"("Id") ON DELETE CASCADE;


--
-- Name: Tags FK_Tags_Projects_ProjectId; Type: FK CONSTRAINT; Schema: public; Owner: postgres
--

ALTER TABLE ONLY public."Tags"
    ADD CONSTRAINT "FK_Tags_Projects_ProjectId" FOREIGN KEY ("ProjectId") REFERENCES public."Projects"("Id") ON DELETE CASCADE;


--
-- Name: Tags FK_Tags_VersionMessage__CreateMessageId; Type: FK CONSTRAINT; Schema: public; Owner: postgres
--

ALTER TABLE ONLY public."Tags"
    ADD CONSTRAINT "FK_Tags_VersionMessage__CreateMessageId" FOREIGN KEY ("_CreateMessageId") REFERENCES public."VersionMessage"("Id");


--
-- Name: Tags FK_Tags_VersionMessage__DeleteMessageId; Type: FK CONSTRAINT; Schema: public; Owner: postgres
--

ALTER TABLE ONLY public."Tags"
    ADD CONSTRAINT "FK_Tags_VersionMessage__DeleteMessageId" FOREIGN KEY ("_DeleteMessageId") REFERENCES public."VersionMessage"("Id");


--
-- Name: Tags FK_Tags_VersionMessage__ProposalCreateMessageId; Type: FK CONSTRAINT; Schema: public; Owner: postgres
--

ALTER TABLE ONLY public."Tags"
    ADD CONSTRAINT "FK_Tags_VersionMessage__ProposalCreateMessageId" FOREIGN KEY ("_ProposalCreateMessageId") REFERENCES public."VersionMessage"("Id");


--
-- Name: Tags FK_Tags_VersionMessage__ProposalDeleteMessageId; Type: FK CONSTRAINT; Schema: public; Owner: postgres
--

ALTER TABLE ONLY public."Tags"
    ADD CONSTRAINT "FK_Tags_VersionMessage__ProposalDeleteMessageId" FOREIGN KEY ("_ProposalDeleteMessageId") REFERENCES public."VersionMessage"("Id");


--
-- Name: Tags FK_Tags_VersionMessage__RejectedMessageId; Type: FK CONSTRAINT; Schema: public; Owner: postgres
--

ALTER TABLE ONLY public."Tags"
    ADD CONSTRAINT "FK_Tags_VersionMessage__RejectedMessageId" FOREIGN KEY ("_RejectedMessageId") REFERENCES public."VersionMessage"("Id");


--
-- Name: UnitEventsIntervals FK_UnitEventsIntervals_Units_UnitId; Type: FK CONSTRAINT; Schema: public; Owner: postgres
--

ALTER TABLE ONLY public."UnitEventsIntervals"
    ADD CONSTRAINT "FK_UnitEventsIntervals_Units_UnitId" FOREIGN KEY ("UnitId") REFERENCES public."Units"("Id") ON DELETE CASCADE;


--
-- Name: UnitEvents FK_UnitEvents_UnitEventsIntervals_UnitEventsIntervalId; Type: FK CONSTRAINT; Schema: public; Owner: postgres
--

ALTER TABLE ONLY public."UnitEvents"
    ADD CONSTRAINT "FK_UnitEvents_UnitEventsIntervals_UnitEventsIntervalId" FOREIGN KEY ("UnitEventsIntervalId") REFERENCES public."UnitEventsIntervals"("Id");


--
-- Name: Units FK_Units_Projects_ActiveProjectId; Type: FK CONSTRAINT; Schema: public; Owner: postgres
--

ALTER TABLE ONLY public."Units"
    ADD CONSTRAINT "FK_Units_Projects_ActiveProjectId" FOREIGN KEY ("ActiveProjectId") REFERENCES public."Projects"("Id");


--
-- PostgreSQL database dump complete
--

