--
-- PostgreSQL database dump
--

-- Dumped from database version 14.2
-- Dumped by pg_dump version 14.2

SET statement_timeout = 0;
SET lock_timeout = 0;
SET idle_in_transaction_session_timeout = 0;
SET client_encoding = 'UTF8';
SET standard_conforming_strings = on;
SELECT pg_catalog.set_config('search_path', '', false);
SET check_function_bodies = false;
SET xmloption = content;
SET client_min_messages = warning;
SET row_security = off;

--
-- Name: case_insensitive_collation; Type: COLLATION; Schema: public; Owner: postgres
--

CREATE COLLATION public.case_insensitive_collation (provider = icu, deterministic = false, locale = 'en-u-ks-primary');


ALTER COLLATION public.case_insensitive_collation OWNER TO postgres;

SET default_tablespace = '';

SET default_table_access_method = heap;

--
-- Name: ActuatorParam; Type: TABLE; Schema: public; Owner: postgres
--

CREATE TABLE public."ActuatorParam" (
    "Id" integer NOT NULL,
    "TagId" integer NOT NULL,
    "_CreateProjectVersionNum" bigint,
    "_DeleteProjectVersionNum" bigint,
    "_IsDeleted" boolean NOT NULL,
    "_LastChangeUser" text NOT NULL,
    "ParamName" text NOT NULL,
    "Value" text NOT NULL,
    "Eu" text NOT NULL,
    "Type" text NOT NULL,
    "Desc" text NOT NULL
);


ALTER TABLE public."ActuatorParam" OWNER TO postgres;

--
-- Name: ActuatorParam_Id_seq; Type: SEQUENCE; Schema: public; Owner: postgres
--

ALTER TABLE public."ActuatorParam" ALTER COLUMN "Id" ADD GENERATED BY DEFAULT AS IDENTITY (
    SEQUENCE NAME public."ActuatorParam_Id_seq"
    START WITH 1
    INCREMENT BY 1
    NO MINVALUE
    NO MAXVALUE
    CACHE 1
);


--
-- Name: BaseActuatorParam; Type: TABLE; Schema: public; Owner: postgres
--

CREATE TABLE public."BaseActuatorParam" (
    "Id" integer NOT NULL,
    "BaseActuatorId" integer NOT NULL,
    "_CreateProjectVersionNum" bigint,
    "_DeleteProjectVersionNum" bigint,
    "_IsDeleted" boolean NOT NULL,
    "_LastChangeUser" text NOT NULL,
    "ParamName" text NOT NULL,
    "Value" text NOT NULL,
    "Eu" text NOT NULL,
    "Type" text NOT NULL,
    "Desc" text NOT NULL
);


ALTER TABLE public."BaseActuatorParam" OWNER TO postgres;

--
-- Name: BaseActuatorParam_Id_seq; Type: SEQUENCE; Schema: public; Owner: postgres
--

ALTER TABLE public."BaseActuatorParam" ALTER COLUMN "Id" ADD GENERATED BY DEFAULT AS IDENTITY (
    SEQUENCE NAME public."BaseActuatorParam_Id_seq"
    START WITH 1
    INCREMENT BY 1
    NO MINVALUE
    NO MAXVALUE
    CACHE 1
);


--
-- Name: BaseActuatorTypes; Type: TABLE; Schema: public; Owner: postgres
--

CREATE TABLE public."BaseActuatorTypes" (
    "Id" integer NOT NULL,
    "Type" text NOT NULL,
    "Desc" text NOT NULL
);


ALTER TABLE public."BaseActuatorTypes" OWNER TO postgres;

--
-- Name: BaseActuatorTypes_Id_seq; Type: SEQUENCE; Schema: public; Owner: postgres
--

ALTER TABLE public."BaseActuatorTypes" ALTER COLUMN "Id" ADD GENERATED BY DEFAULT AS IDENTITY (
    SEQUENCE NAME public."BaseActuatorTypes_Id_seq"
    START WITH 1
    INCREMENT BY 1
    NO MINVALUE
    NO MAXVALUE
    CACHE 1
);


--
-- Name: BaseActuators; Type: TABLE; Schema: public; Owner: postgres
--

CREATE TABLE public."BaseActuators" (
    "Id" integer NOT NULL,
    "Title" text NOT NULL,
    "Code" text NOT NULL,
    "Manufacturer" text NOT NULL,
    "Desc" text NOT NULL,
    "_LockedByUser" text NOT NULL,
    "BaseActuatorTypeId" integer NOT NULL,
    "ProjectId" integer NOT NULL
);


ALTER TABLE public."BaseActuators" OWNER TO postgres;

--
-- Name: BaseActuators_Id_seq; Type: SEQUENCE; Schema: public; Owner: postgres
--

ALTER TABLE public."BaseActuators" ALTER COLUMN "Id" ADD GENERATED BY DEFAULT AS IDENTITY (
    SEQUENCE NAME public."BaseActuators_Id_seq"
    START WITH 1
    INCREMENT BY 1
    NO MINVALUE
    NO MAXVALUE
    CACHE 1
);


--
-- Name: CauseResults; Type: TABLE; Schema: public; Owner: postgres
--

CREATE TABLE public."CauseResults" (
    "Id" integer NOT NULL,
    "Num" integer NOT NULL,
    "TriggeredTimeUtc" timestamp with time zone,
    "CeMatrixResultId" integer NOT NULL
);


ALTER TABLE public."CauseResults" OWNER TO postgres;

--
-- Name: CauseResults_Id_seq; Type: SEQUENCE; Schema: public; Owner: postgres
--

ALTER TABLE public."CauseResults" ALTER COLUMN "Id" ADD GENERATED BY DEFAULT AS IDENTITY (
    SEQUENCE NAME public."CauseResults_Id_seq"
    START WITH 1
    INCREMENT BY 1
    NO MINVALUE
    NO MAXVALUE
    CACHE 1
);


--
-- Name: Causes; Type: TABLE; Schema: public; Owner: postgres
--

CREATE TABLE public."Causes" (
    "Id" integer NOT NULL,
    "Num" integer NOT NULL,
    "CeMatrixId" integer NOT NULL,
    "_CreateProjectVersionNum" bigint,
    "_DeleteProjectVersionNum" bigint,
    "_IsDeleted" boolean NOT NULL,
    "_LastChangeUser" text NOT NULL
);


ALTER TABLE public."Causes" OWNER TO postgres;

--
-- Name: Causes_Id_seq; Type: SEQUENCE; Schema: public; Owner: postgres
--

ALTER TABLE public."Causes" ALTER COLUMN "Id" ADD GENERATED BY DEFAULT AS IDENTITY (
    SEQUENCE NAME public."Causes_Id_seq"
    START WITH 1
    INCREMENT BY 1
    NO MINVALUE
    NO MAXVALUE
    CACHE 1
);


--
-- Name: CeMatrices; Type: TABLE; Schema: public; Owner: postgres
--

CREATE TABLE public."CeMatrices" (
    "Id" integer NOT NULL,
    "Guid" text NOT NULL,
    "Title" text NOT NULL,
    "Desc" text NOT NULL,
    "Comment" text NOT NULL,
    "Status" text NOT NULL,
    "Source" text NOT NULL,
    "_LockedByUser" text NOT NULL,
    "ProjectId" integer NOT NULL,
    "CauseCustomFieldNames" text NOT NULL,
    "EffectCustomFieldNames" text NOT NULL,
    "_CreateProjectVersionNum" bigint,
    "_DeleteProjectVersionNum" bigint,
    "_IsDeleted" boolean NOT NULL,
    "_LastChangeUser" text NOT NULL
);


ALTER TABLE public."CeMatrices" OWNER TO postgres;

--
-- Name: CeMatrices_Id_seq; Type: SEQUENCE; Schema: public; Owner: postgres
--

ALTER TABLE public."CeMatrices" ALTER COLUMN "Id" ADD GENERATED BY DEFAULT AS IDENTITY (
    SEQUENCE NAME public."CeMatrices_Id_seq"
    START WITH 1
    INCREMENT BY 1
    NO MINVALUE
    NO MAXVALUE
    CACHE 1
);


--
-- Name: CeMatrixResuls; Type: TABLE; Schema: public; Owner: postgres
--

CREATE TABLE public."CeMatrixResuls" (
    "Id" integer NOT NULL,
    "CeMatrixGuid" text NOT NULL,
    "ProjectVersionNum" bigint,
    "ResultId" integer NOT NULL
);


ALTER TABLE public."CeMatrixResuls" OWNER TO postgres;

--
-- Name: CeMatrixResuls_Id_seq; Type: SEQUENCE; Schema: public; Owner: postgres
--

ALTER TABLE public."CeMatrixResuls" ALTER COLUMN "Id" ADD GENERATED BY DEFAULT AS IDENTITY (
    SEQUENCE NAME public."CeMatrixResuls_Id_seq"
    START WITH 1
    INCREMENT BY 1
    NO MINVALUE
    NO MAXVALUE
    CACHE 1
);


--
-- Name: DbFile; Type: TABLE; Schema: public; Owner: postgres
--

CREATE TABLE public."DbFile" (
    "Id" integer NOT NULL,
    "FileLastWriteTimeUtc" timestamp with time zone NOT NULL,
    "FileDeletionTimeUtc" timestamp with time zone,
    "FileName" text NOT NULL,
    "Data" bytea NOT NULL,
    "ProjectVersionId" integer
);


ALTER TABLE public."DbFile" OWNER TO postgres;

--
-- Name: DbFile_Id_seq; Type: SEQUENCE; Schema: public; Owner: postgres
--

ALTER TABLE public."DbFile" ALTER COLUMN "Id" ADD GENERATED BY DEFAULT AS IDENTITY (
    SEQUENCE NAME public."DbFile_Id_seq"
    START WITH 1
    INCREMENT BY 1
    NO MINVALUE
    NO MAXVALUE
    CACHE 1
);


--
-- Name: EffectResults; Type: TABLE; Schema: public; Owner: postgres
--

CREATE TABLE public."EffectResults" (
    "Id" integer NOT NULL,
    "Num" integer NOT NULL,
    "TagName" text NOT NULL,
    "TagConditionString" text NOT NULL,
    "TagConditionString_SymbolToDisplay" text NOT NULL,
    "CustomFieldValues" text NOT NULL,
    "TriggeredType" integer NOT NULL,
    "TriggeredTimeUtc" timestamp with time zone,
    "MaxDelayMs" numeric(20,0) NOT NULL,
    "CeMatrixResultId" integer NOT NULL
);


ALTER TABLE public."EffectResults" OWNER TO postgres;

--
-- Name: EffectResults_Id_seq; Type: SEQUENCE; Schema: public; Owner: postgres
--

ALTER TABLE public."EffectResults" ALTER COLUMN "Id" ADD GENERATED BY DEFAULT AS IDENTITY (
    SEQUENCE NAME public."EffectResults_Id_seq"
    START WITH 1
    INCREMENT BY 1
    NO MINVALUE
    NO MAXVALUE
    CACHE 1
);


--
-- Name: Effects; Type: TABLE; Schema: public; Owner: postgres
--

CREATE TABLE public."Effects" (
    "Id" integer NOT NULL,
    "Num" integer NOT NULL,
    "TagName" text NOT NULL,
    "TagConditionString" text NOT NULL,
    "TagConditionString_SymbolToDisplay" text NOT NULL,
    "CustomFieldValues" text NOT NULL,
    "CeMatrixId" integer NOT NULL,
    "_CreateProjectVersionNum" bigint,
    "_DeleteProjectVersionNum" bigint,
    "_IsDeleted" boolean NOT NULL,
    "_LastChangeUser" text NOT NULL
);


ALTER TABLE public."Effects" OWNER TO postgres;

--
-- Name: Effects_Id_seq; Type: SEQUENCE; Schema: public; Owner: postgres
--

ALTER TABLE public."Effects" ALTER COLUMN "Id" ADD GENERATED BY DEFAULT AS IDENTITY (
    SEQUENCE NAME public."Effects_Id_seq"
    START WITH 1
    INCREMENT BY 1
    NO MINVALUE
    NO MAXVALUE
    CACHE 1
);


--
-- Name: EngineeringUnits; Type: TABLE; Schema: public; Owner: postgres
--

CREATE TABLE public."EngineeringUnits" (
    "Id" integer NOT NULL,
    "Eu" text NOT NULL,
    "Desc" text NOT NULL
);


ALTER TABLE public."EngineeringUnits" OWNER TO postgres;

--
-- Name: EngineeringUnits_Id_seq; Type: SEQUENCE; Schema: public; Owner: postgres
--

ALTER TABLE public."EngineeringUnits" ALTER COLUMN "Id" ADD GENERATED BY DEFAULT AS IDENTITY (
    SEQUENCE NAME public."EngineeringUnits_Id_seq"
    START WITH 1
    INCREMENT BY 1
    NO MINVALUE
    NO MAXVALUE
    CACHE 1
);


--
-- Name: Intersection; Type: TABLE; Schema: public; Owner: postgres
--

CREATE TABLE public."Intersection" (
    "Id" integer NOT NULL,
    "TagConditionString_SymbolToDisplay" text NOT NULL,
    "CauseId" integer NOT NULL,
    "EffectId" integer NOT NULL,
    "CeMatrixId" integer NOT NULL,
    "_CreateProjectVersionNum" bigint,
    "_DeleteProjectVersionNum" bigint,
    "_IsDeleted" boolean NOT NULL,
    "_LastChangeUser" text NOT NULL
);


ALTER TABLE public."Intersection" OWNER TO postgres;

--
-- Name: IntersectionResult; Type: TABLE; Schema: public; Owner: postgres
--

CREATE TABLE public."IntersectionResult" (
    "Id" integer NOT NULL,
    "CauseResultId" integer NOT NULL,
    "EffectResultId" integer NOT NULL,
    "TagConditionString_SymbolToDisplay" text NOT NULL,
    "TriggeredType" integer NOT NULL,
    "CeMatrixResultId" integer NOT NULL
);


ALTER TABLE public."IntersectionResult" OWNER TO postgres;

--
-- Name: IntersectionResult_Id_seq; Type: SEQUENCE; Schema: public; Owner: postgres
--

ALTER TABLE public."IntersectionResult" ALTER COLUMN "Id" ADD GENERATED BY DEFAULT AS IDENTITY (
    SEQUENCE NAME public."IntersectionResult_Id_seq"
    START WITH 1
    INCREMENT BY 1
    NO MINVALUE
    NO MAXVALUE
    CACHE 1
);


--
-- Name: Intersection_Id_seq; Type: SEQUENCE; Schema: public; Owner: postgres
--

ALTER TABLE public."Intersection" ALTER COLUMN "Id" ADD GENERATED BY DEFAULT AS IDENTITY (
    SEQUENCE NAME public."Intersection_Id_seq"
    START WITH 1
    INCREMENT BY 1
    NO MINVALUE
    NO MAXVALUE
    CACHE 1
);


--
-- Name: Jobs; Type: TABLE; Schema: public; Owner: postgres
--

CREATE TABLE public."Jobs" (
    "Id" integer NOT NULL,
    "Guid" text NOT NULL,
    "Name" text NOT NULL,
    "IsSuccess" boolean NOT NULL,
    "Message" text NOT NULL,
    "Status" integer NOT NULL
);


ALTER TABLE public."Jobs" OWNER TO postgres;

--
-- Name: Jobs_Id_seq; Type: SEQUENCE; Schema: public; Owner: postgres
--

ALTER TABLE public."Jobs" ALTER COLUMN "Id" ADD GENERATED BY DEFAULT AS IDENTITY (
    SEQUENCE NAME public."Jobs_Id_seq"
    START WITH 1
    INCREMENT BY 1
    NO MINVALUE
    NO MAXVALUE
    CACHE 1
);


--
-- Name: Offices; Type: TABLE; Schema: public; Owner: postgres
--

CREATE TABLE public."Offices" (
    "Id" integer NOT NULL,
    "Title" text NOT NULL
);


ALTER TABLE public."Offices" OWNER TO postgres;

--
-- Name: Offices_Id_seq; Type: SEQUENCE; Schema: public; Owner: postgres
--

ALTER TABLE public."Offices" ALTER COLUMN "Id" ADD GENERATED BY DEFAULT AS IDENTITY (
    SEQUENCE NAME public."Offices_Id_seq"
    START WITH 1
    INCREMENT BY 1
    NO MINVALUE
    NO MAXVALUE
    CACHE 1
);


--
-- Name: ProjectVersion; Type: TABLE; Schema: public; Owner: postgres
--

CREATE TABLE public."ProjectVersion" (
    "Id" integer NOT NULL,
    "VersionNum" bigint NOT NULL,
    "TimeUtc" timestamp with time zone NOT NULL,
    "User" text NOT NULL,
    "Comment" text NOT NULL,
    "ProjectId" integer NOT NULL
);


ALTER TABLE public."ProjectVersion" OWNER TO postgres;

--
-- Name: ProjectVersion_Id_seq; Type: SEQUENCE; Schema: public; Owner: postgres
--

ALTER TABLE public."ProjectVersion" ALTER COLUMN "Id" ADD GENERATED BY DEFAULT AS IDENTITY (
    SEQUENCE NAME public."ProjectVersion_Id_seq"
    START WITH 1
    INCREMENT BY 1
    NO MINVALUE
    NO MAXVALUE
    CACHE 1
);


--
-- Name: Projects; Type: TABLE; Schema: public; Owner: postgres
--

CREATE TABLE public."Projects" (
    "Id" integer NOT NULL,
    "Title" text NOT NULL,
    "Desc" text NOT NULL,
    "Comment" text NOT NULL,
    "ActiveProjectVersionId" integer,
    "UnitId" integer NOT NULL
);


ALTER TABLE public."Projects" OWNER TO postgres;

--
-- Name: Projects_Id_seq; Type: SEQUENCE; Schema: public; Owner: postgres
--

ALTER TABLE public."Projects" ALTER COLUMN "Id" ADD GENERATED BY DEFAULT AS IDENTITY (
    SEQUENCE NAME public."Projects_Id_seq"
    START WITH 1
    INCREMENT BY 1
    NO MINVALUE
    NO MAXVALUE
    CACHE 1
);


--
-- Name: ResultEvent; Type: TABLE; Schema: public; Owner: postgres
--

CREATE TABLE public."ResultEvent" (
    "Id" integer NOT NULL,
    "Num" integer NOT NULL,
    "TagName" text NOT NULL,
    "Type" integer NOT NULL,
    "TagConditionString" text NOT NULL,
    "TriggeredType" integer NOT NULL,
    "TriggeredTimeUtc" timestamp with time zone NOT NULL,
    "ResultId" integer NOT NULL
);


ALTER TABLE public."ResultEvent" OWNER TO postgres;

--
-- Name: ResultEvent_Id_seq; Type: SEQUENCE; Schema: public; Owner: postgres
--

ALTER TABLE public."ResultEvent" ALTER COLUMN "Id" ADD GENERATED BY DEFAULT AS IDENTITY (
    SEQUENCE NAME public."ResultEvent_Id_seq"
    START WITH 1
    INCREMENT BY 1
    NO MINVALUE
    NO MAXVALUE
    CACHE 1
);


--
-- Name: Results; Type: TABLE; Schema: public; Owner: postgres
--

CREATE TABLE public."Results" (
    "Id" integer NOT NULL,
    "Title" text NOT NULL,
    "Desc" text NOT NULL,
    "Comment" text NOT NULL,
    "AlalyzeTimeUtc" timestamp with time zone NOT NULL,
    "StartTimeUtc" timestamp with time zone NOT NULL,
    "EndTimeUtc" timestamp with time zone NOT NULL,
    "UnitId" integer NOT NULL
);


ALTER TABLE public."Results" OWNER TO postgres;

--
-- Name: Results_Id_seq; Type: SEQUENCE; Schema: public; Owner: postgres
--

ALTER TABLE public."Results" ALTER COLUMN "Id" ADD GENERATED BY DEFAULT AS IDENTITY (
    SEQUENCE NAME public."Results_Id_seq"
    START WITH 1
    INCREMENT BY 1
    NO MINVALUE
    NO MAXVALUE
    CACHE 1
);


--
-- Name: Section; Type: TABLE; Schema: public; Owner: postgres
--

CREATE TABLE public."Section" (
    "Id" integer NOT NULL,
    "Title" text NOT NULL,
    "Level" integer NOT NULL,
    "Calculation" text NOT NULL,
    "ParentSectionId" integer,
    "AlarmLevel" integer NOT NULL,
    "AlarmOpacity" double precision NOT NULL,
    "K" double precision NOT NULL,
    "UnitId" integer NOT NULL
);


ALTER TABLE public."Section" OWNER TO postgres;

--
-- Name: Section_Id_seq; Type: SEQUENCE; Schema: public; Owner: postgres
--

ALTER TABLE public."Section" ALTER COLUMN "Id" ADD GENERATED BY DEFAULT AS IDENTITY (
    SEQUENCE NAME public."Section_Id_seq"
    START WITH 1
    INCREMENT BY 1
    NO MINVALUE
    NO MAXVALUE
    CACHE 1
);


--
-- Name: SetActiveProjectVersionRequests; Type: TABLE; Schema: public; Owner: postgres
--

CREATE TABLE public."SetActiveProjectVersionRequests" (
    "Id" integer NOT NULL,
    "RequestedActiveProjectVersionId" integer NOT NULL,
    "RequestUser" text NOT NULL,
    "RequestMessage" text NOT NULL,
    "ReplyUser" text NOT NULL,
    "ReplyMessage" text NOT NULL,
    "Status" integer NOT NULL
);


ALTER TABLE public."SetActiveProjectVersionRequests" OWNER TO postgres;

--
-- Name: SetActiveProjectVersionRequests_Id_seq; Type: SEQUENCE; Schema: public; Owner: postgres
--

ALTER TABLE public."SetActiveProjectVersionRequests" ALTER COLUMN "Id" ADD GENERATED BY DEFAULT AS IDENTITY (
    SEQUENCE NAME public."SetActiveProjectVersionRequests_Id_seq"
    START WITH 1
    INCREMENT BY 1
    NO MINVALUE
    NO MAXVALUE
    CACHE 1
);


--
-- Name: SimUsers; Type: TABLE; Schema: public; Owner: postgres
--

CREATE TABLE public."SimUsers" (
    "Id" integer NOT NULL,
    "User" text NOT NULL,
    "Password" text NOT NULL,
    "ProviderName" text NOT NULL,
    "ProviderSubjectId" text NOT NULL,
    "IsActive" boolean NOT NULL,
    "FirstName" text NOT NULL,
    "LastName" text NOT NULL,
    "MiddleName" text NOT NULL,
    "PersonnelNumber" text NOT NULL,
    "OfficeId" integer NOT NULL,
    "Role" text NOT NULL
);


ALTER TABLE public."SimUsers" OWNER TO postgres;

--
-- Name: SimUsers_Id_seq; Type: SEQUENCE; Schema: public; Owner: postgres
--

ALTER TABLE public."SimUsers" ALTER COLUMN "Id" ADD GENERATED BY DEFAULT AS IDENTITY (
    SEQUENCE NAME public."SimUsers_Id_seq"
    START WITH 1
    INCREMENT BY 1
    NO MINVALUE
    NO MAXVALUE
    CACHE 1
);


--
-- Name: StandardParam; Type: TABLE; Schema: public; Owner: postgres
--

CREATE TABLE public."StandardParam" (
    "Id" integer NOT NULL,
    "ParamName" text NOT NULL,
    "Type" text NOT NULL,
    "Desc" text NOT NULL,
    "BaseActuatorTypeId" integer
);


ALTER TABLE public."StandardParam" OWNER TO postgres;

--
-- Name: StandardParam_Id_seq; Type: SEQUENCE; Schema: public; Owner: postgres
--

ALTER TABLE public."StandardParam" ALTER COLUMN "Id" ADD GENERATED BY DEFAULT AS IDENTITY (
    SEQUENCE NAME public."StandardParam_Id_seq"
    START WITH 1
    INCREMENT BY 1
    NO MINVALUE
    NO MAXVALUE
    CACHE 1
);


--
-- Name: SubCause; Type: TABLE; Schema: public; Owner: postgres
--

CREATE TABLE public."SubCause" (
    "Id" integer NOT NULL,
    "Num" integer NOT NULL,
    "TagName" text NOT NULL,
    "TagConditionString" text NOT NULL,
    "TagConditionString_SymbolToDisplay" text NOT NULL,
    "CustomFieldValues" text NOT NULL,
    "CauseId" integer NOT NULL,
    "_CreateProjectVersionNum" bigint,
    "_DeleteProjectVersionNum" bigint,
    "_IsDeleted" boolean NOT NULL,
    "_LastChangeUser" text NOT NULL
);


ALTER TABLE public."SubCause" OWNER TO postgres;

--
-- Name: SubCauseResult; Type: TABLE; Schema: public; Owner: postgres
--

CREATE TABLE public."SubCauseResult" (
    "Id" integer NOT NULL,
    "Num" integer NOT NULL,
    "TagName" text NOT NULL,
    "TagConditionString" text NOT NULL,
    "TagConditionString_SymbolToDisplay" text NOT NULL,
    "CustomFieldValues" text NOT NULL,
    "TriggeredTimeUtc" timestamp with time zone,
    "CauseResultId" integer NOT NULL
);


ALTER TABLE public."SubCauseResult" OWNER TO postgres;

--
-- Name: SubCauseResult_Id_seq; Type: SEQUENCE; Schema: public; Owner: postgres
--

ALTER TABLE public."SubCauseResult" ALTER COLUMN "Id" ADD GENERATED BY DEFAULT AS IDENTITY (
    SEQUENCE NAME public."SubCauseResult_Id_seq"
    START WITH 1
    INCREMENT BY 1
    NO MINVALUE
    NO MAXVALUE
    CACHE 1
);


--
-- Name: SubCause_Id_seq; Type: SEQUENCE; Schema: public; Owner: postgres
--

ALTER TABLE public."SubCause" ALTER COLUMN "Id" ADD GENERATED BY DEFAULT AS IDENTITY (
    SEQUENCE NAME public."SubCause_Id_seq"
    START WITH 1
    INCREMENT BY 1
    NO MINVALUE
    NO MAXVALUE
    CACHE 1
);


--
-- Name: TagCondition; Type: TABLE; Schema: public; Owner: postgres
--

CREATE TABLE public."TagCondition" (
    "Id" integer NOT NULL,
    "Identifier" text NOT NULL,
    "MathOperator" text NOT NULL,
    "Value" text NOT NULL,
    "SymbolToDisplay" text NOT NULL,
    "CanBeCause" boolean NOT NULL,
    "CanBeEffect" boolean NOT NULL,
    "TagId" integer NOT NULL,
    "_CreateProjectVersionNum" bigint,
    "_DeleteProjectVersionNum" bigint,
    "_IsDeleted" boolean NOT NULL,
    "_LastChangeUser" text NOT NULL
);


ALTER TABLE public."TagCondition" OWNER TO postgres;

--
-- Name: TagConditionElementNames; Type: TABLE; Schema: public; Owner: postgres
--

CREATE TABLE public."TagConditionElementNames" (
    "Id" integer NOT NULL,
    "Identifier" text NOT NULL,
    "Type" text NOT NULL,
    "Desc" text NOT NULL
);


ALTER TABLE public."TagConditionElementNames" OWNER TO postgres;

--
-- Name: TagConditionElementNames_Id_seq; Type: SEQUENCE; Schema: public; Owner: postgres
--

ALTER TABLE public."TagConditionElementNames" ALTER COLUMN "Id" ADD GENERATED BY DEFAULT AS IDENTITY (
    SEQUENCE NAME public."TagConditionElementNames_Id_seq"
    START WITH 1
    INCREMENT BY 1
    NO MINVALUE
    NO MAXVALUE
    CACHE 1
);


--
-- Name: TagCondition_Id_seq; Type: SEQUENCE; Schema: public; Owner: postgres
--

ALTER TABLE public."TagCondition" ALTER COLUMN "Id" ADD GENERATED BY DEFAULT AS IDENTITY (
    SEQUENCE NAME public."TagCondition_Id_seq"
    START WITH 1
    INCREMENT BY 1
    NO MINVALUE
    NO MAXVALUE
    CACHE 1
);


--
-- Name: TagEvent; Type: TABLE; Schema: public; Owner: postgres
--

CREATE TABLE public."TagEvent" (
    "Id" integer NOT NULL,
    "EventTimeUtc" timestamp with time zone NOT NULL,
    "Value" text NOT NULL,
    "TagId" integer
);


ALTER TABLE public."TagEvent" OWNER TO postgres;

--
-- Name: TagEvent_Id_seq; Type: SEQUENCE; Schema: public; Owner: postgres
--

ALTER TABLE public."TagEvent" ALTER COLUMN "Id" ADD GENERATED BY DEFAULT AS IDENTITY (
    SEQUENCE NAME public."TagEvent_Id_seq"
    START WITH 1
    INCREMENT BY 1
    NO MINVALUE
    NO MAXVALUE
    CACHE 1
);


--
-- Name: TagParam; Type: TABLE; Schema: public; Owner: postgres
--

CREATE TABLE public."TagParam" (
    "Id" integer NOT NULL,
    "TagId" integer NOT NULL,
    "_CreateProjectVersionNum" bigint,
    "_DeleteProjectVersionNum" bigint,
    "_IsDeleted" boolean NOT NULL,
    "_LastChangeUser" text NOT NULL,
    "ParamName" text NOT NULL,
    "Value" text NOT NULL,
    "Eu" text NOT NULL,
    "Type" text NOT NULL,
    "Desc" text NOT NULL
);


ALTER TABLE public."TagParam" OWNER TO postgres;

--
-- Name: TagParam_Id_seq; Type: SEQUENCE; Schema: public; Owner: postgres
--

ALTER TABLE public."TagParam" ALTER COLUMN "Id" ADD GENERATED BY DEFAULT AS IDENTITY (
    SEQUENCE NAME public."TagParam_Id_seq"
    START WITH 1
    INCREMENT BY 1
    NO MINVALUE
    NO MAXVALUE
    CACHE 1
);


--
-- Name: Tags; Type: TABLE; Schema: public; Owner: postgres
--

CREATE TABLE public."Tags" (
    "Id" integer NOT NULL,
    "TagName" text NOT NULL COLLATE public.case_insensitive_collation,
    "Type" text NOT NULL,
    "Desc" text NOT NULL,
    "_LockedByUser" text NOT NULL,
    "BaseActuatorId" integer NOT NULL,
    "ProjectId" integer NOT NULL,
    "_CreateProjectVersionNum" bigint,
    "_DeleteProjectVersionNum" bigint,
    "_IsDeleted" boolean NOT NULL,
    "_LastChangeUser" text NOT NULL
);


ALTER TABLE public."Tags" OWNER TO postgres;

--
-- Name: Tags_Id_seq; Type: SEQUENCE; Schema: public; Owner: postgres
--

ALTER TABLE public."Tags" ALTER COLUMN "Id" ADD GENERATED BY DEFAULT AS IDENTITY (
    SEQUENCE NAME public."Tags_Id_seq"
    START WITH 1
    INCREMENT BY 1
    NO MINVALUE
    NO MAXVALUE
    CACHE 1
);


--
-- Name: UnitEvents; Type: TABLE; Schema: public; Owner: postgres
--

CREATE TABLE public."UnitEvents" (
    "Id" integer NOT NULL,
    "EventTimeUtc" timestamp with time zone NOT NULL,
    "TagName" text NOT NULL,
    "TagConditionString" text NOT NULL,
    "ConditionIsActive" boolean NOT NULL,
    "EventSource" text NOT NULL,
    "OriginalEvent" text NOT NULL,
    "UnitEventsIntervalId" integer
);


ALTER TABLE public."UnitEvents" OWNER TO postgres;

--
-- Name: UnitEventsIntervals; Type: TABLE; Schema: public; Owner: postgres
--

CREATE TABLE public."UnitEventsIntervals" (
    "Id" integer NOT NULL,
    "Title" text NOT NULL,
    "StartTimeUtc" timestamp with time zone NOT NULL,
    "EndTimeUtc" timestamp with time zone NOT NULL,
    "UnitId" integer NOT NULL
);


ALTER TABLE public."UnitEventsIntervals" OWNER TO postgres;

--
-- Name: UnitEventsIntervals_Id_seq; Type: SEQUENCE; Schema: public; Owner: postgres
--

ALTER TABLE public."UnitEventsIntervals" ALTER COLUMN "Id" ADD GENERATED BY DEFAULT AS IDENTITY (
    SEQUENCE NAME public."UnitEventsIntervals_Id_seq"
    START WITH 1
    INCREMENT BY 1
    NO MINVALUE
    NO MAXVALUE
    CACHE 1
);


--
-- Name: UnitEvents_Id_seq; Type: SEQUENCE; Schema: public; Owner: postgres
--

ALTER TABLE public."UnitEvents" ALTER COLUMN "Id" ADD GENERATED BY DEFAULT AS IDENTITY (
    SEQUENCE NAME public."UnitEvents_Id_seq"
    START WITH 1
    INCREMENT BY 1
    NO MINVALUE
    NO MAXVALUE
    CACHE 1
);


--
-- Name: Units; Type: TABLE; Schema: public; Owner: postgres
--

CREATE TABLE public."Units" (
    "Id" integer NOT NULL,
    "Title" text NOT NULL,
    "Desc" text NOT NULL,
    "ActiveProjectId" integer
);


ALTER TABLE public."Units" OWNER TO postgres;

--
-- Name: Units_Id_seq; Type: SEQUENCE; Schema: public; Owner: postgres
--

ALTER TABLE public."Units" ALTER COLUMN "Id" ADD GENERATED BY DEFAULT AS IDENTITY (
    SEQUENCE NAME public."Units_Id_seq"
    START WITH 1
    INCREMENT BY 1
    NO MINVALUE
    NO MAXVALUE
    CACHE 1
);


--
-- Data for Name: ActuatorParam; Type: TABLE DATA; Schema: public; Owner: postgres
--

COPY public."ActuatorParam" ("Id", "TagId", "_CreateProjectVersionNum", "_DeleteProjectVersionNum", "_IsDeleted", "_LastChangeUser", "ParamName", "Value", "Eu", "Type", "Desc") FROM stdin;
\.


--
-- Data for Name: BaseActuatorParam; Type: TABLE DATA; Schema: public; Owner: postgres
--

COPY public."BaseActuatorParam" ("Id", "BaseActuatorId", "_CreateProjectVersionNum", "_DeleteProjectVersionNum", "_IsDeleted", "_LastChangeUser", "ParamName", "Value", "Eu", "Type", "Desc") FROM stdin;
1	2	\N	\N	f		MaxSafeSpeed	30	с		Максимально допустимое время срабатывания
2	2	\N	\N	f		SafeSpeed	15	с		Среднее время срабатывания
3	3	\N	\N	f		MaxSafeSpeed	3	с		Максимально допустимое время срабатывания
\.


--
-- Data for Name: BaseActuatorTypes; Type: TABLE DATA; Schema: public; Owner: postgres
--

COPY public."BaseActuatorTypes" ("Id", "Type", "Desc") FROM stdin;
1		
2	Отсечной клапан	
3	Насос	
\.


--
-- Data for Name: BaseActuators; Type: TABLE DATA; Schema: public; Owner: postgres
--

COPY public."BaseActuators" ("Id", "Title", "Code", "Manufacturer", "Desc", "_LockedByUser", "BaseActuatorTypeId", "ProjectId") FROM stdin;
1	Нет исполнительного механизма					1	2
2	Отсечной клапан V202	V202	Honeywell			2	2
3	Насос P2K3	P2K3	Honeywell			3	2
\.


--
-- Data for Name: CauseResults; Type: TABLE DATA; Schema: public; Owner: postgres
--

COPY public."CauseResults" ("Id", "Num", "TriggeredTimeUtc", "CeMatrixResultId") FROM stdin;
1	1	2021-06-10 06:38:29.462+03	1
2	2	2021-06-10 06:43:24.662+03	1
3	3	\N	1
4	4	2021-06-10 06:43:24.062+03	1
5	5	\N	1
6	6	\N	1
7	7	\N	1
8	8	\N	1
9	9	2021-06-10 06:38:28.462+03	1
10	10	\N	1
11	11	\N	1
12	12	\N	1
13	13	\N	1
14	14	\N	1
15	15	\N	1
16	16	\N	1
17	17	\N	1
18	18	\N	1
19	19	\N	1
20	20	\N	1
21	21	\N	1
22	22	\N	1
23	23	\N	1
24	24	\N	1
25	25	\N	1
26	26	2021-06-10 06:41:49.062+03	1
27	27	\N	1
28	28	\N	1
29	29	\N	1
30	30	\N	1
31	31	\N	1
32	32	\N	1
33	33	\N	1
34	34	\N	1
35	35	\N	1
36	36	\N	1
37	37	\N	1
38	38	2021-06-10 06:40:01.562+03	1
39	39	2021-06-10 06:38:28.462+03	1
40	1	2021-06-10 06:38:29.462+03	2
41	2	2021-06-10 06:38:29.462+03	2
42	3	2021-06-10 06:38:29.462+03	2
43	4	2021-06-10 06:38:29.462+03	2
44	5	2021-06-10 06:38:29.462+03	2
45	6	2021-06-10 06:42:22.162+03	2
46	7	2021-06-10 06:42:22.162+03	2
47	8	2021-06-10 06:42:22.162+03	2
48	9	2021-06-10 06:42:22.162+03	2
49	10	2021-06-10 06:42:22.162+03	2
50	11	2021-06-10 06:42:22.162+03	2
51	12	2021-06-10 06:42:22.162+03	2
52	13	2021-06-10 06:42:22.162+03	2
53	14	2021-06-10 06:42:22.162+03	2
54	15	2021-06-10 06:42:22.162+03	2
55	16	2021-06-10 06:42:22.162+03	2
56	17	2021-06-10 06:42:22.162+03	2
57	18	2021-06-10 06:42:22.162+03	2
58	19	2021-06-10 06:42:22.162+03	2
59	20	2021-06-10 06:42:22.162+03	2
60	21	2021-06-10 06:42:22.162+03	2
61	22	2021-06-10 06:42:22.162+03	2
62	23	2021-06-10 06:42:22.162+03	2
63	24	2021-06-10 06:42:22.162+03	2
64	25	2021-06-10 06:42:22.162+03	2
65	26	2021-06-10 06:42:22.162+03	2
66	27	2021-06-10 06:42:22.162+03	2
67	28	2021-06-10 06:42:22.162+03	2
68	29	\N	2
69	30	2021-06-10 06:42:22.162+03	2
70	31	\N	2
71	32	\N	2
\.


--
-- Data for Name: Causes; Type: TABLE DATA; Schema: public; Owner: postgres
--

COPY public."Causes" ("Id", "Num", "CeMatrixId", "_CreateProjectVersionNum", "_DeleteProjectVersionNum", "_IsDeleted", "_LastChangeUser") FROM stdin;
1	1	1	\N	\N	f	
2	2	1	\N	\N	f	
3	3	1	\N	\N	f	
4	4	1	\N	\N	f	
5	5	1	\N	\N	f	
6	6	1	\N	\N	f	
7	7	1	\N	\N	f	
8	8	1	\N	\N	f	
9	9	1	\N	\N	f	
10	10	1	\N	\N	f	
11	11	1	\N	\N	f	
12	12	1	\N	\N	f	
13	13	1	\N	\N	f	
14	14	1	\N	\N	f	
15	15	1	\N	\N	f	
16	16	1	\N	\N	f	
17	17	1	\N	\N	f	
18	18	1	\N	\N	f	
19	19	1	\N	\N	f	
20	20	1	\N	\N	f	
21	21	1	\N	\N	f	
22	22	1	\N	\N	f	
23	23	1	\N	\N	f	
24	24	1	\N	\N	f	
25	25	1	\N	\N	f	
26	26	1	\N	\N	f	
27	27	1	\N	\N	f	
28	28	1	\N	\N	f	
29	29	1	\N	\N	f	
30	30	1	\N	\N	f	
31	31	1	\N	\N	f	
32	32	1	\N	\N	f	
33	33	1	\N	\N	f	
34	34	1	\N	\N	f	
35	35	1	\N	\N	f	
36	36	1	\N	\N	f	
37	37	1	\N	\N	f	
38	38	1	\N	\N	f	
39	39	1	\N	\N	f	
40	1	2	\N	\N	f	
41	2	2	\N	\N	f	
42	3	2	\N	\N	f	
43	4	2	\N	\N	f	
44	5	2	\N	\N	f	
45	6	2	\N	\N	f	
46	7	2	\N	\N	f	
47	8	2	\N	\N	f	
48	9	2	\N	\N	f	
49	10	2	\N	\N	f	
50	11	2	\N	\N	f	
51	12	2	\N	\N	f	
52	13	2	\N	\N	f	
53	14	2	\N	\N	f	
54	15	2	\N	\N	f	
55	16	2	\N	\N	f	
56	17	2	\N	\N	f	
57	18	2	\N	\N	f	
58	19	2	\N	\N	f	
59	20	2	\N	\N	f	
60	21	2	\N	\N	f	
61	22	2	\N	\N	f	
62	23	2	\N	\N	f	
63	24	2	\N	\N	f	
64	25	2	\N	\N	f	
65	26	2	\N	\N	f	
66	27	2	\N	\N	f	
67	28	2	\N	\N	f	
68	29	2	\N	\N	f	
69	30	2	\N	\N	f	
70	31	2	\N	\N	f	
71	32	2	\N	\N	f	
\.


--
-- Data for Name: CeMatrices; Type: TABLE DATA; Schema: public; Owner: postgres
--

COPY public."CeMatrices" ("Id", "Guid", "Title", "Desc", "Comment", "Status", "Source", "_LockedByUser", "ProjectId", "CauseCustomFieldNames", "EffectCustomFieldNames", "_CreateProjectVersionNum", "_DeleteProjectVersionNum", "_IsDeleted", "_LastChangeUser") FROM stdin;
1	2eb6c98e-a832-4e86-81f3-f495989ae128	Analog CEMatrix						2	Logic1		\N	\N	f	
2	eac6caa3-cc46-4e92-8b75-e3c87e7f371d	Discrete CEMatrix						2			\N	\N	f	
\.


--
-- Data for Name: CeMatrixResuls; Type: TABLE DATA; Schema: public; Owner: postgres
--

COPY public."CeMatrixResuls" ("Id", "CeMatrixGuid", "ProjectVersionNum", "ResultId") FROM stdin;
1	2eb6c98e-a832-4e86-81f3-f495989ae128	\N	1
2	eac6caa3-cc46-4e92-8b75-e3c87e7f371d	\N	1
\.


--
-- Data for Name: DbFile; Type: TABLE DATA; Schema: public; Owner: postgres
--

COPY public."DbFile" ("Id", "FileLastWriteTimeUtc", "FileDeletionTimeUtc", "FileName", "Data", "ProjectVersionId") FROM stdin;
\.


--
-- Data for Name: EffectResults; Type: TABLE DATA; Schema: public; Owner: postgres
--

COPY public."EffectResults" ("Id", "Num", "TagName", "TagConditionString", "TagConditionString_SymbolToDisplay", "CustomFieldValues", "TriggeredType", "TriggeredTimeUtc", "MaxDelayMs", "CeMatrixResultId") FROM stdin;
1	0	Э-1	ALARM=ЗАКР	C		2	2021-06-10 06:38:28.898+03	0	1
2	1	Э-2	ALARM=ЗАКР	C		3	2021-06-10 06:40:25.58+03	0	1
3	2	H-1	ALARM=ВЫКЛ	S		4	\N	0	1
4	3	H-2	ALARM=ВЫКЛ	S		4	\N	0	1
5	4	H-3	ALARM=ВЫКЛ	S		3	2021-06-10 06:40:25.58+03	0	1
6	5	H-4	ALARM=ВЫКЛ	S		4	\N	0	1
7	6	H-8	ALARM=ВЫКЛ	S		0	\N	0	1
8	7	H-9	ALARM=ВЫКЛ	S		0	\N	0	1
9	8	H-15	ALARM=ВЫКЛ	S		0	\N	0	1
10	9	H-16	ALARM=ВЫКЛ	S		0	\N	0	1
11	10	H-18	ALARM=ВЫКЛ	S		0	\N	0	1
12	11	H-19	ALARM=ВЫКЛ	S		0	\N	0	1
13	12	H-34	ALARM=ВЫКЛ	S		0	\N	0	1
14	13	UV-202	ALARM=ЗАКР	C		0	\N	0	1
15	14	UV-207	ALARM=ЗАКР	C		5	2021-06-10 06:42:19.138+03	0	1
16	15	UV-208	ALARM=ЗАКР	C		3	2021-06-10 06:41:50.987+03	0	1
17	16	UV-209	ALARM=ЗАКР	C		3	2021-06-10 06:41:50.987+03	0	1
18	17	UV-210	ALARM=ЗАКР	C		3	2021-06-10 06:41:50.987+03	0	1
19	18	UV-211	ALARM=ЗАКР	C		2	2021-06-10 06:38:28.897+03	0	1
20	19	UV-212	ALARM=ЗАКР	C		2	2021-06-10 06:38:28.897+03	0	1
21	20	UV-213	ALARM=ЗАКР	C		2	2021-06-10 06:38:28.898+03	0	1
22	21	UV-214	ALARM=ЗАКР	C		2	2021-06-10 06:38:28.898+03	0	1
23	22	UV-215	ALARM=ЗАКР	C		0	\N	0	1
24	23	UV-216	ALARM=ЗАКР	C		0	\N	0	1
25	24	EUV201	ALARM=ОТКР	O		2	2021-06-10 06:38:28.897+03	0	1
26	25	EUV202	ALARM=ОТКР	O		0	\N	0	1
27	26	EUV203	ALARM=ОТКР	O		0	\N	0	1
28	27	ПК-1	ALARM=ВЫКЛ	S		2	2021-06-10 06:43:24.41+03	0	1
29	28	ПК-2	ALARM=ВЫКЛ	S		4	\N	0	1
30	29	TK601	ALARM=ВЫКЛ	S		0	\N	0	1
31	30	XV1	ALARM=ЗАКР	C		0	\N	0	1
32	31	XV2	ALARM=ЗАКР	C		0	\N	0	1
33	0	UV-202	ALARM=ЗАКР	C		0	\N	0	2
34	1	UV-207	ALARM=ЗАКР	C		5	2021-06-10 06:42:19.138+03	0	2
35	2	UV-208	ALARM=ЗАКР	C		3	2021-06-10 06:41:50.987+03	0	2
36	3	UV-209	ALARM=ЗАКР	C		3	2021-06-10 06:41:50.987+03	0	2
37	4	UV-210	ALARM=ЗАКР	C		3	2021-06-10 06:41:50.987+03	0	2
38	5	UV-211	ALARM=ЗАКР	C		2	2021-06-10 06:38:28.897+03	0	2
39	6	UV-212	ALARM=ЗАКР	C		2	2021-06-10 06:38:28.897+03	0	2
40	7	UV-213	ALARM=ЗАКР	C		2	2021-06-10 06:38:28.898+03	0	2
41	8	UV-214	ALARM=ЗАКР	C		2	2021-06-10 06:38:28.898+03	0	2
42	9	UV-215	ALARM=ЗАКР	C		0	\N	0	2
43	10	UV-216	ALARM=ЗАКР	C		0	\N	0	2
44	11	H-15	ALARM=ВЫКЛ	S		0	\N	0	2
45	12	H-16	ALARM=ВЫКЛ	S		0	\N	0	2
\.


--
-- Data for Name: Effects; Type: TABLE DATA; Schema: public; Owner: postgres
--

COPY public."Effects" ("Id", "Num", "TagName", "TagConditionString", "TagConditionString_SymbolToDisplay", "CustomFieldValues", "CeMatrixId", "_CreateProjectVersionNum", "_DeleteProjectVersionNum", "_IsDeleted", "_LastChangeUser") FROM stdin;
1	0	Э-1	ALARM=ЗАКР	C		1	\N	\N	f	
2	1	Э-2	ALARM=ЗАКР	C		1	\N	\N	f	
3	2	H-1	ALARM=ВЫКЛ	S		1	\N	\N	f	
4	3	H-2	ALARM=ВЫКЛ	S		1	\N	\N	f	
5	4	H-3	ALARM=ВЫКЛ	S		1	\N	\N	f	
6	5	H-4	ALARM=ВЫКЛ	S		1	\N	\N	f	
7	6	H-8	ALARM=ВЫКЛ	S		1	\N	\N	f	
8	7	H-9	ALARM=ВЫКЛ	S		1	\N	\N	f	
9	8	H-15	ALARM=ВЫКЛ	S		1	\N	\N	f	
10	9	H-16	ALARM=ВЫКЛ	S		1	\N	\N	f	
11	10	H-18	ALARM=ВЫКЛ	S		1	\N	\N	f	
12	11	H-19	ALARM=ВЫКЛ	S		1	\N	\N	f	
13	12	H-34	ALARM=ВЫКЛ	S		1	\N	\N	f	
14	13	UV-202	ALARM=ЗАКР	C		1	\N	\N	f	
15	14	UV-207	ALARM=ЗАКР	C		1	\N	\N	f	
16	15	UV-208	ALARM=ЗАКР	C		1	\N	\N	f	
17	16	UV-209	ALARM=ЗАКР	C		1	\N	\N	f	
18	17	UV-210	ALARM=ЗАКР	C		1	\N	\N	f	
19	18	UV-211	ALARM=ЗАКР	C		1	\N	\N	f	
20	19	UV-212	ALARM=ЗАКР	C		1	\N	\N	f	
21	20	UV-213	ALARM=ЗАКР	C		1	\N	\N	f	
22	21	UV-214	ALARM=ЗАКР	C		1	\N	\N	f	
23	22	UV-215	ALARM=ЗАКР	C		1	\N	\N	f	
24	23	UV-216	ALARM=ЗАКР	C		1	\N	\N	f	
25	24	EUV201	ALARM=ОТКР	O		1	\N	\N	f	
26	25	EUV202	ALARM=ОТКР	O		1	\N	\N	f	
27	26	EUV203	ALARM=ОТКР	O		1	\N	\N	f	
28	27	ПК-1	ALARM=ВЫКЛ	S		1	\N	\N	f	
29	28	ПК-2	ALARM=ВЫКЛ	S		1	\N	\N	f	
30	29	TK601	ALARM=ВЫКЛ	S		1	\N	\N	f	
31	30	XV1	ALARM=ЗАКР	C		1	\N	\N	f	
32	31	XV2	ALARM=ЗАКР	C		1	\N	\N	f	
33	0	UV-202	ALARM=ЗАКР	C		2	\N	\N	f	
34	1	UV-207	ALARM=ЗАКР	C		2	\N	\N	f	
35	2	UV-208	ALARM=ЗАКР	C		2	\N	\N	f	
36	3	UV-209	ALARM=ЗАКР	C		2	\N	\N	f	
37	4	UV-210	ALARM=ЗАКР	C		2	\N	\N	f	
38	5	UV-211	ALARM=ЗАКР	C		2	\N	\N	f	
39	6	UV-212	ALARM=ЗАКР	C		2	\N	\N	f	
40	7	UV-213	ALARM=ЗАКР	C		2	\N	\N	f	
41	8	UV-214	ALARM=ЗАКР	C		2	\N	\N	f	
42	9	UV-215	ALARM=ЗАКР	C		2	\N	\N	f	
43	10	UV-216	ALARM=ЗАКР	C		2	\N	\N	f	
44	11	H-15	ALARM=ВЫКЛ	S		2	\N	\N	f	
45	12	H-16	ALARM=ВЫКЛ	S		2	\N	\N	f	
\.


--
-- Data for Name: EngineeringUnits; Type: TABLE DATA; Schema: public; Owner: postgres
--

COPY public."EngineeringUnits" ("Id", "Eu", "Desc") FROM stdin;
1	с	Секунды
2	мин	Минуты
\.


--
-- Data for Name: Intersection; Type: TABLE DATA; Schema: public; Owner: postgres
--

COPY public."Intersection" ("Id", "TagConditionString_SymbolToDisplay", "CauseId", "EffectId", "CeMatrixId", "_CreateProjectVersionNum", "_DeleteProjectVersionNum", "_IsDeleted", "_LastChangeUser") FROM stdin;
1	C	1	1	1	\N	\N	f	
2	S	1	3	1	\N	\N	f	
3	S	1	4	1	\N	\N	f	
4	C	2	1	1	\N	\N	f	
5	S	2	3	1	\N	\N	f	
6	S	2	4	1	\N	\N	f	
7	C	2	19	1	\N	\N	f	
8	C	2	21	1	\N	\N	f	
9	C	2	22	1	\N	\N	f	
10	C	3	1	1	\N	\N	f	
11	S	3	3	1	\N	\N	f	
12	S	3	4	1	\N	\N	f	
13	C	3	19	1	\N	\N	f	
14	C	3	21	1	\N	\N	f	
15	C	3	22	1	\N	\N	f	
16	S	3	28	1	\N	\N	f	
17	S	3	29	1	\N	\N	f	
18	C	4	1	1	\N	\N	f	
19	S	4	3	1	\N	\N	f	
20	S	4	4	1	\N	\N	f	
21	C	4	19	1	\N	\N	f	
22	C	4	21	1	\N	\N	f	
23	C	4	22	1	\N	\N	f	
24	S	4	28	1	\N	\N	f	
25	S	4	29	1	\N	\N	f	
26	C	5	1	1	\N	\N	f	
27	C	5	19	1	\N	\N	f	
28	C	5	21	1	\N	\N	f	
29	C	5	22	1	\N	\N	f	
30	S	5	28	1	\N	\N	f	
31	S	5	29	1	\N	\N	f	
32	S	6	28	1	\N	\N	f	
33	S	6	29	1	\N	\N	f	
34	C	7	1	1	\N	\N	f	
35	C	7	15	1	\N	\N	f	
36	C	7	16	1	\N	\N	f	
37	C	7	17	1	\N	\N	f	
38	C	7	18	1	\N	\N	f	
39	C	7	19	1	\N	\N	f	
40	C	7	20	1	\N	\N	f	
41	C	7	21	1	\N	\N	f	
42	C	7	22	1	\N	\N	f	
43	C	8	19	1	\N	\N	f	
44	C	9	19	1	\N	\N	f	
45	C	9	21	1	\N	\N	f	
46	C	9	22	1	\N	\N	f	
47	C	10	19	1	\N	\N	f	
48	C	10	21	1	\N	\N	f	
49	C	10	22	1	\N	\N	f	
50	C	11	1	1	\N	\N	f	
51	S	11	3	1	\N	\N	f	
52	S	11	4	1	\N	\N	f	
53	C	11	19	1	\N	\N	f	
54	C	11	21	1	\N	\N	f	
55	C	11	22	1	\N	\N	f	
56	S	11	28	1	\N	\N	f	
57	S	11	29	1	\N	\N	f	
58	S	12	7	1	\N	\N	f	
59	S	12	8	1	\N	\N	f	
60	C	13	2	1	\N	\N	f	
61	S	13	5	1	\N	\N	f	
62	S	13	6	1	\N	\N	f	
63	C	13	16	1	\N	\N	f	
64	C	13	17	1	\N	\N	f	
65	C	13	18	1	\N	\N	f	
66	C	13	19	1	\N	\N	f	
67	C	13	21	1	\N	\N	f	
68	C	13	22	1	\N	\N	f	
69	S	13	30	1	\N	\N	f	
70	C	14	16	1	\N	\N	f	
71	C	15	16	1	\N	\N	f	
72	C	16	16	1	\N	\N	f	
73	C	17	16	1	\N	\N	f	
74	C	18	16	1	\N	\N	f	
75	C	19	15	1	\N	\N	f	
76	C	19	16	1	\N	\N	f	
77	C	19	17	1	\N	\N	f	
78	C	19	18	1	\N	\N	f	
79	O	19	26	1	\N	\N	f	
80	C	20	15	1	\N	\N	f	
81	C	20	16	1	\N	\N	f	
82	C	20	17	1	\N	\N	f	
83	C	20	18	1	\N	\N	f	
84	O	20	26	1	\N	\N	f	
85	C	21	15	1	\N	\N	f	
86	C	21	16	1	\N	\N	f	
87	C	21	17	1	\N	\N	f	
88	C	21	18	1	\N	\N	f	
89	O	21	26	1	\N	\N	f	
90	C	22	15	1	\N	\N	f	
91	C	22	16	1	\N	\N	f	
92	C	22	17	1	\N	\N	f	
93	C	22	18	1	\N	\N	f	
94	O	22	26	1	\N	\N	f	
95	C	23	15	1	\N	\N	f	
96	C	23	16	1	\N	\N	f	
97	C	23	17	1	\N	\N	f	
98	C	23	18	1	\N	\N	f	
99	O	23	26	1	\N	\N	f	
100	C	24	16	1	\N	\N	f	
101	C	24	17	1	\N	\N	f	
102	C	24	18	1	\N	\N	f	
103	C	25	16	1	\N	\N	f	
104	C	25	17	1	\N	\N	f	
105	C	25	18	1	\N	\N	f	
106	C	26	16	1	\N	\N	f	
107	C	26	17	1	\N	\N	f	
108	C	26	18	1	\N	\N	f	
109	C	27	31	1	\N	\N	f	
110	C	28	32	1	\N	\N	f	
111	C	29	15	1	\N	\N	f	
112	C	29	16	1	\N	\N	f	
113	C	29	17	1	\N	\N	f	
114	C	29	18	1	\N	\N	f	
115	C	29	19	1	\N	\N	f	
116	C	29	20	1	\N	\N	f	
117	C	29	21	1	\N	\N	f	
118	C	29	22	1	\N	\N	f	
119	C	30	2	1	\N	\N	f	
120	S	30	5	1	\N	\N	f	
121	S	30	6	1	\N	\N	f	
122	C	30	16	1	\N	\N	f	
123	C	30	17	1	\N	\N	f	
124	C	30	18	1	\N	\N	f	
125	S	31	9	1	\N	\N	f	
126	S	31	10	1	\N	\N	f	
127	C	31	14	1	\N	\N	f	
128	C	31	23	1	\N	\N	f	
129	C	31	24	1	\N	\N	f	
130	S	32	9	1	\N	\N	f	
131	S	32	10	1	\N	\N	f	
132	C	32	14	1	\N	\N	f	
133	C	32	23	1	\N	\N	f	
134	C	32	24	1	\N	\N	f	
135	S	33	9	1	\N	\N	f	
136	S	33	10	1	\N	\N	f	
137	C	33	14	1	\N	\N	f	
138	C	33	23	1	\N	\N	f	
139	C	33	24	1	\N	\N	f	
140	O	33	27	1	\N	\N	f	
141	S	34	9	1	\N	\N	f	
142	S	34	10	1	\N	\N	f	
143	C	34	14	1	\N	\N	f	
144	C	34	23	1	\N	\N	f	
145	C	34	24	1	\N	\N	f	
146	O	34	27	1	\N	\N	f	
147	S	35	13	1	\N	\N	f	
148	S	36	11	1	\N	\N	f	
149	S	36	12	1	\N	\N	f	
150	S	37	9	1	\N	\N	f	
151	S	37	10	1	\N	\N	f	
152	C	38	2	1	\N	\N	f	
153	S	38	5	1	\N	\N	f	
154	S	38	6	1	\N	\N	f	
155	C	39	1	1	\N	\N	f	
156	S	39	3	1	\N	\N	f	
157	S	39	4	1	\N	\N	f	
158	C	39	20	1	\N	\N	f	
159	O	39	25	1	\N	\N	f	
160	C	40	38	2	\N	\N	f	
161	C	40	39	2	\N	\N	f	
162	C	40	40	2	\N	\N	f	
163	C	40	41	2	\N	\N	f	
164	C	41	38	2	\N	\N	f	
165	C	41	39	2	\N	\N	f	
166	C	41	40	2	\N	\N	f	
167	C	41	41	2	\N	\N	f	
168	C	42	38	2	\N	\N	f	
169	C	42	39	2	\N	\N	f	
170	C	42	40	2	\N	\N	f	
171	C	42	41	2	\N	\N	f	
172	C	43	38	2	\N	\N	f	
173	C	43	39	2	\N	\N	f	
174	C	43	40	2	\N	\N	f	
175	C	43	41	2	\N	\N	f	
176	C	44	38	2	\N	\N	f	
177	C	44	39	2	\N	\N	f	
178	C	44	40	2	\N	\N	f	
179	C	44	41	2	\N	\N	f	
180	C	45	34	2	\N	\N	f	
181	C	45	35	2	\N	\N	f	
182	C	45	36	2	\N	\N	f	
183	C	45	37	2	\N	\N	f	
184	C	46	34	2	\N	\N	f	
185	C	46	35	2	\N	\N	f	
186	C	46	36	2	\N	\N	f	
187	C	46	37	2	\N	\N	f	
188	C	47	34	2	\N	\N	f	
189	C	47	35	2	\N	\N	f	
190	C	47	36	2	\N	\N	f	
191	C	47	37	2	\N	\N	f	
192	C	48	34	2	\N	\N	f	
193	C	48	35	2	\N	\N	f	
194	C	48	36	2	\N	\N	f	
195	C	48	37	2	\N	\N	f	
196	C	49	34	2	\N	\N	f	
197	C	49	35	2	\N	\N	f	
198	C	49	36	2	\N	\N	f	
199	C	49	37	2	\N	\N	f	
200	C	50	34	2	\N	\N	f	
201	C	50	35	2	\N	\N	f	
202	C	50	36	2	\N	\N	f	
203	C	50	37	2	\N	\N	f	
204	C	51	34	2	\N	\N	f	
205	C	51	35	2	\N	\N	f	
206	C	51	36	2	\N	\N	f	
207	C	51	37	2	\N	\N	f	
208	C	52	34	2	\N	\N	f	
209	C	52	35	2	\N	\N	f	
210	C	52	36	2	\N	\N	f	
211	C	52	37	2	\N	\N	f	
212	C	53	34	2	\N	\N	f	
213	C	53	35	2	\N	\N	f	
214	C	53	36	2	\N	\N	f	
215	C	53	37	2	\N	\N	f	
216	C	54	34	2	\N	\N	f	
217	C	54	35	2	\N	\N	f	
218	C	54	36	2	\N	\N	f	
219	C	54	37	2	\N	\N	f	
220	C	55	34	2	\N	\N	f	
221	C	55	35	2	\N	\N	f	
222	C	55	36	2	\N	\N	f	
223	C	55	37	2	\N	\N	f	
224	C	56	34	2	\N	\N	f	
225	C	56	35	2	\N	\N	f	
226	C	56	36	2	\N	\N	f	
227	C	56	37	2	\N	\N	f	
228	C	57	34	2	\N	\N	f	
229	C	57	35	2	\N	\N	f	
230	C	57	36	2	\N	\N	f	
231	C	57	37	2	\N	\N	f	
232	C	58	34	2	\N	\N	f	
233	C	58	35	2	\N	\N	f	
234	C	58	36	2	\N	\N	f	
235	C	58	37	2	\N	\N	f	
236	C	59	34	2	\N	\N	f	
237	C	59	35	2	\N	\N	f	
238	C	59	36	2	\N	\N	f	
239	C	59	37	2	\N	\N	f	
240	C	60	34	2	\N	\N	f	
241	C	60	35	2	\N	\N	f	
242	C	60	36	2	\N	\N	f	
243	C	60	37	2	\N	\N	f	
244	C	61	34	2	\N	\N	f	
245	C	61	35	2	\N	\N	f	
246	C	61	36	2	\N	\N	f	
247	C	61	37	2	\N	\N	f	
248	C	62	34	2	\N	\N	f	
249	C	62	35	2	\N	\N	f	
250	C	62	36	2	\N	\N	f	
251	C	62	37	2	\N	\N	f	
252	C	63	34	2	\N	\N	f	
253	C	63	35	2	\N	\N	f	
254	C	63	36	2	\N	\N	f	
255	C	63	37	2	\N	\N	f	
256	C	64	34	2	\N	\N	f	
257	C	64	35	2	\N	\N	f	
258	C	64	36	2	\N	\N	f	
259	C	64	37	2	\N	\N	f	
260	C	65	34	2	\N	\N	f	
261	C	65	35	2	\N	\N	f	
262	C	65	36	2	\N	\N	f	
263	C	65	37	2	\N	\N	f	
264	C	66	34	2	\N	\N	f	
265	C	66	35	2	\N	\N	f	
266	C	66	36	2	\N	\N	f	
267	C	66	37	2	\N	\N	f	
268	C	67	34	2	\N	\N	f	
269	C	67	35	2	\N	\N	f	
270	C	67	36	2	\N	\N	f	
271	C	67	37	2	\N	\N	f	
272	C	68	34	2	\N	\N	f	
273	C	68	35	2	\N	\N	f	
274	C	68	36	2	\N	\N	f	
275	C	68	37	2	\N	\N	f	
276	C	69	34	2	\N	\N	f	
277	C	69	35	2	\N	\N	f	
278	C	69	36	2	\N	\N	f	
279	C	69	37	2	\N	\N	f	
280	C	70	33	2	\N	\N	f	
281	C	70	42	2	\N	\N	f	
282	C	70	43	2	\N	\N	f	
283	S	70	44	2	\N	\N	f	
284	S	70	45	2	\N	\N	f	
285	C	71	33	2	\N	\N	f	
286	C	71	42	2	\N	\N	f	
287	C	71	43	2	\N	\N	f	
288	S	71	44	2	\N	\N	f	
289	S	71	45	2	\N	\N	f	
\.


--
-- Data for Name: IntersectionResult; Type: TABLE DATA; Schema: public; Owner: postgres
--

COPY public."IntersectionResult" ("Id", "CauseResultId", "EffectResultId", "TagConditionString_SymbolToDisplay", "TriggeredType", "CeMatrixResultId") FROM stdin;
1	1	1	C	2	1
2	1	3	S	4	1
3	1	4	S	4	1
4	2	1	C	2	1
5	2	3	S	4	1
6	2	4	S	4	1
7	2	19	C	2	1
8	2	21	C	2	1
9	2	22	C	2	1
10	3	1	C	0	1
11	3	3	S	0	1
12	3	4	S	0	1
13	3	19	C	0	1
14	3	21	C	0	1
15	3	22	C	0	1
16	3	28	S	0	1
17	3	29	S	0	1
18	4	1	C	2	1
19	4	3	S	4	1
20	4	4	S	4	1
21	4	19	C	2	1
22	4	21	C	2	1
23	4	22	C	2	1
24	4	28	S	1	1
25	4	29	S	4	1
26	5	1	C	0	1
27	5	19	C	0	1
28	5	21	C	0	1
29	5	22	C	0	1
30	5	28	S	0	1
31	5	29	S	0	1
32	6	28	S	0	1
33	6	29	S	0	1
34	7	1	C	0	1
35	7	15	C	0	1
36	7	16	C	0	1
37	7	17	C	0	1
38	7	18	C	0	1
39	7	19	C	0	1
40	7	20	C	0	1
41	7	21	C	0	1
42	7	22	C	0	1
43	8	19	C	0	1
44	9	19	C	1	1
45	9	21	C	1	1
46	9	22	C	1	1
47	10	19	C	0	1
48	10	21	C	0	1
49	10	22	C	0	1
50	11	1	C	0	1
51	11	3	S	0	1
52	11	4	S	0	1
53	11	19	C	0	1
54	11	21	C	0	1
55	11	22	C	0	1
56	11	28	S	0	1
57	11	29	S	0	1
58	12	7	S	0	1
59	12	8	S	0	1
60	13	2	C	0	1
61	13	5	S	0	1
62	13	6	S	0	1
63	13	16	C	0	1
64	13	17	C	0	1
65	13	18	C	0	1
66	13	19	C	0	1
67	13	21	C	0	1
68	13	22	C	0	1
69	13	30	S	0	1
70	14	16	C	0	1
71	15	16	C	0	1
72	16	16	C	0	1
73	17	16	C	0	1
74	18	16	C	0	1
75	19	15	C	0	1
76	19	16	C	0	1
77	19	17	C	0	1
78	19	18	C	0	1
79	19	26	O	0	1
80	20	15	C	0	1
81	20	16	C	0	1
82	20	17	C	0	1
83	20	18	C	0	1
84	20	26	O	0	1
85	21	15	C	0	1
86	21	16	C	0	1
87	21	17	C	0	1
88	21	18	C	0	1
89	21	26	O	0	1
90	22	15	C	0	1
91	22	16	C	0	1
92	22	17	C	0	1
93	22	18	C	0	1
94	22	26	O	0	1
95	23	15	C	0	1
96	23	16	C	0	1
97	23	17	C	0	1
98	23	18	C	0	1
99	23	26	O	0	1
100	24	16	C	0	1
101	24	17	C	0	1
102	24	18	C	0	1
103	25	16	C	0	1
104	25	17	C	0	1
105	25	18	C	0	1
106	26	16	C	3	1
107	26	17	C	3	1
108	26	18	C	3	1
109	27	31	C	0	1
110	28	32	C	0	1
111	29	15	C	0	1
112	29	16	C	0	1
113	29	17	C	0	1
114	29	18	C	0	1
115	29	19	C	0	1
116	29	20	C	0	1
117	29	21	C	0	1
118	29	22	C	0	1
119	30	2	C	0	1
120	30	5	S	0	1
121	30	6	S	0	1
122	30	16	C	0	1
123	30	17	C	0	1
124	30	18	C	0	1
125	31	9	S	0	1
126	31	10	S	0	1
127	31	14	C	0	1
128	31	23	C	0	1
129	31	24	C	0	1
130	32	9	S	0	1
131	32	10	S	0	1
132	32	14	C	0	1
133	32	23	C	0	1
134	32	24	C	0	1
135	33	9	S	0	1
136	33	10	S	0	1
137	33	14	C	0	1
138	33	23	C	0	1
139	33	24	C	0	1
140	33	27	O	0	1
141	34	9	S	0	1
142	34	10	S	0	1
143	34	14	C	0	1
144	34	23	C	0	1
145	34	24	C	0	1
146	34	27	O	0	1
147	35	13	S	0	1
148	36	11	S	0	1
149	36	12	S	0	1
150	37	9	S	0	1
151	37	10	S	0	1
152	38	2	C	3	1
153	38	5	S	3	1
154	38	6	S	4	1
155	39	1	C	1	1
156	39	3	S	4	1
157	39	4	S	4	1
158	39	20	C	1	1
159	39	25	O	1	1
160	40	38	C	2	2
161	40	39	C	2	2
162	40	40	C	2	2
163	40	41	C	2	2
164	41	38	C	2	2
165	41	39	C	2	2
166	41	40	C	2	2
167	41	41	C	2	2
168	42	38	C	2	2
169	42	39	C	2	2
170	42	40	C	2	2
171	42	41	C	2	2
172	43	38	C	2	2
173	43	39	C	2	2
174	43	40	C	2	2
175	43	41	C	2	2
176	44	38	C	2	2
177	44	39	C	2	2
178	44	40	C	2	2
179	44	41	C	2	2
180	45	34	C	2	2
181	45	35	C	2	2
182	45	36	C	2	2
183	45	37	C	2	2
184	46	34	C	2	2
185	46	35	C	2	2
186	46	36	C	2	2
187	46	37	C	2	2
188	47	34	C	2	2
189	47	35	C	2	2
190	47	36	C	2	2
191	47	37	C	2	2
192	48	34	C	2	2
193	48	35	C	2	2
194	48	36	C	2	2
195	48	37	C	2	2
196	49	34	C	2	2
197	49	35	C	2	2
198	49	36	C	2	2
199	49	37	C	2	2
200	50	34	C	2	2
201	50	35	C	2	2
202	50	36	C	2	2
203	50	37	C	2	2
204	51	34	C	2	2
205	51	35	C	2	2
206	51	36	C	2	2
207	51	37	C	2	2
208	52	34	C	2	2
209	52	35	C	2	2
210	52	36	C	2	2
211	52	37	C	2	2
212	53	34	C	2	2
213	53	35	C	2	2
214	53	36	C	2	2
215	53	37	C	2	2
216	54	34	C	2	2
217	54	35	C	2	2
218	54	36	C	2	2
219	54	37	C	2	2
220	55	34	C	2	2
221	55	35	C	2	2
222	55	36	C	2	2
223	55	37	C	2	2
224	56	34	C	2	2
225	56	35	C	2	2
226	56	36	C	2	2
227	56	37	C	2	2
228	57	34	C	2	2
229	57	35	C	2	2
230	57	36	C	2	2
231	57	37	C	2	2
232	58	34	C	2	2
233	58	35	C	2	2
234	58	36	C	2	2
235	58	37	C	2	2
236	59	34	C	2	2
237	59	35	C	2	2
238	59	36	C	2	2
239	59	37	C	2	2
240	60	34	C	2	2
241	60	35	C	2	2
242	60	36	C	2	2
243	60	37	C	2	2
244	61	34	C	2	2
245	61	35	C	2	2
246	61	36	C	2	2
247	61	37	C	2	2
248	62	34	C	2	2
249	62	35	C	2	2
250	62	36	C	2	2
251	62	37	C	2	2
252	63	34	C	2	2
253	63	35	C	2	2
254	63	36	C	2	2
255	63	37	C	2	2
256	64	34	C	2	2
257	64	35	C	2	2
258	64	36	C	2	2
259	64	37	C	2	2
260	65	34	C	2	2
261	65	35	C	2	2
262	65	36	C	2	2
263	65	37	C	2	2
264	66	34	C	2	2
265	66	35	C	2	2
266	66	36	C	2	2
267	66	37	C	2	2
268	67	34	C	2	2
269	67	35	C	2	2
270	67	36	C	2	2
271	67	37	C	2	2
272	68	34	C	0	2
273	68	35	C	0	2
274	68	36	C	0	2
275	68	37	C	0	2
276	69	34	C	2	2
277	69	35	C	2	2
278	69	36	C	2	2
279	69	37	C	2	2
280	70	33	C	0	2
281	70	42	C	0	2
282	70	43	C	0	2
283	70	44	S	0	2
284	70	45	S	0	2
285	71	33	C	0	2
286	71	42	C	0	2
287	71	43	C	0	2
288	71	44	S	0	2
289	71	45	S	0	2
\.


--
-- Data for Name: Jobs; Type: TABLE DATA; Schema: public; Owner: postgres
--

COPY public."Jobs" ("Id", "Guid", "Name", "IsSuccess", "Message", "Status") FROM stdin;
\.


--
-- Data for Name: Offices; Type: TABLE DATA; Schema: public; Owner: postgres
--

COPY public."Offices" ("Id", "Title") FROM stdin;
1	Завод
2	Отдел АСУ ТП
\.


--
-- Data for Name: ProjectVersion; Type: TABLE DATA; Schema: public; Owner: postgres
--

COPY public."ProjectVersion" ("Id", "VersionNum", "TimeUtc", "User", "Comment", "ProjectId") FROM stdin;
1	0	2022-06-27 12:34:02.590574+03			1
2	0	2022-06-27 12:34:02.590256+03			2
3	0	2022-06-27 12:34:02.590537+03			3
\.


--
-- Data for Name: Projects; Type: TABLE DATA; Schema: public; Owner: postgres
--

COPY public."Projects" ("Id", "Title", "Desc", "Comment", "ActiveProjectVersionId", "UnitId") FROM stdin;
1	Второй			1	2
2	Основной			2	1
3	Второй			3	1
\.


--
-- Data for Name: ResultEvent; Type: TABLE DATA; Schema: public; Owner: postgres
--

COPY public."ResultEvent" ("Id", "Num", "TagName", "Type", "TagConditionString", "TriggeredType", "TriggeredTimeUtc", "ResultId") FROM stdin;
1	9	Э-1	1	ALARM=ЗАКР	2	2021-06-10 06:38:28.898+03	1
2	21	Э-2	1	ALARM=ЗАКР	3	2021-06-10 06:40:25.58+03	1
3	22	H-3	1	ALARM=ВЫКЛ	3	2021-06-10 06:40:25.58+03	1
4	30	UV-207	1	ALARM=ЗАКР	5	2021-06-10 06:42:19.138+03	1
5	24	UV-208	1	ALARM=ЗАКР	3	2021-06-10 06:41:50.987+03	1
6	25	UV-209	1	ALARM=ЗАКР	3	2021-06-10 06:41:50.987+03	1
7	26	UV-210	1	ALARM=ЗАКР	3	2021-06-10 06:41:50.987+03	1
8	4	UV-211	1	ALARM=ЗАКР	2	2021-06-10 06:38:28.897+03	1
9	5	UV-212	1	ALARM=ЗАКР	2	2021-06-10 06:38:28.897+03	1
10	10	UV-213	1	ALARM=ЗАКР	2	2021-06-10 06:38:28.898+03	1
11	11	UV-214	1	ALARM=ЗАКР	2	2021-06-10 06:38:28.898+03	1
12	6	EUV201	1	ALARM=ОТКР	2	2021-06-10 06:38:28.897+03	1
13	57	ПК-1	1	ALARM=ВЫКЛ	2	2021-06-10 06:43:24.41+03	1
14	14	FR301	0	PVLowLow	0	2021-06-10 06:38:29.391+03	1
15	58	FR303	0	PVLowLow	0	2021-06-10 06:43:24.608+03	1
16	56	PSL205	0	PVLowLow	0	2021-06-10 06:43:24.004+03	1
17	2	TR169	0	PVHighHigh	0	2021-06-10 06:38:28.42+03	1
18	23	TSH136	0	PVHighHigh	0	2021-06-10 06:41:48.98+03	1
19	20	FR307	0	PVLowLow	0	2021-06-10 06:40:01.51+03	1
20	3	TR169	0	PVHighHigh	0	2021-06-10 06:38:28.42+03	1
21	1	AI405	0	PVLowLow	0	2021-06-10 06:37:35.562+03	1
22	31	UV-207	1	ALARM=ЗАКР	5	2021-06-10 06:42:19.138+03	1
23	27	UV-208	1	ALARM=ЗАКР	3	2021-06-10 06:41:50.987+03	1
24	28	UV-209	1	ALARM=ЗАКР	3	2021-06-10 06:41:50.987+03	1
25	29	UV-210	1	ALARM=ЗАКР	3	2021-06-10 06:41:50.987+03	1
26	7	UV-211	1	ALARM=ЗАКР	2	2021-06-10 06:38:28.897+03	1
27	8	UV-212	1	ALARM=ЗАКР	2	2021-06-10 06:38:28.897+03	1
28	12	UV-213	1	ALARM=ЗАКР	2	2021-06-10 06:38:28.898+03	1
29	13	UV-214	1	ALARM=ЗАКР	2	2021-06-10 06:38:28.898+03	1
30	15	BS-226	0	ALARM=Не горит	0	2021-06-10 06:38:29.391+03	1
31	16	BS-227	0	ALARM=Не горит	0	2021-06-10 06:38:29.391+03	1
32	17	BS-228	0	ALARM=Не горит	0	2021-06-10 06:38:29.391+03	1
33	18	BS-229	0	ALARM=Не горит	0	2021-06-10 06:38:29.391+03	1
34	19	BS-230	0	ALARM=Не горит	0	2021-06-10 06:38:29.391+03	1
35	32	BS-201	0	ALARM=Не горит	0	2021-06-10 06:42:22.134+03	1
36	33	BS-202	0	ALARM=Не горит	0	2021-06-10 06:42:22.134+03	1
37	34	BS-203	0	ALARM=Не горит	0	2021-06-10 06:42:22.134+03	1
38	35	BS-204	0	ALARM=Не горит	0	2021-06-10 06:42:22.134+03	1
39	36	BS-205	0	ALARM=Не горит	0	2021-06-10 06:42:22.134+03	1
40	37	BS-206	0	ALARM=Не горит	0	2021-06-10 06:42:22.134+03	1
41	38	BS-207	0	ALARM=Не горит	0	2021-06-10 06:42:22.134+03	1
42	39	BS-208	0	ALARM=Не горит	0	2021-06-10 06:42:22.134+03	1
43	40	BS-209	0	ALARM=Не горит	0	2021-06-10 06:42:22.134+03	1
44	41	BS-210	0	ALARM=Не горит	0	2021-06-10 06:42:22.134+03	1
45	42	BS-211	0	ALARM=Не горит	0	2021-06-10 06:42:22.134+03	1
46	43	BS-212	0	ALARM=Не горит	0	2021-06-10 06:42:22.134+03	1
47	44	BS-213	0	ALARM=Не горит	0	2021-06-10 06:42:22.134+03	1
48	45	BS-214	0	ALARM=Не горит	0	2021-06-10 06:42:22.134+03	1
49	46	BS-215	0	ALARM=Не горит	0	2021-06-10 06:42:22.134+03	1
50	47	BS-216	0	ALARM=Не горит	0	2021-06-10 06:42:22.134+03	1
51	48	BS-217	0	ALARM=Не горит	0	2021-06-10 06:42:22.134+03	1
52	49	BS-218	0	ALARM=Не горит	0	2021-06-10 06:42:22.134+03	1
53	50	BS-219	0	ALARM=Не горит	0	2021-06-10 06:42:22.134+03	1
54	51	BS-220	0	ALARM=Не горит	0	2021-06-10 06:42:22.134+03	1
55	52	BS-221	0	ALARM=Не горит	0	2021-06-10 06:42:22.134+03	1
56	53	BS-222	0	ALARM=Не горит	0	2021-06-10 06:42:22.134+03	1
57	54	BS-223	0	ALARM=Не горит	0	2021-06-10 06:42:22.134+03	1
58	55	BS-225	0	ALARM=Не горит	0	2021-06-10 06:42:22.134+03	1
\.


--
-- Data for Name: Results; Type: TABLE DATA; Schema: public; Owner: postgres
--

COPY public."Results" ("Id", "Title", "Desc", "Comment", "AlalyzeTimeUtc", "StartTimeUtc", "EndTimeUtc", "UnitId") FROM stdin;
1	Example1 DeltaSim Logs.csv	Example1 DeltaSim Logs.csv		2022-06-27 12:34:03.957956+03	2021-06-10 06:37:35.562+03	2021-06-10 06:43:24.608+03	1
\.


--
-- Data for Name: Section; Type: TABLE DATA; Schema: public; Owner: postgres
--

COPY public."Section" ("Id", "Title", "Level", "Calculation", "ParentSectionId", "AlarmLevel", "AlarmOpacity", "K", "UnitId") FROM stdin;
\.


--
-- Data for Name: SetActiveProjectVersionRequests; Type: TABLE DATA; Schema: public; Owner: postgres
--

COPY public."SetActiveProjectVersionRequests" ("Id", "RequestedActiveProjectVersionId", "RequestUser", "RequestMessage", "ReplyUser", "ReplyMessage", "Status") FROM stdin;
\.


--
-- Data for Name: SimUsers; Type: TABLE DATA; Schema: public; Owner: postgres
--

COPY public."SimUsers" ("Id", "User", "Password", "ProviderName", "ProviderSubjectId", "IsActive", "FirstName", "LastName", "MiddleName", "PersonnelNumber", "OfficeId", "Role") FROM stdin;
1	mngr	mngr1			t	Александр	Пушкин	Сергеевич	27	1	RoleAdmin
\.


--
-- Data for Name: StandardParam; Type: TABLE DATA; Schema: public; Owner: postgres
--

COPY public."StandardParam" ("Id", "ParamName", "Type", "Desc", "BaseActuatorTypeId") FROM stdin;
1	MaxSafeSpeed		Максимально допустимое время срабатывания	2
2	MaxSafeSpeed		Максимально допустимое время срабатывания	3
\.


--
-- Data for Name: SubCause; Type: TABLE DATA; Schema: public; Owner: postgres
--

COPY public."SubCause" ("Id", "Num", "TagName", "TagConditionString", "TagConditionString_SymbolToDisplay", "CustomFieldValues", "CauseId", "_CreateProjectVersionNum", "_DeleteProjectVersionNum", "_IsDeleted", "_LastChangeUser") FROM stdin;
1	0	FR301	PVLowLow	LL	""	1	\N	\N	f	
2	0	FR303	PVLowLow	LL	""	2	\N	\N	f	
3	0	PR207	PVHighHigh	HH	""	3	\N	\N	f	
4	0	PSL205	PVLowLow	LL	""	4	\N	\N	f	
5	0	PDAL206	PVHighHigh	HH	""	5	\N	\N	f	
6	0	TS117	PVHighHigh	HH	""	6	\N	\N	f	
7	0	PSL233	PVLowLow	LL	""	7	\N	\N	f	
8	0	PSL235	PVLowLow	LL	""	8	\N	\N	f	
9	0	TR169	PVHighHigh	HH	""	9	\N	\N	f	
10	0	TIA111	PVHighHigh	HH	""	10	\N	\N	f	
11	0	LRA402	PVHighHigh	HH	""	11	\N	\N	f	
12	0	LRA406	PVLowLow	LL	""	12	\N	\N	f	
13	0	FR331	PVLowLow	LL	""	13	\N	\N	f	
14	0	PSL238	PVLowLow	LL	""	14	\N	\N	f	
15	0	PSL240	PVLowLow	LL	""	15	\N	\N	f	
16	0	PSL242	PVLowLow	LL	""	16	\N	\N	f	
17	0	PSL244	PVLowLow	LL	""	17	\N	\N	f	
18	0	PSL246	PVLowLow	LL	""	18	\N	\N	f	
19	0	TR172	PVHighHigh	HH	""	19	\N	\N	f	
20	0	TR173	PVHighHigh	HH	""	20	\N	\N	f	
21	0	TR174	PVHighHigh	HH	""	21	\N	\N	f	
22	0	TR175	PVHighHigh	HH	""	22	\N	\N	f	
23	0	TR176	PVHighHigh	HH	""	23	\N	\N	f	
24	0	TSH129	PVHighHigh	HH	""	24	\N	\N	f	
25	0	TSH133	PVHighHigh	HH	""	25	\N	\N	f	
26	0	TSH136	PVHighHigh	HH	""	26	\N	\N	f	
27	0	LS414	PVHighHigh	HH	""	27	\N	\N	f	
28	0	LS414	PVLowLow	LL	""	28	\N	\N	f	
29	0	PR269	PVHighHigh	HH	""	29	\N	\N	f	
30	0	LRA417	PVHighHigh	HH	""	30	\N	\N	f	
31	0	FR316	PVLowLow	LL	""	31	\N	\N	f	
32	0	FR317	PVLowLow	LL	""	32	\N	\N	f	
33	0	TR178	PVHighHigh	HH	""	33	\N	\N	f	
34	0	TR179	PVHighHigh	HH	""	34	\N	\N	f	
35	0	LR415	PVLowLow	LL	""	35	\N	\N	f	
36	0	LRA409	PVLowLow	LL	""	36	\N	\N	f	
37	0	LRA411	PVLowLow	LL	""	37	\N	\N	f	
38	0	FR307	PVLowLow	LL	""	38	\N	\N	f	
39	1	TR169	PVHighHigh	HH	2oo2	39	\N	\N	f	
40	2	AI405	PVLowLow	LL	2oo2	39	\N	\N	f	
41	0	BS-226	ALARM=Не горит	H		40	\N	\N	f	
42	0	BS-227	ALARM=Не горит	H		41	\N	\N	f	
43	0	BS-228	ALARM=Не горит	H		42	\N	\N	f	
44	0	BS-229	ALARM=Не горит	H		43	\N	\N	f	
45	0	BS-230	ALARM=Не горит	H		44	\N	\N	f	
46	0	BS-201	ALARM=Не горит	H		45	\N	\N	f	
47	0	BS-202	ALARM=Не горит	H		46	\N	\N	f	
48	0	BS-203	ALARM=Не горит	H		47	\N	\N	f	
49	0	BS-204	ALARM=Не горит	H		48	\N	\N	f	
50	0	BS-205	ALARM=Не горит	H		49	\N	\N	f	
51	0	BS-206	ALARM=Не горит	H		50	\N	\N	f	
52	0	BS-207	ALARM=Не горит	H		51	\N	\N	f	
53	0	BS-208	ALARM=Не горит	H		52	\N	\N	f	
54	0	BS-209	ALARM=Не горит	H		53	\N	\N	f	
55	0	BS-210	ALARM=Не горит	H		54	\N	\N	f	
56	0	BS-211	ALARM=Не горит	H		55	\N	\N	f	
57	0	BS-212	ALARM=Не горит	H		56	\N	\N	f	
58	0	BS-213	ALARM=Не горит	H		57	\N	\N	f	
59	0	BS-214	ALARM=Не горит	H		58	\N	\N	f	
60	0	BS-215	ALARM=Не горит	H		59	\N	\N	f	
61	0	BS-216	ALARM=Не горит	H		60	\N	\N	f	
62	0	BS-217	ALARM=Не горит	H		61	\N	\N	f	
63	0	BS-218	ALARM=Не горит	H		62	\N	\N	f	
64	0	BS-219	ALARM=Не горит	H		63	\N	\N	f	
65	0	BS-220	ALARM=Не горит	H		64	\N	\N	f	
66	0	BS-221	ALARM=Не горит	H		65	\N	\N	f	
67	0	BS-222	ALARM=Не горит	H		66	\N	\N	f	
68	0	BS-223	ALARM=Не горит	H		67	\N	\N	f	
69	0	BS-224	ALARM=Не горит	H		68	\N	\N	f	
70	0	BS-225	ALARM=Не горит	H		69	\N	\N	f	
71	0	2SB-1	ALARM=Не горит	H		70	\N	\N	f	
72	0	2SB-2	ALARM=Не горит	H		71	\N	\N	f	
\.


--
-- Data for Name: SubCauseResult; Type: TABLE DATA; Schema: public; Owner: postgres
--

COPY public."SubCauseResult" ("Id", "Num", "TagName", "TagConditionString", "TagConditionString_SymbolToDisplay", "CustomFieldValues", "TriggeredTimeUtc", "CauseResultId") FROM stdin;
1	0	FR301	PVLowLow	LL	""	2021-06-10 06:38:29.391+03	1
2	0	FR303	PVLowLow	LL	""	2021-06-10 06:43:24.608+03	2
3	0	PR207	PVHighHigh	HH	""	\N	3
4	0	PSL205	PVLowLow	LL	""	2021-06-10 06:43:24.004+03	4
5	0	PDAL206	PVHighHigh	HH	""	\N	5
6	0	TS117	PVHighHigh	HH	""	\N	6
7	0	PSL233	PVLowLow	LL	""	\N	7
8	0	PSL235	PVLowLow	LL	""	\N	8
9	0	TR169	PVHighHigh	HH	""	2021-06-10 06:38:28.42+03	9
10	0	TIA111	PVHighHigh	HH	""	\N	10
11	0	LRA402	PVHighHigh	HH	""	\N	11
12	0	LRA406	PVLowLow	LL	""	\N	12
13	0	FR331	PVLowLow	LL	""	\N	13
14	0	PSL238	PVLowLow	LL	""	\N	14
15	0	PSL240	PVLowLow	LL	""	\N	15
16	0	PSL242	PVLowLow	LL	""	\N	16
17	0	PSL244	PVLowLow	LL	""	\N	17
18	0	PSL246	PVLowLow	LL	""	\N	18
19	0	TR172	PVHighHigh	HH	""	\N	19
20	0	TR173	PVHighHigh	HH	""	\N	20
21	0	TR174	PVHighHigh	HH	""	\N	21
22	0	TR175	PVHighHigh	HH	""	\N	22
23	0	TR176	PVHighHigh	HH	""	\N	23
24	0	TSH129	PVHighHigh	HH	""	\N	24
25	0	TSH133	PVHighHigh	HH	""	\N	25
26	0	TSH136	PVHighHigh	HH	""	2021-06-10 06:41:48.98+03	26
27	0	LS414	PVHighHigh	HH	""	\N	27
28	0	LS414	PVLowLow	LL	""	\N	28
29	0	PR269	PVHighHigh	HH	""	\N	29
30	0	LRA417	PVHighHigh	HH	""	\N	30
31	0	FR316	PVLowLow	LL	""	\N	31
32	0	FR317	PVLowLow	LL	""	\N	32
33	0	TR178	PVHighHigh	HH	""	\N	33
34	0	TR179	PVHighHigh	HH	""	\N	34
35	0	LR415	PVLowLow	LL	""	\N	35
36	0	LRA409	PVLowLow	LL	""	\N	36
37	0	LRA411	PVLowLow	LL	""	\N	37
38	0	FR307	PVLowLow	LL	""	2021-06-10 06:40:01.51+03	38
39	1	TR169	PVHighHigh	HH	2oo2	2021-06-10 06:38:28.42+03	39
40	2	AI405	PVLowLow	LL	2oo2	2021-06-10 06:37:35.562+03	39
41	0	BS-226	ALARM=Не горит	H		2021-06-10 06:38:29.391+03	40
42	0	BS-227	ALARM=Не горит	H		2021-06-10 06:38:29.391+03	41
43	0	BS-228	ALARM=Не горит	H		2021-06-10 06:38:29.391+03	42
44	0	BS-229	ALARM=Не горит	H		2021-06-10 06:38:29.391+03	43
45	0	BS-230	ALARM=Не горит	H		2021-06-10 06:38:29.391+03	44
46	0	BS-201	ALARM=Не горит	H		2021-06-10 06:42:22.134+03	45
47	0	BS-202	ALARM=Не горит	H		2021-06-10 06:42:22.134+03	46
48	0	BS-203	ALARM=Не горит	H		2021-06-10 06:42:22.134+03	47
49	0	BS-204	ALARM=Не горит	H		2021-06-10 06:42:22.134+03	48
50	0	BS-205	ALARM=Не горит	H		2021-06-10 06:42:22.134+03	49
51	0	BS-206	ALARM=Не горит	H		2021-06-10 06:42:22.134+03	50
52	0	BS-207	ALARM=Не горит	H		2021-06-10 06:42:22.134+03	51
53	0	BS-208	ALARM=Не горит	H		2021-06-10 06:42:22.134+03	52
54	0	BS-209	ALARM=Не горит	H		2021-06-10 06:42:22.134+03	53
55	0	BS-210	ALARM=Не горит	H		2021-06-10 06:42:22.134+03	54
56	0	BS-211	ALARM=Не горит	H		2021-06-10 06:42:22.134+03	55
57	0	BS-212	ALARM=Не горит	H		2021-06-10 06:42:22.134+03	56
58	0	BS-213	ALARM=Не горит	H		2021-06-10 06:42:22.134+03	57
59	0	BS-214	ALARM=Не горит	H		2021-06-10 06:42:22.134+03	58
60	0	BS-215	ALARM=Не горит	H		2021-06-10 06:42:22.134+03	59
61	0	BS-216	ALARM=Не горит	H		2021-06-10 06:42:22.134+03	60
62	0	BS-217	ALARM=Не горит	H		2021-06-10 06:42:22.134+03	61
63	0	BS-218	ALARM=Не горит	H		2021-06-10 06:42:22.134+03	62
64	0	BS-219	ALARM=Не горит	H		2021-06-10 06:42:22.134+03	63
65	0	BS-220	ALARM=Не горит	H		2021-06-10 06:42:22.134+03	64
66	0	BS-221	ALARM=Не горит	H		2021-06-10 06:42:22.134+03	65
67	0	BS-222	ALARM=Не горит	H		2021-06-10 06:42:22.134+03	66
68	0	BS-223	ALARM=Не горит	H		2021-06-10 06:42:22.134+03	67
69	0	BS-224	ALARM=Не горит	H		\N	68
70	0	BS-225	ALARM=Не горит	H		2021-06-10 06:42:22.134+03	69
71	0	2SB-1	ALARM=Не горит	H		\N	70
72	0	2SB-2	ALARM=Не горит	H		\N	71
\.


--
-- Data for Name: TagCondition; Type: TABLE DATA; Schema: public; Owner: postgres
--

COPY public."TagCondition" ("Id", "Identifier", "MathOperator", "Value", "SymbolToDisplay", "CanBeCause", "CanBeEffect", "TagId", "_CreateProjectVersionNum", "_DeleteProjectVersionNum", "_IsDeleted", "_LastChangeUser") FROM stdin;
1	ALARM		ВЫКЛ		t	t	1	\N	\N	f	
2	ALARM		ВЫКЛ		t	t	2	\N	\N	f	
67	PVHigh				t	t	67	\N	\N	f	
68	PVHighHigh				t	t	67	\N	\N	f	
70	PVLow				t	t	68	\N	\N	f	
72	PVLow				t	t	69	\N	\N	f	
74	PVLow				t	t	70	\N	\N	f	
76	PVLow				t	t	71	\N	\N	f	
78	PVLow				t	t	72	\N	\N	f	
80	PVLow				t	t	73	\N	\N	f	
81	PVLow				t	t	74	\N	\N	f	
82	PVHigh				t	t	74	\N	\N	f	
83	PVLow				t	t	75	\N	\N	f	
84	PVHigh				t	t	75	\N	\N	f	
86	PVLow				t	t	76	\N	\N	f	
87	PVHigh				t	t	76	\N	\N	f	
88	PVHigh				t	t	77	\N	\N	f	
89	PVHighHigh				t	t	77	\N	\N	f	
90	PVLow				t	t	78	\N	\N	f	
91	PVHigh				t	t	78	\N	\N	f	
93	PVLow				t	t	79	\N	\N	f	
94	PVHigh				t	t	79	\N	\N	f	
95	PVLow				t	t	80	\N	\N	f	
96	PVHigh				t	t	80	\N	\N	f	
98	PVLow				t	t	81	\N	\N	f	
99	PVHigh				t	t	81	\N	\N	f	
100	PVLow				t	t	82	\N	\N	f	
101	PVHigh				t	t	82	\N	\N	f	
102	PVLow				t	t	83	\N	\N	f	
103	PVHigh				t	t	83	\N	\N	f	
105	PVLow				t	t	84	\N	\N	f	
106	PVHigh				t	t	84	\N	\N	f	
107	PVLow				t	t	85	\N	\N	f	
108	PVHigh				t	t	85	\N	\N	f	
110	PVLow				t	t	86	\N	\N	f	
111	PVHigh				t	t	86	\N	\N	f	
112	PVLow				t	t	87	\N	\N	f	
113	PVHigh				t	t	88	\N	\N	f	
116	PVLow				t	t	89	\N	\N	f	
117	PVHigh				t	t	89	\N	\N	f	
119	PVHigh				t	t	90	\N	\N	f	
3	ALARM		Не горит	H	t	t	3	\N	\N	f	
4	ALARM		Не горит	H	t	t	4	\N	\N	f	
5	ALARM		Не горит	H	t	t	5	\N	\N	f	
6	ALARM		Не горит	H	t	t	6	\N	\N	f	
7	ALARM		Не горит	H	t	t	7	\N	\N	f	
8	ALARM		Не горит	H	t	t	8	\N	\N	f	
9	ALARM		Не горит	H	t	t	9	\N	\N	f	
10	ALARM		Не горит	H	t	t	10	\N	\N	f	
11	ALARM		Не горит	H	t	t	11	\N	\N	f	
12	ALARM		Не горит	H	t	t	12	\N	\N	f	
13	ALARM		Не горит	H	t	t	13	\N	\N	f	
14	ALARM		Не горит	H	t	t	14	\N	\N	f	
15	ALARM		Не горит	H	t	t	15	\N	\N	f	
16	ALARM		Не горит	H	t	t	16	\N	\N	f	
17	ALARM		Не горит	H	t	t	17	\N	\N	f	
18	ALARM		Не горит	H	t	t	18	\N	\N	f	
19	ALARM		Не горит	H	t	t	19	\N	\N	f	
20	ALARM		Не горит	H	t	t	20	\N	\N	f	
21	ALARM		Не горит	H	t	t	21	\N	\N	f	
22	ALARM		Не горит	H	t	t	22	\N	\N	f	
23	ALARM		Не горит	H	t	t	23	\N	\N	f	
24	ALARM		Не горит	H	t	t	24	\N	\N	f	
25	ALARM		Не горит	H	t	t	25	\N	\N	f	
26	ALARM		Не горит	H	t	t	26	\N	\N	f	
27	ALARM		Не горит	H	t	t	27	\N	\N	f	
28	ALARM		Не горит	H	t	t	28	\N	\N	f	
29	ALARM		Не горит	H	t	t	29	\N	\N	f	
30	ALARM		Не горит	H	t	t	30	\N	\N	f	
31	ALARM		Не горит	H	t	t	31	\N	\N	f	
32	ALARM		Не горит	H	t	t	32	\N	\N	f	
33	ALARM		Не горит	H	t	t	33	\N	\N	f	
34	ALARM		Не горит	H	t	t	34	\N	\N	f	
121	PVHigh				t	t	91	\N	\N	f	
122	PVHigh				t	t	92	\N	\N	f	
123	PVHigh				t	t	93	\N	\N	f	
124	PVHigh				t	t	94	\N	\N	f	
125	PVHigh				t	t	95	\N	\N	f	
126	PVHigh				t	t	96	\N	\N	f	
127	PVHigh				t	t	97	\N	\N	f	
129	PVHigh				t	t	98	\N	\N	f	
130	PVHigh				t	t	99	\N	\N	f	
131	PVHigh				t	t	100	\N	\N	f	
132	PVLow				t	t	101	\N	\N	f	
133	PVLow				t	t	102	\N	\N	f	
134	PVLow				t	t	103	\N	\N	f	
135	PVLow				t	t	104	\N	\N	f	
136	PVLow				t	t	105	\N	\N	f	
137	PVHigh				t	t	105	\N	\N	f	
138	PVLow				t	t	106	\N	\N	f	
139	PVLow				t	t	107	\N	\N	f	
140	PVLow				t	t	108	\N	\N	f	
141	PVLow				t	t	109	\N	\N	f	
142	PVLow				t	t	110	\N	\N	f	
143	PVLow				t	t	111	\N	\N	f	
144	PVLow				t	t	112	\N	\N	f	
145	PVLow				t	t	113	\N	\N	f	
146	PVLow				t	t	114	\N	\N	f	
147	PVLowLow				t	t	115	\N	\N	f	
148	PVLow				t	t	115	\N	\N	f	
149	PVHigh				t	t	116	\N	\N	f	
152	PVLow				t	t	117	\N	\N	f	
154	PVLow				t	t	118	\N	\N	f	
156	PVLow				t	t	119	\N	\N	f	
162	PVHigh				t	t	125	\N	\N	f	
164	PVHigh				t	t	126	\N	\N	f	
165	PVHigh				t	t	127	\N	\N	f	
166	PVHigh				t	t	128	\N	\N	f	
167	PVHigh				t	t	129	\N	\N	f	
168	PVHigh				t	t	130	\N	\N	f	
170	PVHigh				t	t	131	\N	\N	f	
172	PVHigh				t	t	132	\N	\N	f	
174	PVHigh				t	t	133	\N	\N	f	
176	PVHigh				t	t	134	\N	\N	f	
178	PVHigh				t	t	135	\N	\N	f	
180	PVHigh				t	t	136	\N	\N	f	
182	PVHigh				t	t	137	\N	\N	f	
184	PVHigh				t	t	138	\N	\N	f	
185	PVHigh				t	t	139	\N	\N	f	
186	PVHighHigh				t	t	139	\N	\N	f	
187	PVHigh				t	t	140	\N	\N	f	
189	PVHigh				t	t	141	\N	\N	f	
191	PVHigh				t	t	142	\N	\N	f	
193	PVHigh				t	t	143	\N	\N	f	
196	PVLow				t	t	144	\N	\N	f	
35	ALARM		ОТКР	O	t	t	35	\N	\N	f	
36	ALARM		ОТКР	O	t	t	36	\N	\N	f	
37	ALARM		ОТКР	O	t	t	37	\N	\N	f	
38	ALARM		ВЫКЛ	S	t	t	38	\N	\N	f	
39	ALARM		ВЫКЛ	S	t	t	39	\N	\N	f	
40	ALARM		ВЫКЛ	S	t	t	40	\N	\N	f	
41	ALARM		ВЫКЛ	S	t	t	41	\N	\N	f	
42	ALARM		ВЫКЛ	S	t	t	42	\N	\N	f	
43	ALARM		ВЫКЛ	S	t	t	43	\N	\N	f	
44	ALARM		ВЫКЛ	S	t	t	44	\N	\N	f	
45	ALARM		ВЫКЛ	S	t	t	45	\N	\N	f	
46	ALARM		ВЫКЛ	S	t	t	46	\N	\N	f	
47	ALARM		ВЫКЛ	S	t	t	47	\N	\N	f	
48	ALARM		ВЫКЛ	S	t	t	48	\N	\N	f	
49	ALARM		ВЫКЛ	S	t	t	49	\N	\N	f	
50	ALARM		ВЫКЛ	S	t	t	50	\N	\N	f	
51	ALARM		ВЫКЛ	S	t	t	51	\N	\N	f	
52	ALARM		ЗАКР	C	t	t	52	\N	\N	f	
53	ALARM		ЗАКР	C	t	t	53	\N	\N	f	
54	ALARM		ЗАКР	C	t	t	54	\N	\N	f	
55	ALARM		ЗАКР	C	t	t	55	\N	\N	f	
56	ALARM		ЗАКР	C	t	t	56	\N	\N	f	
57	ALARM		ЗАКР	C	t	t	57	\N	\N	f	
58	ALARM		ЗАКР	C	t	t	58	\N	\N	f	
59	ALARM		ЗАКР	C	t	t	59	\N	\N	f	
60	ALARM		ЗАКР	C	t	t	60	\N	\N	f	
61	ALARM		ЗАКР	C	t	t	61	\N	\N	f	
62	ALARM		ЗАКР	C	t	t	62	\N	\N	f	
63	ALARM		ЗАКР	C	t	t	63	\N	\N	f	
64	ALARM		ЗАКР	C	t	t	64	\N	\N	f	
65	ALARM		ЗАКР	C	t	t	65	\N	\N	f	
66	ALARM		ЗАКР	C	t	t	66	\N	\N	f	
69	PVLowLow			LL	t	t	68	\N	\N	f	
71	PVLowLow			LL	t	t	69	\N	\N	f	
73	PVLowLow			LL	t	t	70	\N	\N	f	
75	PVLowLow			LL	t	t	71	\N	\N	f	
77	PVLowLow			LL	t	t	72	\N	\N	f	
79	PVLowLow			LL	t	t	73	\N	\N	f	
85	PVLowLow			LL	t	t	76	\N	\N	f	
92	PVHighHigh			HH	t	t	78	\N	\N	f	
97	PVLowLow			LL	t	t	81	\N	\N	f	
104	PVLowLow			LL	t	t	84	\N	\N	f	
109	PVLowLow			LL	t	t	86	\N	\N	f	
114	PVHighHigh			HH	t	t	88	\N	\N	f	
115	PVLowLow			LL	t	t	89	\N	\N	f	
118	PVHighHigh			HH	t	t	89	\N	\N	f	
120	PVHighHigh			HH	t	t	90	\N	\N	f	
128	PVHighHigh			HH	t	t	97	\N	\N	f	
150	PVHighHigh			HH	t	t	116	\N	\N	f	
151	PVLowLow			LL	t	t	117	\N	\N	f	
153	PVLowLow			LL	t	t	118	\N	\N	f	
155	PVLowLow			LL	t	t	119	\N	\N	f	
157	PVLowLow			LL	t	t	120	\N	\N	f	
158	PVLowLow			LL	t	t	121	\N	\N	f	
159	PVLowLow			LL	t	t	122	\N	\N	f	
160	PVLowLow			LL	t	t	123	\N	\N	f	
161	PVLowLow			LL	t	t	124	\N	\N	f	
163	PVHighHigh			HH	t	t	125	\N	\N	f	
169	PVHighHigh			HH	t	t	130	\N	\N	f	
171	PVHighHigh			HH	t	t	131	\N	\N	f	
173	PVHighHigh			HH	t	t	132	\N	\N	f	
175	PVHighHigh			HH	t	t	133	\N	\N	f	
177	PVHighHigh			HH	t	t	134	\N	\N	f	
179	PVHighHigh			HH	t	t	135	\N	\N	f	
181	PVHighHigh			HH	t	t	136	\N	\N	f	
183	PVHighHigh			HH	t	t	137	\N	\N	f	
188	PVHighHigh			HH	t	t	140	\N	\N	f	
190	PVHighHigh			HH	t	t	141	\N	\N	f	
192	PVHighHigh			HH	t	t	142	\N	\N	f	
194	PVHighHigh			HH	t	t	143	\N	\N	f	
195	PVLowLow			LL	t	t	144	\N	\N	f	
\.


--
-- Data for Name: TagConditionElementNames; Type: TABLE DATA; Schema: public; Owner: postgres
--

COPY public."TagConditionElementNames" ("Id", "Identifier", "Type", "Desc") FROM stdin;
1	PVHighHigh	Alarm	Параметр: PV, сигнализация: High High
2	PVHigh	Alarm	Параметр: PV, сигнализация: High
3	PVLow	Alarm	Параметр: PV, сигнализация: Low
4	PVLowLow	Alarm	Параметр: PV, сигнализация: Low Low
5	ALARM	Alarm	Сигнализация дискретного параметра
\.


--
-- Data for Name: TagEvent; Type: TABLE DATA; Schema: public; Owner: postgres
--

COPY public."TagEvent" ("Id", "EventTimeUtc", "Value", "TagId") FROM stdin;
1	2021-06-10 06:38:28.897+03	SuccessTriggered	35
2	2021-06-10 06:40:25.58+03	LateTriggered	44
3	2021-06-10 06:43:24.41+03	SuccessTriggered	49
4	2021-06-10 06:42:19.138+03	FaultTriggered	53
5	2021-06-10 06:42:19.138+03	FaultTriggered	53
6	2021-06-10 06:41:50.987+03	LateTriggered	54
7	2021-06-10 06:41:50.987+03	LateTriggered	54
8	2021-06-10 06:41:50.987+03	LateTriggered	55
9	2021-06-10 06:41:50.987+03	LateTriggered	55
10	2021-06-10 06:41:50.987+03	LateTriggered	56
11	2021-06-10 06:41:50.987+03	LateTriggered	56
12	2021-06-10 06:38:28.897+03	SuccessTriggered	57
13	2021-06-10 06:38:28.897+03	SuccessTriggered	57
14	2021-06-10 06:38:28.897+03	SuccessTriggered	58
15	2021-06-10 06:38:28.897+03	SuccessTriggered	58
16	2021-06-10 06:38:28.898+03	SuccessTriggered	59
17	2021-06-10 06:38:28.898+03	SuccessTriggered	59
18	2021-06-10 06:38:28.898+03	SuccessTriggered	60
19	2021-06-10 06:38:28.898+03	SuccessTriggered	60
20	2021-06-10 06:38:28.898+03	SuccessTriggered	65
21	2021-06-10 06:40:25.58+03	LateTriggered	66
\.


--
-- Data for Name: TagParam; Type: TABLE DATA; Schema: public; Owner: postgres
--

COPY public."TagParam" ("Id", "TagId", "_CreateProjectVersionNum", "_DeleteProjectVersionNum", "_IsDeleted", "_LastChangeUser", "ParamName", "Value", "Eu", "Type", "Desc") FROM stdin;
\.


--
-- Data for Name: Tags; Type: TABLE DATA; Schema: public; Owner: postgres
--

COPY public."Tags" ("Id", "TagName", "Type", "Desc", "_LockedByUser", "BaseActuatorId", "ProjectId", "_CreateProjectVersionNum", "_DeleteProjectVersionNum", "_IsDeleted", "_LastChangeUser") FROM stdin;
1	E_EP1_PumpState		Состояние насоса		1	2	\N	\N	f	
2	E_EP2_PumpState		Состояние насоса		1	2	\N	\N	f	
3	2SB-1		Датчик погас пламени  П-2		1	2	\N	\N	f	
4	2SB-2		Датчик погас пламени  П-2		1	2	\N	\N	f	
5	BS-201		Датчик погас пламени  П-1/1		1	2	\N	\N	f	
6	BS-202		Датчик погас пламени  П-1/1		1	2	\N	\N	f	
7	BS-203		Датчик погас пламени  П-1/1		1	2	\N	\N	f	
8	BS-204		Датчик погас пламени  П-1/1		1	2	\N	\N	f	
9	BS-205		Датчик погас пламени  П-1/1		1	2	\N	\N	f	
10	BS-206		Датчик погас пламени  П-1/2		1	2	\N	\N	f	
11	BS-207		Датчик погас пламени  П-1/2		1	2	\N	\N	f	
12	BS-208		Датчик погас пламени  П-1/2		1	2	\N	\N	f	
13	BS-209		Датчик погас пламени  П-1/2		1	2	\N	\N	f	
14	BS-210		Датчик погас пламени  П-1/2		1	2	\N	\N	f	
15	BS-211		Датчик погас пламени  П-1/3		1	2	\N	\N	f	
16	BS-212		Датчик погас пламени  П-1/3		1	2	\N	\N	f	
17	BS-213		Датчик погас пламени  П-1/3		1	2	\N	\N	f	
18	BS-214		Датчик погас пламени  П-1/3		1	2	\N	\N	f	
19	BS-215		Датчик погас пламени  П-1/3		1	2	\N	\N	f	
20	BS-216		Датчик погас пламени  П-1/4		1	2	\N	\N	f	
21	BS-217		Датчик погас пламени  П-1/4		1	2	\N	\N	f	
22	BS-218		Датчик погас пламени  П-1/4		1	2	\N	\N	f	
23	BS-219		Датчик погас пламени  П-1/4		1	2	\N	\N	f	
24	BS-220		Датчик погас пламени  П-1/4		1	2	\N	\N	f	
25	BS-221		Датчик погас пламени  П-1/5		1	2	\N	\N	f	
26	BS-222		Датчик погас пламени  П-1/5		1	2	\N	\N	f	
27	BS-223		Датчик погас пламени  П-1/5		1	2	\N	\N	f	
28	BS-224		Датчик погас пламени  П-1/5		1	2	\N	\N	f	
29	BS-225		Датчик погас пламени  П-1/5		1	2	\N	\N	f	
30	BS-226		Датчик погас пламени  П-201		1	2	\N	\N	f	
31	BS-227		Датчик погас пламени  П-201		1	2	\N	\N	f	
32	BS-228		Датчик погас пламени  П-201		1	2	\N	\N	f	
33	BS-229		Датчик погас пламени  П-201		1	2	\N	\N	f	
34	BS-230		Датчик погас пламени  П-201		1	2	\N	\N	f	
35	EUV201		Пар в камеру П-201		1	2	\N	\N	f	
36	EUV202		Пар в камеру  П-1		1	2	\N	\N	f	
37	EUV203		Пар в камеру  П-2		1	2	\N	\N	f	
38	H-1		Центробежный насос подачи сырья		1	2	\N	\N	f	
39	H-15		Насос циркулирующего продукта К-7		1	2	\N	\N	f	
40	H-16		Насос циркулирующего продукта К-7		1	2	\N	\N	f	
41	H-18		Центробежный насос подачи флегмы К-7		1	2	\N	\N	f	
42	H-19		Центробежный насос подачи флегмы К-7		1	2	\N	\N	f	
43	H-2		Центробежный насос подачи сырья		1	2	\N	\N	f	
44	H-3		Центробежный насос подачи гидрогенизата		1	2	\N	\N	f	
45	H-34		Насос дренирования из Е-8		1	2	\N	\N	f	
46	H-4		Центробежный насос подачи гидрогенизата		1	2	\N	\N	f	
47	H-8		Центробежный насос подачи флегмы К-1		1	2	\N	\N	f	
48	H-9		Центробежный насос подачи флегмы К-1		1	2	\N	\N	f	
49	ПК-1		Циркуляционный газовый компрессор гидроочистки		1	2	\N	\N	f	
50	ПК-2		Циркуляционный газовый компрессор гидроочистки		1	2	\N	\N	f	
51	TK601		Компрессор ТК601		1	2	\N	\N	f	
52	UV-202		Топ газ к П-2		1	2	\N	\N	f	
53	UV-207		Топ  газ к П-1		1	2	\N	\N	f	
54	UV-208		Топ  газ		1	2	\N	\N	f	
55	UV-209		Прямой мазут П-1		1	2	\N	\N	f	
56	UV-210		Обратный  мазут с  П-1		1	2	\N	\N	f	
57	UV-211		Топ газ к  П-201		1	2	\N	\N	f	
58	UV-212		Пилот топ  газ к П-201		1	2	\N	\N	f	
59	UV-213		Обратный  мазут с  П-201		1	2	\N	\N	f	
60	UV-214		Прямой мазут П-201		1	2	\N	\N	f	
61	UV-215		Прямой мазут П-2		1	2	\N	\N	f	
62	UV-216		Обратный  мазут от П-2		1	2	\N	\N	f	
63	XV1		Мазут в Е-10		1	2	\N	\N	f	
64	XV2		Мазут из Е-10		1	2	\N	\N	f	
65	Э-1		Электрозадвижка на нагнетании сырьевых насосов Н-1		1	2	\N	\N	f	
66	Э-2		Электрозадвижка на нагнетании сырьевых насосов Н-3		1	2	\N	\N	f	
67	PI_D1		Плотность продукта в Р-1		1	2	\N	\N	f	
68	FR301		Расход сырья на гидроочистку		1	2	\N	\N	f	
69	FR303		Расход ВСГ на гидроочистку		1	2	\N	\N	f	
70	FR307		Расход стаб гидрогенизата на риформинг		1	2	\N	\N	f	
71	FR316		Циркуляция стабильного гидрогенизата через П-2 (восток)		1	2	\N	\N	f	
72	FR317		Циркуляция стабильного гидрогенизата через П-2 (запад)		1	2	\N	\N	f	
73	FR331		Расход ВСГ на риформинг		1	2	\N	\N	f	
74	LR401		Уровень в С-1		1	2	\N	\N	f	
75	LR413		Уровень мазута в Е-10		1	2	\N	\N	f	
76	LR415		Уровень в Е-8		1	2	\N	\N	f	
77	LR416		Уровень в Е-5		1	2	\N	\N	f	
78	LRA402		Уровень ВСГ в С-10		1	2	\N	\N	f	
79	LRA403		Уровень ГПС в Т-3		1	2	\N	\N	f	
80	LRA404		Уровень ГПС в Т-3А		1	2	\N	\N	f	
81	LRA406		Уровень рефлюкса в С-2		1	2	\N	\N	f	
82	LRA407		Уровень в С-7		1	2	\N	\N	f	
83	LRA408		Уровень в С-8		1	2	\N	\N	f	
84	LRA409		Уровень рефлюкса в Е-7		1	2	\N	\N	f	
85	LRA410		Уровень конденсата в Е-7		1	2	\N	\N	f	
86	LRA411		Уровень стаб катализата в К-7		1	2	\N	\N	f	
87	LRA412		Уровень хлорорганики в Е-1		1	2	\N	\N	f	
88	LRA417		Уровень в С-9		1	2	\N	\N	f	
89	LS414		Уровень мазута в Е-10		1	2	\N	\N	f	
90	PDAL206		Перепад давления приема и выкида компрессора ПК-1,2		1	2	\N	\N	f	
91	PDR203		Перепад  газопродуктовой смеси в Р-1		1	2	\N	\N	f	
92	PDR212		Перепад  газопродуктовой смеси в Р-2		1	2	\N	\N	f	
93	PDR213		Перепад  газопродуктовой смеси в Р-3		1	2	\N	\N	f	
94	PDR214		Перепад  газопродуктовой смеси в Р-4/1		1	2	\N	\N	f	
95	PDR215		Перепад  газопродуктовой смеси в Р-4/2		1	2	\N	\N	f	
96	PR201		Давление сырья на ГО		1	2	\N	\N	f	
97	PR207		Давление на выкиде ПК-1,2		1	2	\N	\N	f	
98	PR209		Давление в К-1		1	2	\N	\N	f	
99	PR223		Давление в С-8		1	2	\N	\N	f	
100	PR225		Давление в К-7		1	2	\N	\N	f	
101	PR226		Давление циркуляции  П-2 западная сторона		1	2	\N	\N	f	
102	PR227		Давление циркуляции  П-2 восточная сторона		1	2	\N	\N	f	
103	PR230		Давление топливного газа на установку		1	2	\N	\N	f	
104	PR232		Давление  пилотного газа на П-1		1	2	\N	\N	f	
105	PR234		Давление топливный газ основной на П-201		1	2	\N	\N	f	
106	PR236		Давление топливный газ основной на П-1		1	2	\N	\N	f	
107	PR237		Давление топливный газ основной на П-1/1		1	2	\N	\N	f	
108	PR239		Давление топливный газ на П-1/2		1	2	\N	\N	f	
109	PR241		Давление топливного газа на П-1/3		1	2	\N	\N	f	
110	PR243		Давление топливный газ основной на П-1/4		1	2	\N	\N	f	
111	PR245		Давление топливный газ основной на П-1/5		1	2	\N	\N	f	
112	PR247		Давление топ, газа на П-2 западная сторона		1	2	\N	\N	f	
113	PR248		Давление  топ, газа на П-2 восточная сторона		1	2	\N	\N	f	
114	PR282		Давление прямого мазута из Е-10		1	2	\N	\N	f	
115	PRA245		Давление мазута		1	2	\N	\N	f	
116	PR269		Давление перед Д-1,2		1	2	\N	\N	f	
117	PSL205		 Давление ВСГ на приеме ПК-1,2		1	2	\N	\N	f	
118	PSL233		Давление  пилотного газа на П-1, П-201		1	2	\N	\N	f	
119	PSL235		Давление топливного газа на основные горелки П-201		1	2	\N	\N	f	
120	PSL238		Давление топливный газ основной на П-1/1		1	2	\N	\N	f	
121	PSL240		Давление топливный газ основной наП-1/2		1	2	\N	\N	f	
122	PSL242		Давление топливный газ основной на П-1/3		1	2	\N	\N	f	
123	PSL244		Давление топливный газ основной на П-1/4		1	2	\N	\N	f	
124	PSL246		Давление топливный газ основной на П-1/5		1	2	\N	\N	f	
125	TIA111		Температура ГПС из П-201 в Р-1		1	2	\N	\N	f	
126	TR158		Металл рекуператора		1	2	\N	\N	f	
127	TR159		Металл рекуператора		1	2	\N	\N	f	
128	TR160		Температура горячего воздуха к печи П-1		1	2	\N	\N	f	
129	TR168		Температура дымовых газов на всасе Д-2		1	2	\N	\N	f	
130	TR169		Температура перевала П-201		1	2	\N	\N	f	
131	TR172		Температура продуктов сгорания П-1/5		1	2	\N	\N	f	
132	TR173		Температура продуктов сгорания П-1/4		1	2	\N	\N	f	
133	TR174		Температура продуктов сгорания П-1/3		1	2	\N	\N	f	
134	TR175		Температура продуктов сгорания П-1/2		1	2	\N	\N	f	
135	TR176		Температура продуктов сгорания  П-1/1		1	2	\N	\N	f	
136	TR178		Температура перевалов П-2 (вост сторона)		1	2	\N	\N	f	
137	TR179		Температура перевалов П-2 (запад  сторона)		1	2	\N	\N	f	
138	TR186		Температура из П-2 в К-7		1	2	\N	\N	f	
139	TR190		Температура в Е-8		1	2	\N	\N	f	
140	TS117		Температура цирк-го газа на выкиде ПК-1,2		1	2	\N	\N	f	
141	TSH129		Температура на входе в Р-2		1	2	\N	\N	f	
142	TSH133		Температура на входе в Р-3		1	2	\N	\N	f	
143	TSH136		Температура на входе в Р-4/1,2		1	2	\N	\N	f	
144	AI405		Содержание О2 в дымовых газах печей П-201		1	2	\N	\N	f	
\.


--
-- Data for Name: UnitEvents; Type: TABLE DATA; Schema: public; Owner: postgres
--

COPY public."UnitEvents" ("Id", "EventTimeUtc", "TagName", "TagConditionString", "ConditionIsActive", "EventSource", "OriginalEvent", "UnitEventsIntervalId") FROM stdin;
1	2021-06-10 06:37:35.562+03		AI405.Low	t			1
2	2021-06-10 06:37:35.562+03		AI405.PVLowLow	t			1
3	2021-06-10 06:38:22.52+03		TR169.High	t			1
4	2021-06-10 06:38:28.42+03		TR169.PVHighHigh	t			1
5	2021-06-10 06:38:28.897+03		EUV201.ALARM=ОТКР	t			1
6	2021-06-10 06:38:28.897+03		UV-211.ALARM=ЗАКР	t			1
7	2021-06-10 06:38:28.897+03		UV-212.ALARM=ЗАКР	t			1
8	2021-06-10 06:38:28.898+03		UV-213.ALARM=ЗАКР	t			1
9	2021-06-10 06:38:28.898+03		UV-214.ALARM=ЗАКР	t			1
10	2021-06-10 06:38:28.898+03		Э-1.ALARM=ЗАКР	t			1
11	2021-06-10 06:38:29.146+03		FR301.Low	t			1
12	2021-06-10 06:38:29.146+03		PR201.High	t			1
13	2021-06-10 06:38:29.391+03		FR301.PVLowLow	t			1
14	2021-06-10 06:38:29.391+03		PSL235.Low	t			1
15	2021-06-10 06:38:29.391+03		TR169.PVHighHigh	f			1
16	2021-06-10 06:38:29.391+03		TR169.High	f			1
17	2021-06-10 06:38:29.391+03		BS-230.ALARM=Не горит	t			1
18	2021-06-10 06:38:29.391+03		BS-229.ALARM=Не горит	t			1
19	2021-06-10 06:38:29.391+03		BS-228.ALARM=Не горит	t			1
20	2021-06-10 06:38:29.391+03		BS-227.ALARM=Не горит	t			1
21	2021-06-10 06:38:29.391+03		BS-226.ALARM=Не горит	t			1
22	2021-06-10 06:38:29.607+03		AI405.PVLowLow	f			1
23	2021-06-10 06:38:29.607+03		AI405.Low	f			1
24	2021-06-10 06:39:03.853+03		PSL205.Low	t			1
25	2021-06-10 06:39:19.297+03		LRA403.Low	t			1
26	2021-06-10 06:39:19.297+03		LRA404.Low	t			1
27	2021-06-10 06:40:01.188+03		FR307.Low	t			1
28	2021-06-10 06:40:01.51+03		FR307.PVLowLow	t			1
29	2021-06-10 06:40:25.58+03		H-3.ALARM=ВЫКЛ	t			1
30	2021-06-10 06:40:25.58+03		Э-2.ALARM=ЗАКР	t			1
31	2021-06-10 06:41:02.589+03		TSH136.High	t			1
32	2021-06-10 06:41:17.643+03		TSH133.High	t			1
33	2021-06-10 06:41:43.094+03		TSH129.High	t			1
34	2021-06-10 06:41:48.98+03		TSH136.PVHighHigh	t			1
35	2021-06-10 06:41:50.987+03		UV-208.ALARM=ЗАКР	t			1
36	2021-06-10 06:41:50.987+03		UV-209.ALARM=ЗАКР	t			1
37	2021-06-10 06:41:50.987+03		UV-210.ALARM=ЗАКР	t			1
38	2021-06-10 06:42:03.008+03		PR236.Low	t			1
39	2021-06-10 06:42:03.008+03		PR237.Low	t			1
40	2021-06-10 06:42:03.008+03		PR239.Low	t			1
41	2021-06-10 06:42:03.008+03		PR241.Low	t			1
42	2021-06-10 06:42:03.008+03		PR243.Low	t			1
43	2021-06-10 06:42:03.008+03		PR245.Low	t			1
44	2021-06-10 06:42:03.009+03		TR158.High	t			1
45	2021-06-10 06:42:03.009+03		TR159.High	t			1
46	2021-06-10 06:42:19.138+03		UV-207.ALARM=ЗАКР	t			1
47	2021-06-10 06:42:22.134+03		TR158.High	f			1
48	2021-06-10 06:42:22.134+03		TR159.High	f			1
49	2021-06-10 06:42:22.134+03		BS-225.ALARM=Не горит	t			1
50	2021-06-10 06:42:22.134+03		BS-223.ALARM=Не горит	t			1
51	2021-06-10 06:42:22.134+03		BS-222.ALARM=Не горит	t			1
52	2021-06-10 06:42:22.134+03		BS-221.ALARM=Не горит	t			1
53	2021-06-10 06:42:22.134+03		BS-220.ALARM=Не горит	t			1
54	2021-06-10 06:42:22.134+03		BS-219.ALARM=Не горит	t			1
55	2021-06-10 06:42:22.134+03		BS-218.ALARM=Не горит	t			1
56	2021-06-10 06:42:22.134+03		BS-217.ALARM=Не горит	t			1
57	2021-06-10 06:42:22.134+03		BS-216.ALARM=Не горит	t			1
58	2021-06-10 06:42:22.134+03		BS-215.ALARM=Не горит	t			1
59	2021-06-10 06:42:22.134+03		BS-214.ALARM=Не горит	t			1
60	2021-06-10 06:42:22.134+03		BS-213.ALARM=Не горит	t			1
61	2021-06-10 06:42:22.134+03		BS-212.ALARM=Не горит	t			1
62	2021-06-10 06:42:22.134+03		BS-211.ALARM=Не горит	t			1
63	2021-06-10 06:42:22.134+03		BS-210.ALARM=Не горит	t			1
64	2021-06-10 06:42:22.134+03		BS-209.ALARM=Не горит	t			1
65	2021-06-10 06:42:22.134+03		BS-208.ALARM=Не горит	t			1
66	2021-06-10 06:42:22.134+03		BS-207.ALARM=Не горит	t			1
67	2021-06-10 06:42:22.134+03		BS-206.ALARM=Не горит	t			1
68	2021-06-10 06:42:22.134+03		BS-205.ALARM=Не горит	t			1
69	2021-06-10 06:42:22.134+03		BS-204.ALARM=Не горит	t			1
70	2021-06-10 06:42:22.134+03		BS-202.ALARM=Не горит	t			1
71	2021-06-10 06:42:22.134+03		BS-201.ALARM=Не горит	t			1
72	2021-06-10 06:42:22.134+03		BS-203.ALARM=Не горит	t			1
73	2021-06-10 06:42:24.126+03		TR160.High	t			1
74	2021-06-10 06:42:33.17+03		TSH129.High	f			1
75	2021-06-10 06:42:33.17+03		TSH136.PVHighHigh	f			1
76	2021-06-10 06:42:48.293+03		TSH133.High	f			1
77	2021-06-10 06:42:55.324+03		TSH136.High	f			1
78	2021-06-10 06:43:06.427+03		TR160.High	f			1
79	2021-06-10 06:43:24.004+03		PSL205.PVLowLow	t			1
80	2021-06-10 06:43:24.41+03		ПК-1.ALARM=ВЫКЛ	t			1
81	2021-06-10 06:43:24.608+03		FR303.Low	t			1
82	2021-06-10 06:43:24.608+03		FR303.PVLowLow	t			1
83	2021-06-10 06:43:24.608+03		PSL205.PVLowLow	f			1
\.


--
-- Data for Name: UnitEventsIntervals; Type: TABLE DATA; Schema: public; Owner: postgres
--

COPY public."UnitEventsIntervals" ("Id", "Title", "StartTimeUtc", "EndTimeUtc", "UnitId") FROM stdin;
1	Example1 DeltaSim Logs.csv	2021-06-10 06:37:35.562+03	2021-06-10 06:43:24.608+03	1
\.


--
-- Data for Name: Units; Type: TABLE DATA; Schema: public; Owner: postgres
--

COPY public."Units" ("Id", "Title", "Desc", "ActiveProjectId") FROM stdin;
1	АВТ-6	Установка АВТ-6	2
2	Гидроочистка	Гидроочистка дизельных топлив	1
\.


--
-- Name: ActuatorParam_Id_seq; Type: SEQUENCE SET; Schema: public; Owner: postgres
--

SELECT pg_catalog.setval('public."ActuatorParam_Id_seq"', 1, false);


--
-- Name: BaseActuatorParam_Id_seq; Type: SEQUENCE SET; Schema: public; Owner: postgres
--

SELECT pg_catalog.setval('public."BaseActuatorParam_Id_seq"', 3, true);


--
-- Name: BaseActuatorTypes_Id_seq; Type: SEQUENCE SET; Schema: public; Owner: postgres
--

SELECT pg_catalog.setval('public."BaseActuatorTypes_Id_seq"', 3, true);


--
-- Name: BaseActuators_Id_seq; Type: SEQUENCE SET; Schema: public; Owner: postgres
--

SELECT pg_catalog.setval('public."BaseActuators_Id_seq"', 3, true);


--
-- Name: CauseResults_Id_seq; Type: SEQUENCE SET; Schema: public; Owner: postgres
--

SELECT pg_catalog.setval('public."CauseResults_Id_seq"', 71, true);


--
-- Name: Causes_Id_seq; Type: SEQUENCE SET; Schema: public; Owner: postgres
--

SELECT pg_catalog.setval('public."Causes_Id_seq"', 71, true);


--
-- Name: CeMatrices_Id_seq; Type: SEQUENCE SET; Schema: public; Owner: postgres
--

SELECT pg_catalog.setval('public."CeMatrices_Id_seq"', 2, true);


--
-- Name: CeMatrixResuls_Id_seq; Type: SEQUENCE SET; Schema: public; Owner: postgres
--

SELECT pg_catalog.setval('public."CeMatrixResuls_Id_seq"', 2, true);


--
-- Name: DbFile_Id_seq; Type: SEQUENCE SET; Schema: public; Owner: postgres
--

SELECT pg_catalog.setval('public."DbFile_Id_seq"', 1, false);


--
-- Name: EffectResults_Id_seq; Type: SEQUENCE SET; Schema: public; Owner: postgres
--

SELECT pg_catalog.setval('public."EffectResults_Id_seq"', 45, true);


--
-- Name: Effects_Id_seq; Type: SEQUENCE SET; Schema: public; Owner: postgres
--

SELECT pg_catalog.setval('public."Effects_Id_seq"', 45, true);


--
-- Name: EngineeringUnits_Id_seq; Type: SEQUENCE SET; Schema: public; Owner: postgres
--

SELECT pg_catalog.setval('public."EngineeringUnits_Id_seq"', 2, true);


--
-- Name: IntersectionResult_Id_seq; Type: SEQUENCE SET; Schema: public; Owner: postgres
--

SELECT pg_catalog.setval('public."IntersectionResult_Id_seq"', 289, true);


--
-- Name: Intersection_Id_seq; Type: SEQUENCE SET; Schema: public; Owner: postgres
--

SELECT pg_catalog.setval('public."Intersection_Id_seq"', 289, true);


--
-- Name: Jobs_Id_seq; Type: SEQUENCE SET; Schema: public; Owner: postgres
--

SELECT pg_catalog.setval('public."Jobs_Id_seq"', 1, false);


--
-- Name: Offices_Id_seq; Type: SEQUENCE SET; Schema: public; Owner: postgres
--

SELECT pg_catalog.setval('public."Offices_Id_seq"', 2, true);


--
-- Name: ProjectVersion_Id_seq; Type: SEQUENCE SET; Schema: public; Owner: postgres
--

SELECT pg_catalog.setval('public."ProjectVersion_Id_seq"', 3, true);


--
-- Name: Projects_Id_seq; Type: SEQUENCE SET; Schema: public; Owner: postgres
--

SELECT pg_catalog.setval('public."Projects_Id_seq"', 3, true);


--
-- Name: ResultEvent_Id_seq; Type: SEQUENCE SET; Schema: public; Owner: postgres
--

SELECT pg_catalog.setval('public."ResultEvent_Id_seq"', 58, true);


--
-- Name: Results_Id_seq; Type: SEQUENCE SET; Schema: public; Owner: postgres
--

SELECT pg_catalog.setval('public."Results_Id_seq"', 1, true);


--
-- Name: Section_Id_seq; Type: SEQUENCE SET; Schema: public; Owner: postgres
--

SELECT pg_catalog.setval('public."Section_Id_seq"', 1, false);


--
-- Name: SetActiveProjectVersionRequests_Id_seq; Type: SEQUENCE SET; Schema: public; Owner: postgres
--

SELECT pg_catalog.setval('public."SetActiveProjectVersionRequests_Id_seq"', 1, false);


--
-- Name: SimUsers_Id_seq; Type: SEQUENCE SET; Schema: public; Owner: postgres
--

SELECT pg_catalog.setval('public."SimUsers_Id_seq"', 1, true);


--
-- Name: StandardParam_Id_seq; Type: SEQUENCE SET; Schema: public; Owner: postgres
--

SELECT pg_catalog.setval('public."StandardParam_Id_seq"', 2, true);


--
-- Name: SubCauseResult_Id_seq; Type: SEQUENCE SET; Schema: public; Owner: postgres
--

SELECT pg_catalog.setval('public."SubCauseResult_Id_seq"', 72, true);


--
-- Name: SubCause_Id_seq; Type: SEQUENCE SET; Schema: public; Owner: postgres
--

SELECT pg_catalog.setval('public."SubCause_Id_seq"', 72, true);


--
-- Name: TagConditionElementNames_Id_seq; Type: SEQUENCE SET; Schema: public; Owner: postgres
--

SELECT pg_catalog.setval('public."TagConditionElementNames_Id_seq"', 5, true);


--
-- Name: TagCondition_Id_seq; Type: SEQUENCE SET; Schema: public; Owner: postgres
--

SELECT pg_catalog.setval('public."TagCondition_Id_seq"', 196, true);


--
-- Name: TagEvent_Id_seq; Type: SEQUENCE SET; Schema: public; Owner: postgres
--

SELECT pg_catalog.setval('public."TagEvent_Id_seq"', 21, true);


--
-- Name: TagParam_Id_seq; Type: SEQUENCE SET; Schema: public; Owner: postgres
--

SELECT pg_catalog.setval('public."TagParam_Id_seq"', 1, false);


--
-- Name: Tags_Id_seq; Type: SEQUENCE SET; Schema: public; Owner: postgres
--

SELECT pg_catalog.setval('public."Tags_Id_seq"', 144, true);


--
-- Name: UnitEventsIntervals_Id_seq; Type: SEQUENCE SET; Schema: public; Owner: postgres
--

SELECT pg_catalog.setval('public."UnitEventsIntervals_Id_seq"', 1, true);


--
-- Name: UnitEvents_Id_seq; Type: SEQUENCE SET; Schema: public; Owner: postgres
--

SELECT pg_catalog.setval('public."UnitEvents_Id_seq"', 83, true);


--
-- Name: Units_Id_seq; Type: SEQUENCE SET; Schema: public; Owner: postgres
--

SELECT pg_catalog.setval('public."Units_Id_seq"', 2, true);


--
-- Name: ActuatorParam PK_ActuatorParam; Type: CONSTRAINT; Schema: public; Owner: postgres
--

ALTER TABLE ONLY public."ActuatorParam"
    ADD CONSTRAINT "PK_ActuatorParam" PRIMARY KEY ("Id");


--
-- Name: BaseActuatorParam PK_BaseActuatorParam; Type: CONSTRAINT; Schema: public; Owner: postgres
--

ALTER TABLE ONLY public."BaseActuatorParam"
    ADD CONSTRAINT "PK_BaseActuatorParam" PRIMARY KEY ("Id");


--
-- Name: BaseActuatorTypes PK_BaseActuatorTypes; Type: CONSTRAINT; Schema: public; Owner: postgres
--

ALTER TABLE ONLY public."BaseActuatorTypes"
    ADD CONSTRAINT "PK_BaseActuatorTypes" PRIMARY KEY ("Id");


--
-- Name: BaseActuators PK_BaseActuators; Type: CONSTRAINT; Schema: public; Owner: postgres
--

ALTER TABLE ONLY public."BaseActuators"
    ADD CONSTRAINT "PK_BaseActuators" PRIMARY KEY ("Id");


--
-- Name: CauseResults PK_CauseResults; Type: CONSTRAINT; Schema: public; Owner: postgres
--

ALTER TABLE ONLY public."CauseResults"
    ADD CONSTRAINT "PK_CauseResults" PRIMARY KEY ("Id");


--
-- Name: Causes PK_Causes; Type: CONSTRAINT; Schema: public; Owner: postgres
--

ALTER TABLE ONLY public."Causes"
    ADD CONSTRAINT "PK_Causes" PRIMARY KEY ("Id");


--
-- Name: CeMatrices PK_CeMatrices; Type: CONSTRAINT; Schema: public; Owner: postgres
--

ALTER TABLE ONLY public."CeMatrices"
    ADD CONSTRAINT "PK_CeMatrices" PRIMARY KEY ("Id");


--
-- Name: CeMatrixResuls PK_CeMatrixResuls; Type: CONSTRAINT; Schema: public; Owner: postgres
--

ALTER TABLE ONLY public."CeMatrixResuls"
    ADD CONSTRAINT "PK_CeMatrixResuls" PRIMARY KEY ("Id");


--
-- Name: DbFile PK_DbFile; Type: CONSTRAINT; Schema: public; Owner: postgres
--

ALTER TABLE ONLY public."DbFile"
    ADD CONSTRAINT "PK_DbFile" PRIMARY KEY ("Id");


--
-- Name: EffectResults PK_EffectResults; Type: CONSTRAINT; Schema: public; Owner: postgres
--

ALTER TABLE ONLY public."EffectResults"
    ADD CONSTRAINT "PK_EffectResults" PRIMARY KEY ("Id");


--
-- Name: Effects PK_Effects; Type: CONSTRAINT; Schema: public; Owner: postgres
--

ALTER TABLE ONLY public."Effects"
    ADD CONSTRAINT "PK_Effects" PRIMARY KEY ("Id");


--
-- Name: EngineeringUnits PK_EngineeringUnits; Type: CONSTRAINT; Schema: public; Owner: postgres
--

ALTER TABLE ONLY public."EngineeringUnits"
    ADD CONSTRAINT "PK_EngineeringUnits" PRIMARY KEY ("Id");


--
-- Name: Intersection PK_Intersection; Type: CONSTRAINT; Schema: public; Owner: postgres
--

ALTER TABLE ONLY public."Intersection"
    ADD CONSTRAINT "PK_Intersection" PRIMARY KEY ("Id");


--
-- Name: IntersectionResult PK_IntersectionResult; Type: CONSTRAINT; Schema: public; Owner: postgres
--

ALTER TABLE ONLY public."IntersectionResult"
    ADD CONSTRAINT "PK_IntersectionResult" PRIMARY KEY ("Id");


--
-- Name: Jobs PK_Jobs; Type: CONSTRAINT; Schema: public; Owner: postgres
--

ALTER TABLE ONLY public."Jobs"
    ADD CONSTRAINT "PK_Jobs" PRIMARY KEY ("Id");


--
-- Name: Offices PK_Offices; Type: CONSTRAINT; Schema: public; Owner: postgres
--

ALTER TABLE ONLY public."Offices"
    ADD CONSTRAINT "PK_Offices" PRIMARY KEY ("Id");


--
-- Name: ProjectVersion PK_ProjectVersion; Type: CONSTRAINT; Schema: public; Owner: postgres
--

ALTER TABLE ONLY public."ProjectVersion"
    ADD CONSTRAINT "PK_ProjectVersion" PRIMARY KEY ("Id");


--
-- Name: Projects PK_Projects; Type: CONSTRAINT; Schema: public; Owner: postgres
--

ALTER TABLE ONLY public."Projects"
    ADD CONSTRAINT "PK_Projects" PRIMARY KEY ("Id");


--
-- Name: ResultEvent PK_ResultEvent; Type: CONSTRAINT; Schema: public; Owner: postgres
--

ALTER TABLE ONLY public."ResultEvent"
    ADD CONSTRAINT "PK_ResultEvent" PRIMARY KEY ("Id");


--
-- Name: Results PK_Results; Type: CONSTRAINT; Schema: public; Owner: postgres
--

ALTER TABLE ONLY public."Results"
    ADD CONSTRAINT "PK_Results" PRIMARY KEY ("Id");


--
-- Name: Section PK_Section; Type: CONSTRAINT; Schema: public; Owner: postgres
--

ALTER TABLE ONLY public."Section"
    ADD CONSTRAINT "PK_Section" PRIMARY KEY ("Id");


--
-- Name: SetActiveProjectVersionRequests PK_SetActiveProjectVersionRequests; Type: CONSTRAINT; Schema: public; Owner: postgres
--

ALTER TABLE ONLY public."SetActiveProjectVersionRequests"
    ADD CONSTRAINT "PK_SetActiveProjectVersionRequests" PRIMARY KEY ("Id");


--
-- Name: SimUsers PK_SimUsers; Type: CONSTRAINT; Schema: public; Owner: postgres
--

ALTER TABLE ONLY public."SimUsers"
    ADD CONSTRAINT "PK_SimUsers" PRIMARY KEY ("Id");


--
-- Name: StandardParam PK_StandardParam; Type: CONSTRAINT; Schema: public; Owner: postgres
--

ALTER TABLE ONLY public."StandardParam"
    ADD CONSTRAINT "PK_StandardParam" PRIMARY KEY ("Id");


--
-- Name: SubCause PK_SubCause; Type: CONSTRAINT; Schema: public; Owner: postgres
--

ALTER TABLE ONLY public."SubCause"
    ADD CONSTRAINT "PK_SubCause" PRIMARY KEY ("Id");


--
-- Name: SubCauseResult PK_SubCauseResult; Type: CONSTRAINT; Schema: public; Owner: postgres
--

ALTER TABLE ONLY public."SubCauseResult"
    ADD CONSTRAINT "PK_SubCauseResult" PRIMARY KEY ("Id");


--
-- Name: TagCondition PK_TagCondition; Type: CONSTRAINT; Schema: public; Owner: postgres
--

ALTER TABLE ONLY public."TagCondition"
    ADD CONSTRAINT "PK_TagCondition" PRIMARY KEY ("Id");


--
-- Name: TagConditionElementNames PK_TagConditionElementNames; Type: CONSTRAINT; Schema: public; Owner: postgres
--

ALTER TABLE ONLY public."TagConditionElementNames"
    ADD CONSTRAINT "PK_TagConditionElementNames" PRIMARY KEY ("Id");


--
-- Name: TagEvent PK_TagEvent; Type: CONSTRAINT; Schema: public; Owner: postgres
--

ALTER TABLE ONLY public."TagEvent"
    ADD CONSTRAINT "PK_TagEvent" PRIMARY KEY ("Id");


--
-- Name: TagParam PK_TagParam; Type: CONSTRAINT; Schema: public; Owner: postgres
--

ALTER TABLE ONLY public."TagParam"
    ADD CONSTRAINT "PK_TagParam" PRIMARY KEY ("Id");


--
-- Name: Tags PK_Tags; Type: CONSTRAINT; Schema: public; Owner: postgres
--

ALTER TABLE ONLY public."Tags"
    ADD CONSTRAINT "PK_Tags" PRIMARY KEY ("Id");


--
-- Name: UnitEvents PK_UnitEvents; Type: CONSTRAINT; Schema: public; Owner: postgres
--

ALTER TABLE ONLY public."UnitEvents"
    ADD CONSTRAINT "PK_UnitEvents" PRIMARY KEY ("Id");


--
-- Name: UnitEventsIntervals PK_UnitEventsIntervals; Type: CONSTRAINT; Schema: public; Owner: postgres
--

ALTER TABLE ONLY public."UnitEventsIntervals"
    ADD CONSTRAINT "PK_UnitEventsIntervals" PRIMARY KEY ("Id");


--
-- Name: Units PK_Units; Type: CONSTRAINT; Schema: public; Owner: postgres
--

ALTER TABLE ONLY public."Units"
    ADD CONSTRAINT "PK_Units" PRIMARY KEY ("Id");


--
-- Name: IX_ActuatorParam_TagId; Type: INDEX; Schema: public; Owner: postgres
--

CREATE INDEX "IX_ActuatorParam_TagId" ON public."ActuatorParam" USING btree ("TagId");


--
-- Name: IX_BaseActuatorParam_BaseActuatorId; Type: INDEX; Schema: public; Owner: postgres
--

CREATE INDEX "IX_BaseActuatorParam_BaseActuatorId" ON public."BaseActuatorParam" USING btree ("BaseActuatorId");


--
-- Name: IX_BaseActuators_BaseActuatorTypeId; Type: INDEX; Schema: public; Owner: postgres
--

CREATE INDEX "IX_BaseActuators_BaseActuatorTypeId" ON public."BaseActuators" USING btree ("BaseActuatorTypeId");


--
-- Name: IX_BaseActuators_ProjectId; Type: INDEX; Schema: public; Owner: postgres
--

CREATE INDEX "IX_BaseActuators_ProjectId" ON public."BaseActuators" USING btree ("ProjectId");


--
-- Name: IX_CauseResults_CeMatrixResultId; Type: INDEX; Schema: public; Owner: postgres
--

CREATE INDEX "IX_CauseResults_CeMatrixResultId" ON public."CauseResults" USING btree ("CeMatrixResultId");


--
-- Name: IX_Causes_CeMatrixId; Type: INDEX; Schema: public; Owner: postgres
--

CREATE INDEX "IX_Causes_CeMatrixId" ON public."Causes" USING btree ("CeMatrixId");


--
-- Name: IX_CeMatrices_ProjectId; Type: INDEX; Schema: public; Owner: postgres
--

CREATE INDEX "IX_CeMatrices_ProjectId" ON public."CeMatrices" USING btree ("ProjectId");


--
-- Name: IX_CeMatrixResuls_ResultId; Type: INDEX; Schema: public; Owner: postgres
--

CREATE INDEX "IX_CeMatrixResuls_ResultId" ON public."CeMatrixResuls" USING btree ("ResultId");


--
-- Name: IX_DbFile_ProjectVersionId; Type: INDEX; Schema: public; Owner: postgres
--

CREATE INDEX "IX_DbFile_ProjectVersionId" ON public."DbFile" USING btree ("ProjectVersionId");


--
-- Name: IX_EffectResults_CeMatrixResultId; Type: INDEX; Schema: public; Owner: postgres
--

CREATE INDEX "IX_EffectResults_CeMatrixResultId" ON public."EffectResults" USING btree ("CeMatrixResultId");


--
-- Name: IX_Effects_CeMatrixId; Type: INDEX; Schema: public; Owner: postgres
--

CREATE INDEX "IX_Effects_CeMatrixId" ON public."Effects" USING btree ("CeMatrixId");


--
-- Name: IX_IntersectionResult_CauseResultId; Type: INDEX; Schema: public; Owner: postgres
--

CREATE INDEX "IX_IntersectionResult_CauseResultId" ON public."IntersectionResult" USING btree ("CauseResultId");


--
-- Name: IX_IntersectionResult_CeMatrixResultId; Type: INDEX; Schema: public; Owner: postgres
--

CREATE INDEX "IX_IntersectionResult_CeMatrixResultId" ON public."IntersectionResult" USING btree ("CeMatrixResultId");


--
-- Name: IX_IntersectionResult_EffectResultId; Type: INDEX; Schema: public; Owner: postgres
--

CREATE INDEX "IX_IntersectionResult_EffectResultId" ON public."IntersectionResult" USING btree ("EffectResultId");


--
-- Name: IX_Intersection_CauseId; Type: INDEX; Schema: public; Owner: postgres
--

CREATE INDEX "IX_Intersection_CauseId" ON public."Intersection" USING btree ("CauseId");


--
-- Name: IX_Intersection_CeMatrixId; Type: INDEX; Schema: public; Owner: postgres
--

CREATE INDEX "IX_Intersection_CeMatrixId" ON public."Intersection" USING btree ("CeMatrixId");


--
-- Name: IX_Intersection_EffectId; Type: INDEX; Schema: public; Owner: postgres
--

CREATE INDEX "IX_Intersection_EffectId" ON public."Intersection" USING btree ("EffectId");


--
-- Name: IX_ProjectVersion_ProjectId; Type: INDEX; Schema: public; Owner: postgres
--

CREATE INDEX "IX_ProjectVersion_ProjectId" ON public."ProjectVersion" USING btree ("ProjectId");


--
-- Name: IX_Projects_ActiveProjectVersionId; Type: INDEX; Schema: public; Owner: postgres
--

CREATE INDEX "IX_Projects_ActiveProjectVersionId" ON public."Projects" USING btree ("ActiveProjectVersionId");


--
-- Name: IX_Projects_UnitId; Type: INDEX; Schema: public; Owner: postgres
--

CREATE INDEX "IX_Projects_UnitId" ON public."Projects" USING btree ("UnitId");


--
-- Name: IX_ResultEvent_ResultId; Type: INDEX; Schema: public; Owner: postgres
--

CREATE INDEX "IX_ResultEvent_ResultId" ON public."ResultEvent" USING btree ("ResultId");


--
-- Name: IX_Results_UnitId; Type: INDEX; Schema: public; Owner: postgres
--

CREATE INDEX "IX_Results_UnitId" ON public."Results" USING btree ("UnitId");


--
-- Name: IX_Section_ParentSectionId; Type: INDEX; Schema: public; Owner: postgres
--

CREATE INDEX "IX_Section_ParentSectionId" ON public."Section" USING btree ("ParentSectionId");


--
-- Name: IX_Section_UnitId; Type: INDEX; Schema: public; Owner: postgres
--

CREATE INDEX "IX_Section_UnitId" ON public."Section" USING btree ("UnitId");


--
-- Name: IX_SetActiveProjectVersionRequests_RequestedActiveProjectVersi~; Type: INDEX; Schema: public; Owner: postgres
--

CREATE INDEX "IX_SetActiveProjectVersionRequests_RequestedActiveProjectVersi~" ON public."SetActiveProjectVersionRequests" USING btree ("RequestedActiveProjectVersionId");


--
-- Name: IX_SimUsers_OfficeId; Type: INDEX; Schema: public; Owner: postgres
--

CREATE INDEX "IX_SimUsers_OfficeId" ON public."SimUsers" USING btree ("OfficeId");


--
-- Name: IX_StandardParam_BaseActuatorTypeId; Type: INDEX; Schema: public; Owner: postgres
--

CREATE INDEX "IX_StandardParam_BaseActuatorTypeId" ON public."StandardParam" USING btree ("BaseActuatorTypeId");


--
-- Name: IX_SubCauseResult_CauseResultId; Type: INDEX; Schema: public; Owner: postgres
--

CREATE INDEX "IX_SubCauseResult_CauseResultId" ON public."SubCauseResult" USING btree ("CauseResultId");


--
-- Name: IX_SubCause_CauseId; Type: INDEX; Schema: public; Owner: postgres
--

CREATE INDEX "IX_SubCause_CauseId" ON public."SubCause" USING btree ("CauseId");


--
-- Name: IX_TagCondition_TagId; Type: INDEX; Schema: public; Owner: postgres
--

CREATE INDEX "IX_TagCondition_TagId" ON public."TagCondition" USING btree ("TagId");


--
-- Name: IX_TagEvent_TagId; Type: INDEX; Schema: public; Owner: postgres
--

CREATE INDEX "IX_TagEvent_TagId" ON public."TagEvent" USING btree ("TagId");


--
-- Name: IX_TagParam_TagId; Type: INDEX; Schema: public; Owner: postgres
--

CREATE INDEX "IX_TagParam_TagId" ON public."TagParam" USING btree ("TagId");


--
-- Name: IX_Tags_BaseActuatorId; Type: INDEX; Schema: public; Owner: postgres
--

CREATE INDEX "IX_Tags_BaseActuatorId" ON public."Tags" USING btree ("BaseActuatorId");


--
-- Name: IX_Tags_ProjectId; Type: INDEX; Schema: public; Owner: postgres
--

CREATE INDEX "IX_Tags_ProjectId" ON public."Tags" USING btree ("ProjectId");


--
-- Name: IX_Tags_TagName; Type: INDEX; Schema: public; Owner: postgres
--

CREATE INDEX "IX_Tags_TagName" ON public."Tags" USING btree ("TagName");


--
-- Name: IX_UnitEventsIntervals_UnitId; Type: INDEX; Schema: public; Owner: postgres
--

CREATE INDEX "IX_UnitEventsIntervals_UnitId" ON public."UnitEventsIntervals" USING btree ("UnitId");


--
-- Name: IX_UnitEvents_UnitEventsIntervalId; Type: INDEX; Schema: public; Owner: postgres
--

CREATE INDEX "IX_UnitEvents_UnitEventsIntervalId" ON public."UnitEvents" USING btree ("UnitEventsIntervalId");


--
-- Name: IX_Units_ActiveProjectId; Type: INDEX; Schema: public; Owner: postgres
--

CREATE INDEX "IX_Units_ActiveProjectId" ON public."Units" USING btree ("ActiveProjectId");


--
-- Name: ActuatorParam FK_ActuatorParam_Tags_TagId; Type: FK CONSTRAINT; Schema: public; Owner: postgres
--

ALTER TABLE ONLY public."ActuatorParam"
    ADD CONSTRAINT "FK_ActuatorParam_Tags_TagId" FOREIGN KEY ("TagId") REFERENCES public."Tags"("Id") ON DELETE CASCADE;


--
-- Name: BaseActuatorParam FK_BaseActuatorParam_BaseActuators_BaseActuatorId; Type: FK CONSTRAINT; Schema: public; Owner: postgres
--

ALTER TABLE ONLY public."BaseActuatorParam"
    ADD CONSTRAINT "FK_BaseActuatorParam_BaseActuators_BaseActuatorId" FOREIGN KEY ("BaseActuatorId") REFERENCES public."BaseActuators"("Id") ON DELETE CASCADE;


--
-- Name: BaseActuators FK_BaseActuators_BaseActuatorTypes_BaseActuatorTypeId; Type: FK CONSTRAINT; Schema: public; Owner: postgres
--

ALTER TABLE ONLY public."BaseActuators"
    ADD CONSTRAINT "FK_BaseActuators_BaseActuatorTypes_BaseActuatorTypeId" FOREIGN KEY ("BaseActuatorTypeId") REFERENCES public."BaseActuatorTypes"("Id") ON DELETE CASCADE;


--
-- Name: BaseActuators FK_BaseActuators_Projects_ProjectId; Type: FK CONSTRAINT; Schema: public; Owner: postgres
--

ALTER TABLE ONLY public."BaseActuators"
    ADD CONSTRAINT "FK_BaseActuators_Projects_ProjectId" FOREIGN KEY ("ProjectId") REFERENCES public."Projects"("Id") ON DELETE CASCADE;


--
-- Name: CauseResults FK_CauseResults_CeMatrixResuls_CeMatrixResultId; Type: FK CONSTRAINT; Schema: public; Owner: postgres
--

ALTER TABLE ONLY public."CauseResults"
    ADD CONSTRAINT "FK_CauseResults_CeMatrixResuls_CeMatrixResultId" FOREIGN KEY ("CeMatrixResultId") REFERENCES public."CeMatrixResuls"("Id") ON DELETE CASCADE;


--
-- Name: Causes FK_Causes_CeMatrices_CeMatrixId; Type: FK CONSTRAINT; Schema: public; Owner: postgres
--

ALTER TABLE ONLY public."Causes"
    ADD CONSTRAINT "FK_Causes_CeMatrices_CeMatrixId" FOREIGN KEY ("CeMatrixId") REFERENCES public."CeMatrices"("Id") ON DELETE CASCADE;


--
-- Name: CeMatrices FK_CeMatrices_Projects_ProjectId; Type: FK CONSTRAINT; Schema: public; Owner: postgres
--

ALTER TABLE ONLY public."CeMatrices"
    ADD CONSTRAINT "FK_CeMatrices_Projects_ProjectId" FOREIGN KEY ("ProjectId") REFERENCES public."Projects"("Id") ON DELETE CASCADE;


--
-- Name: CeMatrixResuls FK_CeMatrixResuls_Results_ResultId; Type: FK CONSTRAINT; Schema: public; Owner: postgres
--

ALTER TABLE ONLY public."CeMatrixResuls"
    ADD CONSTRAINT "FK_CeMatrixResuls_Results_ResultId" FOREIGN KEY ("ResultId") REFERENCES public."Results"("Id") ON DELETE CASCADE;


--
-- Name: DbFile FK_DbFile_ProjectVersion_ProjectVersionId; Type: FK CONSTRAINT; Schema: public; Owner: postgres
--

ALTER TABLE ONLY public."DbFile"
    ADD CONSTRAINT "FK_DbFile_ProjectVersion_ProjectVersionId" FOREIGN KEY ("ProjectVersionId") REFERENCES public."ProjectVersion"("Id");


--
-- Name: EffectResults FK_EffectResults_CeMatrixResuls_CeMatrixResultId; Type: FK CONSTRAINT; Schema: public; Owner: postgres
--

ALTER TABLE ONLY public."EffectResults"
    ADD CONSTRAINT "FK_EffectResults_CeMatrixResuls_CeMatrixResultId" FOREIGN KEY ("CeMatrixResultId") REFERENCES public."CeMatrixResuls"("Id") ON DELETE CASCADE;


--
-- Name: Effects FK_Effects_CeMatrices_CeMatrixId; Type: FK CONSTRAINT; Schema: public; Owner: postgres
--

ALTER TABLE ONLY public."Effects"
    ADD CONSTRAINT "FK_Effects_CeMatrices_CeMatrixId" FOREIGN KEY ("CeMatrixId") REFERENCES public."CeMatrices"("Id") ON DELETE CASCADE;


--
-- Name: IntersectionResult FK_IntersectionResult_CauseResults_CauseResultId; Type: FK CONSTRAINT; Schema: public; Owner: postgres
--

ALTER TABLE ONLY public."IntersectionResult"
    ADD CONSTRAINT "FK_IntersectionResult_CauseResults_CauseResultId" FOREIGN KEY ("CauseResultId") REFERENCES public."CauseResults"("Id") ON DELETE CASCADE;


--
-- Name: IntersectionResult FK_IntersectionResult_CeMatrixResuls_CeMatrixResultId; Type: FK CONSTRAINT; Schema: public; Owner: postgres
--

ALTER TABLE ONLY public."IntersectionResult"
    ADD CONSTRAINT "FK_IntersectionResult_CeMatrixResuls_CeMatrixResultId" FOREIGN KEY ("CeMatrixResultId") REFERENCES public."CeMatrixResuls"("Id") ON DELETE CASCADE;


--
-- Name: IntersectionResult FK_IntersectionResult_EffectResults_EffectResultId; Type: FK CONSTRAINT; Schema: public; Owner: postgres
--

ALTER TABLE ONLY public."IntersectionResult"
    ADD CONSTRAINT "FK_IntersectionResult_EffectResults_EffectResultId" FOREIGN KEY ("EffectResultId") REFERENCES public."EffectResults"("Id") ON DELETE CASCADE;


--
-- Name: Intersection FK_Intersection_Causes_CauseId; Type: FK CONSTRAINT; Schema: public; Owner: postgres
--

ALTER TABLE ONLY public."Intersection"
    ADD CONSTRAINT "FK_Intersection_Causes_CauseId" FOREIGN KEY ("CauseId") REFERENCES public."Causes"("Id") ON DELETE CASCADE;


--
-- Name: Intersection FK_Intersection_CeMatrices_CeMatrixId; Type: FK CONSTRAINT; Schema: public; Owner: postgres
--

ALTER TABLE ONLY public."Intersection"
    ADD CONSTRAINT "FK_Intersection_CeMatrices_CeMatrixId" FOREIGN KEY ("CeMatrixId") REFERENCES public."CeMatrices"("Id") ON DELETE CASCADE;


--
-- Name: Intersection FK_Intersection_Effects_EffectId; Type: FK CONSTRAINT; Schema: public; Owner: postgres
--

ALTER TABLE ONLY public."Intersection"
    ADD CONSTRAINT "FK_Intersection_Effects_EffectId" FOREIGN KEY ("EffectId") REFERENCES public."Effects"("Id") ON DELETE CASCADE;


--
-- Name: ProjectVersion FK_ProjectVersion_Projects_ProjectId; Type: FK CONSTRAINT; Schema: public; Owner: postgres
--

ALTER TABLE ONLY public."ProjectVersion"
    ADD CONSTRAINT "FK_ProjectVersion_Projects_ProjectId" FOREIGN KEY ("ProjectId") REFERENCES public."Projects"("Id") ON DELETE CASCADE;


--
-- Name: Projects FK_Projects_ProjectVersion_ActiveProjectVersionId; Type: FK CONSTRAINT; Schema: public; Owner: postgres
--

ALTER TABLE ONLY public."Projects"
    ADD CONSTRAINT "FK_Projects_ProjectVersion_ActiveProjectVersionId" FOREIGN KEY ("ActiveProjectVersionId") REFERENCES public."ProjectVersion"("Id");


--
-- Name: Projects FK_Projects_Units_UnitId; Type: FK CONSTRAINT; Schema: public; Owner: postgres
--

ALTER TABLE ONLY public."Projects"
    ADD CONSTRAINT "FK_Projects_Units_UnitId" FOREIGN KEY ("UnitId") REFERENCES public."Units"("Id") ON DELETE CASCADE;


--
-- Name: ResultEvent FK_ResultEvent_Results_ResultId; Type: FK CONSTRAINT; Schema: public; Owner: postgres
--

ALTER TABLE ONLY public."ResultEvent"
    ADD CONSTRAINT "FK_ResultEvent_Results_ResultId" FOREIGN KEY ("ResultId") REFERENCES public."Results"("Id") ON DELETE CASCADE;


--
-- Name: Results FK_Results_Units_UnitId; Type: FK CONSTRAINT; Schema: public; Owner: postgres
--

ALTER TABLE ONLY public."Results"
    ADD CONSTRAINT "FK_Results_Units_UnitId" FOREIGN KEY ("UnitId") REFERENCES public."Units"("Id") ON DELETE CASCADE;


--
-- Name: Section FK_Section_Section_ParentSectionId; Type: FK CONSTRAINT; Schema: public; Owner: postgres
--

ALTER TABLE ONLY public."Section"
    ADD CONSTRAINT "FK_Section_Section_ParentSectionId" FOREIGN KEY ("ParentSectionId") REFERENCES public."Section"("Id");


--
-- Name: Section FK_Section_Units_UnitId; Type: FK CONSTRAINT; Schema: public; Owner: postgres
--

ALTER TABLE ONLY public."Section"
    ADD CONSTRAINT "FK_Section_Units_UnitId" FOREIGN KEY ("UnitId") REFERENCES public."Units"("Id") ON DELETE CASCADE;


--
-- Name: SetActiveProjectVersionRequests FK_SetActiveProjectVersionRequests_ProjectVersion_RequestedAct~; Type: FK CONSTRAINT; Schema: public; Owner: postgres
--

ALTER TABLE ONLY public."SetActiveProjectVersionRequests"
    ADD CONSTRAINT "FK_SetActiveProjectVersionRequests_ProjectVersion_RequestedAct~" FOREIGN KEY ("RequestedActiveProjectVersionId") REFERENCES public."ProjectVersion"("Id") ON DELETE CASCADE;


--
-- Name: SimUsers FK_SimUsers_Offices_OfficeId; Type: FK CONSTRAINT; Schema: public; Owner: postgres
--

ALTER TABLE ONLY public."SimUsers"
    ADD CONSTRAINT "FK_SimUsers_Offices_OfficeId" FOREIGN KEY ("OfficeId") REFERENCES public."Offices"("Id") ON DELETE CASCADE;


--
-- Name: StandardParam FK_StandardParam_BaseActuatorTypes_BaseActuatorTypeId; Type: FK CONSTRAINT; Schema: public; Owner: postgres
--

ALTER TABLE ONLY public."StandardParam"
    ADD CONSTRAINT "FK_StandardParam_BaseActuatorTypes_BaseActuatorTypeId" FOREIGN KEY ("BaseActuatorTypeId") REFERENCES public."BaseActuatorTypes"("Id");


--
-- Name: SubCauseResult FK_SubCauseResult_CauseResults_CauseResultId; Type: FK CONSTRAINT; Schema: public; Owner: postgres
--

ALTER TABLE ONLY public."SubCauseResult"
    ADD CONSTRAINT "FK_SubCauseResult_CauseResults_CauseResultId" FOREIGN KEY ("CauseResultId") REFERENCES public."CauseResults"("Id") ON DELETE CASCADE;


--
-- Name: SubCause FK_SubCause_Causes_CauseId; Type: FK CONSTRAINT; Schema: public; Owner: postgres
--

ALTER TABLE ONLY public."SubCause"
    ADD CONSTRAINT "FK_SubCause_Causes_CauseId" FOREIGN KEY ("CauseId") REFERENCES public."Causes"("Id") ON DELETE CASCADE;


--
-- Name: TagCondition FK_TagCondition_Tags_TagId; Type: FK CONSTRAINT; Schema: public; Owner: postgres
--

ALTER TABLE ONLY public."TagCondition"
    ADD CONSTRAINT "FK_TagCondition_Tags_TagId" FOREIGN KEY ("TagId") REFERENCES public."Tags"("Id") ON DELETE CASCADE;


--
-- Name: TagEvent FK_TagEvent_Tags_TagId; Type: FK CONSTRAINT; Schema: public; Owner: postgres
--

ALTER TABLE ONLY public."TagEvent"
    ADD CONSTRAINT "FK_TagEvent_Tags_TagId" FOREIGN KEY ("TagId") REFERENCES public."Tags"("Id");


--
-- Name: TagParam FK_TagParam_Tags_TagId; Type: FK CONSTRAINT; Schema: public; Owner: postgres
--

ALTER TABLE ONLY public."TagParam"
    ADD CONSTRAINT "FK_TagParam_Tags_TagId" FOREIGN KEY ("TagId") REFERENCES public."Tags"("Id") ON DELETE CASCADE;


--
-- Name: Tags FK_Tags_BaseActuators_BaseActuatorId; Type: FK CONSTRAINT; Schema: public; Owner: postgres
--

ALTER TABLE ONLY public."Tags"
    ADD CONSTRAINT "FK_Tags_BaseActuators_BaseActuatorId" FOREIGN KEY ("BaseActuatorId") REFERENCES public."BaseActuators"("Id") ON DELETE CASCADE;


--
-- Name: Tags FK_Tags_Projects_ProjectId; Type: FK CONSTRAINT; Schema: public; Owner: postgres
--

ALTER TABLE ONLY public."Tags"
    ADD CONSTRAINT "FK_Tags_Projects_ProjectId" FOREIGN KEY ("ProjectId") REFERENCES public."Projects"("Id") ON DELETE CASCADE;


--
-- Name: UnitEventsIntervals FK_UnitEventsIntervals_Units_UnitId; Type: FK CONSTRAINT; Schema: public; Owner: postgres
--

ALTER TABLE ONLY public."UnitEventsIntervals"
    ADD CONSTRAINT "FK_UnitEventsIntervals_Units_UnitId" FOREIGN KEY ("UnitId") REFERENCES public."Units"("Id") ON DELETE CASCADE;


--
-- Name: UnitEvents FK_UnitEvents_UnitEventsIntervals_UnitEventsIntervalId; Type: FK CONSTRAINT; Schema: public; Owner: postgres
--

ALTER TABLE ONLY public."UnitEvents"
    ADD CONSTRAINT "FK_UnitEvents_UnitEventsIntervals_UnitEventsIntervalId" FOREIGN KEY ("UnitEventsIntervalId") REFERENCES public."UnitEventsIntervals"("Id");


--
-- Name: Units FK_Units_Projects_ActiveProjectId; Type: FK CONSTRAINT; Schema: public; Owner: postgres
--

ALTER TABLE ONLY public."Units"
    ADD CONSTRAINT "FK_Units_Projects_ActiveProjectId" FOREIGN KEY ("ActiveProjectId") REFERENCES public."Projects"("Id");


--
-- PostgreSQL database dump complete
--

